# 解禁人物 (シナリオデータベース.tsv) JP -> EN, UI lane 2026-09-26 (item B, Q2361).
# Displayed behind the "Person: " caption AND compared as ナビ人物 == "<name>" about 25 times in
# 0000001C. Applied ONLY to the four files that read the column.
# NOT in this map: プレイヤー名 (0000001C index 79 uses it as a sentinel that means "print the
# player's own name", and the same string is a variable name at 21 other sites in that file) and
# ？？？？ (a placeholder, mapped to ???? in the per-file label maps instead).
古郡なつみ/五島絵梨奈	Natsumi Kogori/Erina Goto
新村夏菜/伊勢大二郎	Kana Niimura/Daijiro Ise
古郡なつみ	Natsumi Kogori
五島絵梨奈	Erina Goto
新村春花	Haruka Niimura
新村茅萱	Chigaya Niimura
古郡良治	Ryoji Kogori
新村美冬	Mifuyu Niimura
新村栄一郎	Eiichiro Niimura
新村サクラ	Sakura Niimura
五島桃子	Momoko Goto
古郡茜	Akane Kogori
皇子	the Prince
足軽	the ashigaru
内府	the Daifu
不明	unknown
