# UI lane 2026-09-26: document mode (memo pages, photo album).
スクロール速度 ×	Scroll speed x
\r\n撮影日時:	\r\nTaken on: 
\r\n\r\n写真名:(未登録)	\r\n\r\nPhoto name: (not set)
\r\n\r\n写真名:	\r\n\r\nPhoto name: 
\r\n\r\n\r\nあなたのコメント	\r\n\r\n\r\nYour comment
この写真を削除します。よろしいですか？	This deletes the photo. Is that all right?
自由にメモを記入して下さい（最大100文字）	Please write any note you like (100 characters maximum)
この写真の名前を変更します	Change the name of this photo
最大10文字,0,10,写真名一時保存,3	10 characters maximum,0,10,写真名一時保存,3
写真にタグ付します。	Tags the photo.
赤タグ	Red tag
青タグ	Blue tag
緑タグ	Green tag
特定のタグをつけたもののみ表示します。	Shows only the ones with a particular tag.
ドキュメントについて	About Document Mode
ドキュメントでは、プレイ中に記したメモ・写真を閲覧できます。\r\nメモ：\r\n・シナリオ中またはシナリオナビゲーターのメニューで記入可\r\n・1ページあたり1000文字まで。50ページ記入可能\r\n写真：\r\n・プレイ中にキーボードのCボタンを押すことでいつでもキャプチャ可能\r\n　（ただし、全角入力時及び文字入力中は撮影不可）\r\n・写真は最大100枚まで保存可能（アルバムメニューで消去可能）\r\n・写真には名前をつけたりメモを書いたりすることができる	In document mode you can look at the notes and photos you made while playing.\r\nNotes:\r\n- can be written during a scenario or from the scenario navigator menu\r\n- up to 1000 characters a page, 50 pages\r\nPhotos:\r\n- press the C key at any time while playing to capture one\r\n  (not while full-width input is on or while you are typing)\r\n- up to 100 photos are kept (they can be deleted from the album menu)\r\n- a photo can be given a name and a note
赤タグをどんなグループにするのか自由に記入して下さい	Please write what group the red tag is for
青タグをどんなグループにするのか自由に記入して下さい	Please write what group the blue tag is for
緑タグをどんなグループにするのか自由に記入して下さい	Please write what group the green tag is for
最大20文字,0,20,タグメモ一時保存,3	20 characters maximum,0,20,タグメモ一時保存,3
# BUG: tutorial caption advance (2026-09-26). Same ruling as Q2363: the fixed-pitch faces make
# English about twice as wide. PR_FONTNAME is a string, so it moves with the label map.
ＭＳ 明朝	ＭＳ Ｐ明朝
ＭＳ ゴシック	ＭＳ Ｐゴシック
