 残ポイント 	Left:  
　残ポイント 	Left:  
　閲覧日時：	  Viewed on:
\r\n\r\nギミック：	\r\n\r\nGimmick      :
\r\nが解禁しました。	\r\nhas been unlocked.
\r\n形式　　：	\r\nFormat       :
\r\n概要　　：	\r\nSummary      :
\r\n状態　　：	\r\nStatus       :
\r\n解禁シナリオ：	\r\nUnlock scenario:
\r\n閲覧人物：	\r\nViewed by:
アシスト:	Assist:
ギミック：	Gimmick:
このリファレンスはシナリオ形式です。シナリオを開始しますか？	This reference is in the scenario format. Will you start the scenario?
スクロール速度 ×	Scroll speed x
つ目のパーツを追加しますか？	?
ノード	Node 
マウスポインタを画面端に寄せるとスクロールします。\r\nところどころクリックできる場所があり、クリックするとより詳細な情報を得られます。\r\n・青ノード：未チェック\r\n・赤ノード：チェック済み\r\n・黄ノード：さらに追加情報あり(青ノードチェック後発生)\r\n何もない場所を左クリックすると、最寄りの青ノード箇所が、\r\n右クリックで赤または黄ノード箇所が矢印で表示されます。\r\n	Moving the mouse pointer to the edge of the screen scrolls the view.\r\nThere are places here and there that can be clicked, and clicking them gets you more detailed information.\r\n- Blue node: unchecked\r\n- Red node: checked\r\n- Yellow node: has further additional information (appears after a blue node is checked)\r\nLeft-clicking an empty place shows the nearest blue node spot with an arrow,\r\nand right-clicking shows the nearest red or yellow node spot.\r\n
ライティング:	Lighting:
リファレンス\r\nNo.	Reference\r\nNo.
不足しているパーツを追加できます。\r\nポイントを消費して	You can add the missing parts.\r\nWill you spend points to add part 
人物：	Person: 
個目のパーツを追加しますか？	?
右クリックで隣の未読リファレンスへ移動	Right-click to move to the next unread reference
右クリックで隣の未読リファレンスへ移動\r\n左クリックしたまま右クリックで\r\n隣の中断リファレンスへ移動	Right-click to move to the next unread reference\r\nHold left-click and right-click to\r\nmove to the next break-off reference
左クリックしたまま右クリックで\r\n隣の中断リファレンスへ移動	Hold left-click and right-click to\r\nmove to the next break-off reference
形式　　　：	Format       : 
必要ポイント 	Points needed 
必要ポイント　	Points needed 
戻らない	Do not go back	AddArray(
戻る	Back	AddArray(
文字	 characters
文字数：	Characters: 
日時：	Date/time:
残ポイント 	Left: 
紙部分を左クリックしっぱなしで、ポイントを消費して汚れを浄化していきます。\r\n必要ポイントが0になるまで続けると、鮮明な書簡になります。\r\n全ての汚れを完全に浄化する必要はありません。\r\n浄化が完了すると、さらに別の要素が出現することがあります。	Hold a left click on the paper to spend points and purify the stains.\r\nKeep going until the points needed reach 0 and the letter becomes clear.\r\nYou do not have to purify every stain completely.\r\nWhen the purification is complete, yet another element sometimes appears.
文字数　：	Characters   : 
ノード数：	Nodes        :
# UI lane 2026-09-26: the last gimmick caption. idx-targeted on purpose: the bare literal 移動 is
# also the DBLocate("項目", ...) key at index 3762, and the same word is inside MOVIE\移動.wmv and
# グラフィック\リファレンス\レポートギミック\移動.gal, so only the caption at index 3766 may change.
移動	Movement	idx:3766
# BUG: tutorial caption advance (2026-09-26). Same ruling as Q2363: the fixed-pitch faces make
# English about twice as wide. PR_FONTNAME is a string, so it moves with the label map.
ＭＳ 明朝	ＭＳ Ｐ明朝
# FIX1 2026-09-26 (F24, F26): reference status words. Every use (set, compare at 603/841/2647, the Caption name at 842)
# is inside 0000001E, so the whole-file replacement keeps them in step (snap-params: no other file has them).
閲覧不可	Not viewable
閲覧可	Viewable
未閲覧	Unviewed
閲覧中断	Broken off
完了	Complete
