# FIX1 2026-09-26: display literals of 0000189A (JP<TAB>EN<TAB>optional context). Object names, DB keys, tags,
# the /桜/ /立木/ /VAR/ placeholders and their later-part substitutions (死月妖花 / ネクロ / 『何者か』) are NOT mapped.
# 残ポイント: "Left: " is 6 characters like the JP; 0000189A idx 841-847 JCopy(...,7) the number back out.
残ポイント 	Left: 
あなたに興味がある	I'm interested in you
誰でもいいから話し相手が欲しかった	I wanted someone to talk to, anyone
もっとリラックスしてほしい	I want you to relax more
よろしく	Nice to meet you
　　雑談を終える	　　End chatter
他	and 
個	 more
――新しい話題が追加されました。――	―A new topic has been added.―
これまでの雑談	Chatter so far
新	New	idx:971.PR_TEXT
アイコン説明	Icon guide
！注意！	Caution!
この話題は1度しか選択することができません。\r\n本当にこの話題を選択しますか？	This topic can be selected only once.\r\nDo you really want to select this topic?
右クリックで話題新旧切り替え	Right-click to switch between new and old topics
解禁シナリオ：	Unlocked scenario: 
『	'
』	'
 ？？？？？？	 ??????
…… 	...
\r\n　　新村春花：	\r\n　　Haruka Niimura: 
\r\n　　立木三日：	\r\n　　Mika Tachiki: 
\r\n　　あなた　：	\r\n　　You: 
\r\n新村春花：	\r\nHaruka Niimura: 
\r\n立木三日：	\r\nMika Tachiki: 
\r\nあなた　：	\r\nYou: 
\r\n　　→解禁元話題：	\r\n　　→Unlocked by: 
\r\n　　→解禁先話題：	\r\n　　→Unlocks: 
\r\n　　→選択肢解禁元話題：	\r\n　　→Unlocked by a choice in: 
\r\n　　→選択解禁先話題：	\r\n　　→A choice unlocks: 
\r\n→解禁元話題：	\r\n→Unlocked by: 
\r\n→解禁先話題：	\r\n→Unlocks: 
\r\n→選択肢解禁元話題：	\r\n→Unlocked by a choice in: 
\r\n→選択解禁先話題：	\r\n→A choice unlocks: 
未選択の話題	Unselected topic
1度しか選択できない話題	A topic that can be selected only once
別の話題によって解禁された話題	A topic unlocked by another topic
別の話題を出現させる	Makes another topic appear
好感度が足りず選択できない話題	A topic that cannot be selected for lack of affection
特定のシナリオまで進めると選択できなくなる話題	A topic that can no longer be selected once a particular scenario is reached
特定の話題の特定の選択肢を選んだことで解禁した話題	A topic unlocked by selecting a particular choice in a particular topic
話題中に選択肢が登場する	Choices appear during the topic
話題中の選択により、好感度が変化する	Choices during the topic change affection
話題中の選択肢により、別の話題が出てくる	Choices during the topic bring out another topic
死月妖花	Shigatsu Youka
『何者か』	'someone'
ネクロ	Necro
