# UI lane 2026-09-26: reference-unlocked notification (six display strings, drawn from six sites).
リファレンスが解禁されました。\r\nNo.	A reference has been unlocked.\r\nNo.
リファレンスが解禁しました。\r\nNo.	A reference has been unlocked.\r\nNo.
　閲覧人物：	  Viewed by: 
\r\n閲覧日時：	\r\nViewed on: 
 形式:	 Format:
入手したリファレンスを今すぐ見ますか？	View the reference you obtained now?
左クリックまたはエンターキーを押してください。	Please left-click or press the Enter key.
左クリックでリファレンスへ\r\n直接移動します。	Left-click to move straight\r\nto the reference.
左クリックでこの通知を消去、\r\n右クリックで全通知を消去します。	Left-click to clear this notification,\r\nright-click to clear them all.
