いいえ	No
オートセーブチェックをする	Run the autosave check
ゲームを終了する（手動でゲームを再起動してください）	Quit the game (please restart the game manually)
シナリオナビゲーターへ移動します	Moves to the scenario navigator
シナリオ中に作成した中断データをロードします	Loads the break-off data created\r\nduring a scenario
チェックしない	Do not check
チェックしない（オートセーブの保証がされません）	Do not check (autosave will not be guaranteed)
チェックする	Check
はい	Yes
メモ・アルバムの閲覧・編集を行います	Views and edits the memo\r\nand the photo album
よろしく	I'm in your hands
二編目から開始する	Start from the second arc
全ての項目を了承していただきありがとうございます。\r\nそれでは、本編をお楽しみください。\r\n(次回より、了承事項は表示されません。)	Thank you for consenting to all of the items.\r\nThen, please enjoy the main story.\r\n(From next time, the consent items will not be displayed.)
参考資料となるリファレンスを閲覧します	Views the references, which serve\r\nas reference material
古いバージョンのセーブデータが使用されています。\r\nご使用中のセーブデータ save.datファイルを削除し、\r\n最初からやり直してください。	An old version of the save data is in use.\r\nPlease delete the save.dat file you are using and\r\nstart over from the beginning.
右クリックでクイックデータをロード	Right-click to load the quick data
最初からやり直す	Start over from the beginning
本作に登場する用語を閲覧します	Views the terms that appear in this work
案内人と雑談をします	Chatter with the guide
見た目変わった？	Did your look change?
# UI lane 2026-09-26: name-input dialog (文字列入力.lsb). Field 1 only; no comma allowed in it.
名前入力	Name Entry
あなたの名前を入力してください（8字以内）,1,8,プレイヤー名,6	Please enter your name (8 characters or fewer),1,8,プレイヤー名,6
ＭＳ 明朝	ＭＳ Ｐ明朝
