file	lines	jp_chars
0000001C.lsb	68	1213
0000001E.lsb	8	72
00000024.lsb	225	4422
000000F2.lsb	35	1129
000001DB.lsb	341	6493
000001DD.lsb	159	3757
000001DF.lsb	204	4536
000001E1.lsb	188	4285
000001E3.lsb	296	6990
000001E5.lsb	187	4444
000001E7.lsb	98	1938
0000020B.lsb	126	2904
0000020D.lsb	119	2773
000002F6.lsb	101	2677
000002F8.lsb	125	2820
000002FA.lsb	135	2668
0000033D.lsb	104	2082
0000034C.lsb	866	18182
00000366.lsb	113	2777
0000037D.lsb	99	2090
000003A8.lsb	31	618
000003AE.lsb	62	673
000003B4.lsb	30	1071
000003BC.lsb	20	339
00000460.lsb	50	1149
00000473.lsb	73	1992
00000488.lsb	141	3173
000004A7.lsb	111	2563
000004BB.lsb	118	2908
000004CF.lsb	157	3531
000004E3.lsb	278	5437
000004F9.lsb	145	3173
0000050E.lsb	187	3851
00000522.lsb	176	3590
00000538.lsb	195	4218
00000550.lsb	148	3711
00000564.lsb	205	4185
0000057B.lsb	100	2404
00000595.lsb	129	3078
000005AC.lsb	131	2666
000005C1.lsb	583	11799
000005D6.lsb	167	3365
000005EB.lsb	103	2073
00000600.lsb	107	2570
00000617.lsb	253	5494
0000062C.lsb	238	4996
00000641.lsb	187	3747
00000656.lsb	187	4163
0000066B.lsb	53	1127
00000682.lsb	225	5878
00000697.lsb	207	4855
000006B2.lsb	118	2840
000006C9.lsb	164	3836
000006E0.lsb	198	4952
000006F9.lsb	320	6831
00000716.lsb	123	3310
00000731.lsb	138	3470
00000749.lsb	117	3400
00000761.lsb	170	4151
00000779.lsb	155	3463
000007A5.lsb	185	4454
000007BC.lsb	319	6095
000007D3.lsb	371	7717
000007EA.lsb	262	5297
00000801.lsb	186	4296
00000818.lsb	252	5370
0000082F.lsb	231	4985
00000846.lsb	140	3614
0000085D.lsb	180	3727
00000874.lsb	116	2715
0000088B.lsb	161	3093
000008A2.lsb	198	5128
000008B9.lsb	303	6670
000008D0.lsb	260	5357
000008E8.lsb	361	6526
00000900.lsb	46	1285
00000916.lsb	150	3430
0000092D.lsb	161	3912
00000944.lsb	242	5204
0000095B.lsb	303	6153
00000972.lsb	224	4246
00000989.lsb	157	3221
000009A0.lsb	248	5116
000009B7.lsb	206	4133
000009CF.lsb	61	1397
000009E6.lsb	91	2128
000009FE.lsb	153	3285
00000A18.lsb	307	6336
00000A30.lsb	226	5282
00000A48.lsb	123	2723
00000A62.lsb	211	4750
00000A7C.lsb	141	2733
00000A94.lsb	213	4997
00000AAC.lsb	159	3868
00000AC4.lsb	179	4031
00000ADE.lsb	170	3650
00000AF7.lsb	149	3265
00000B0F.lsb	182	4880
00000B27.lsb	149	3557
00000B3F.lsb	128	2980
00000B57.lsb	222	5226
00000B6F.lsb	189	5142
00000B87.lsb	214	4886
00000B9F.lsb	341	6285
00000BB7.lsb	276	5930
00000BD6.lsb	129	3104
00000BED.lsb	188	3815
00000C08.lsb	194	4715
00000C21.lsb	136	4304
00000C38.lsb	101	2513
00000C50.lsb	136	3745
00000C68.lsb	156	4109
00000C81.lsb	81	1690
00000CB3.lsb	85	1666
00000CCA.lsb	17	345
00000CE3.lsb	221	5363
00000CFA.lsb	398	8866
00000D11.lsb	135	2814
00000D29.lsb	223	4934
00000D41.lsb	226	5049
00000D59.lsb	252	6153
00000D71.lsb	100	2351
00000D89.lsb	153	3367
00000DA1.lsb	223	6197
00000DB9.lsb	124	3313
00000DD1.lsb	186	4683
00000DE9.lsb	240	5239
00000E01.lsb	174	3734
00000E19.lsb	211	4118
00000E31.lsb	123	2530
00000E49.lsb	201	4310
00000E61.lsb	171	3622
00000E7B.lsb	2637	53639
00000E95.lsb	254	5608
00000EAF.lsb	2241	50276
00000EC7.lsb	283	6081
00000EDF.lsb	3080	56785
00000EF6.lsb	2717	55960
00000F0D.lsb	2717	57836
00000F24.lsb	3564	82224
00000F40.lsb	158	3394
00000F57.lsb	174	3351
00000F6F.lsb	197	3980
00000F87.lsb	352	6781
00000F9F.lsb	225	4421
00000FB7.lsb	224	4481
00000FCF.lsb	192	3205
00001039.lsb	10	202
0000104E.lsb	53	1114
00001073.lsb	43	1343
0000107B.lsb	263	6171
00001092.lsb	187	4469
000010AA.lsb	310	7279
000010C3.lsb	293	6538
000010DD.lsb	371	8305
000010F5.lsb	358	7791
0000110D.lsb	320	6875
00001124.lsb	294	7150
0000113D.lsb	147	3194
00001154.lsb	167	3874
0000116C.lsb	167	3546
00001184.lsb	172	4108
0000119C.lsb	301	7716
000011B4.lsb	249	6455
000011CC.lsb	228	5282
000011E3.lsb	227	5295
000011FA.lsb	42	965
00001214.lsb	270	5966
0000122E.lsb	112	2762
00001247.lsb	157	4233
0000125E.lsb	211	4503
0000127A.lsb	178	4226
00001295.lsb	195	4358
000012AD.lsb	75	1414
000012C5.lsb	250	6284
000012DE.lsb	97	2142
000012F5.lsb	186	5672
0000130D.lsb	172	4293
00001325.lsb	267	5062
0000133D.lsb	230	5404
00001355.lsb	276	8626
0000136D.lsb	326	7299
00001385.lsb	161	4016
0000139D.lsb	184	4700
000013B5.lsb	248	5311
000013CD.lsb	364	7645
000013E6.lsb	125	3425
000013FD.lsb	303	7405
00001414.lsb	298	6675
0000142B.lsb	231	5129
00001442.lsb	318	6680
00001459.lsb	265	6519
00001477.lsb	234	5087
0000148E.lsb	300	6952
000014A5.lsb	177	3806
000014BC.lsb	298	6305
000014D7.lsb	462	10386
000014EE.lsb	584	12829
00001505.lsb	522	9466
0000151C.lsb	482	9740
00001533.lsb	339	6550
0000154E.lsb	229	5086
0000156A.lsb	3299	73520
000015C2.lsb	69	1909
000016AE.lsb	73	1806
00001704.lsb	31	570
0000170A.lsb	28	790
00001715.lsb	48	1412
0000171B.lsb	49	951
00001729.lsb	13	241
0000172F.lsb	41	779
00001735.lsb	12	357
00001741.lsb	37	886
00001755.lsb	56	1074
0000176E.lsb	22	645
00001792.lsb	17	625
000017A5.lsb	48	1666
000017B6.lsb	22	515
000017CB.lsb	14	283
000017D3.lsb	12	281
000017E2.lsb	12	200
000017EC.lsb	8	242
000017FA.lsb	23	471
00001800.lsb	21	437
00001807.lsb	65	1194
0000180D.lsb	15	500
00001818.lsb	29	737
0000181F.lsb	57	1097
0000182A.lsb	25	488
00001830.lsb	42	1002
00001835.lsb	52	921
00001844.lsb	27	702
00001849.lsb	62	1372
00001854.lsb	12	247
0000185D.lsb	9	331
00001867.lsb	9	194
00001878.lsb	61	2407
0000189A.lsb	32	999
0000191C.lsb	171	3997
00001973.lsb	8	206
00001984.lsb	13	191
0000198D.lsb	20	522
000019C5.lsb	10	401
000019DD.lsb	8	24
000019E9.lsb	37	1191
00001A4E.lsb	53	1562
00001A52.lsb	36	850
00001A5C.lsb	69	1625
00001A65.lsb	56	1846
00001A6B.lsb	169	3167
00001A74.lsb	36	835
00001A7F.lsb	77	1489
00001A85.lsb	31	505
00001A8C.lsb	38	1316
00001A97.lsb	56	824
00001AA5.lsb	32	840
00001AAE.lsb	37	755
00001AB5.lsb	24	308
00001AC1.lsb	96	1943
00001AC7.lsb	13	418
00001AD8.lsb	23	679
00001AE8.lsb	49	1027
00001AF3.lsb	18	695
00001AFE.lsb	15	226
00001B3B.lsb	13	584
00001B47.lsb	17	485
00001B5D.lsb	4	131
00001B70.lsb	258	5257
00001B76.lsb	90	1980
00001B81.lsb	57	1084
00001B8E.lsb	31	769
00001B98.lsb	27	511
00001BA2.lsb	7	126
00001BA8.lsb	24	386
00001BAE.lsb	20	428
00001BB4.lsb	55	977
00001BBA.lsb	49	869
00001BC4.lsb	40	991
00001BCE.lsb	87	1833
00001BD4.lsb	7	147
00001BDA.lsb	22	541
00001BE8.lsb	34	700
00001BEE.lsb	30	797
00001BF7.lsb	50	1115
00001C02.lsb	52	1041
00001C08.lsb	31	435
00001C12.lsb	19	546
00001C1D.lsb	38	855
00001C23.lsb	53	1062
00001C29.lsb	32	562
00001C34.lsb	46	687
00001C43.lsb	12	323
00001C4D.lsb	36	495
00001C55.lsb	12	322
00001C5D.lsb	239	4376
00001C68.lsb	18	342
00001C7B.lsb	7	101
00001C8C.lsb	8	121
00001CA0.lsb	138	3201
00001D0E.lsb	79	1776
00001D17.lsb	53	769
00001D1E.lsb	30	582
00001D2A.lsb	17	298
00001D34.lsb	6	66
00001D3B.lsb	30	515
00001D40.lsb	63	812
00001D5F.lsb	27	837
00001D6F.lsb	145	1755
00001E03.lsb	6	196
00001E0F.lsb	13	462
00001E1B.lsb	18	534
00001E29.lsb	20	630
00001E41.lsb	29	801
00001E47.lsb	16	452
00001EA4.lsb	22	746
00001EB4.lsb	16	419
00001EC0.lsb	15	264
00001EFF.lsb	193	4257
00001FE4.lsb	1	1
00001FE9.lsb	53	898
00001FEF.lsb	27	507
00001FF5.lsb	52	656
00001FFB.lsb	12	190
00002001.lsb	95	1555
00002007.lsb	71	1176
0000200D.lsb	22	308
00002013.lsb	24	454
00002019.lsb	17	350
0000201F.lsb	34	624
00002026.lsb	83	1421
0000202C.lsb	75	1048
00002057.lsb	61	1020
0000205F.lsb	49	780
00002066.lsb	23	435
0000206C.lsb	27	330
00002072.lsb	49	996
00002078.lsb	32	671
0000207E.lsb	39	815
00002084.lsb	60	1315
0000208A.lsb	20	305
00002090.lsb	44	1555
00002096.lsb	21	750
0000209C.lsb	62	894
000020A2.lsb	39	645
000020A8.lsb	68	1314
000020AE.lsb	51	1125
000020B4.lsb	60	1125
000020BB.lsb	50	911
000020C0.lsb	29	524
000020C6.lsb	21	485
000020CC.lsb	26	551
000020D2.lsb	17	276
000020D8.lsb	58	878
000020DE.lsb	71	1072
000020E4.lsb	50	890
000020EA.lsb	19	266
000020F0.lsb	36	462
000020F6.lsb	27	348
000020FC.lsb	67	1059
00002102.lsb	32	491
00002108.lsb	65	1121
0000210E.lsb	71	954
00002114.lsb	29	478
0000211A.lsb	10	163
00002120.lsb	14	206
00002127.lsb	25	480
0000212D.lsb	53	1418
00002137.lsb	70	1086
0000213D.lsb	43	1043
00002143.lsb	108	1952
0000214F.lsb	59	1012
00002158.lsb	45	859
0000215E.lsb	77	1278
00002164.lsb	87	1381
0000216E.lsb	48	937
00002174.lsb	49	908
0000217A.lsb	62	1330
00002181.lsb	60	1352
00002187.lsb	32	881
0000218D.lsb	31	849
00002193.lsb	69	1565
00002199.lsb	49	1384
0000219F.lsb	50	1199
000021A5.lsb	98	1925
000021AB.lsb	22	530
000021B1.lsb	35	637
000021B7.lsb	65	1503
000021BD.lsb	84	1949
000021C3.lsb	49	976
000021C9.lsb	68	1079
000021CF.lsb	489	10494
000021D5.lsb	10	247
000021E2.lsb	389	7415
000021FE.lsb	5	46
00002225.lsb	174	3643
00002268.lsb	67	2353
00002306.lsb	39	468
00002317.lsb	17	368
00002325.lsb	7	222
00002330.lsb	24	828
00002340.lsb	120	1931
0000234B.lsb	15	207
00002350.lsb	13	180
00002355.lsb	12	185
0000235A.lsb	54	1011
000023AB.lsb	58	1395
000023E7.lsb	32	410
0000240C.lsb	160	3228
0000241B.lsb	129	2441
00002420.lsb	163	2782
00002427.lsb	417	8158
0000242E.lsb	239	4622
00002433.lsb	136	3270
00002439.lsb	234	4557
0000243F.lsb	165	3416
00002444.lsb	1943	40072
00002450.lsb	440	9009
00002457.lsb	45	1343
0000245F.lsb	134	2917
00002464.lsb	123	2476
0000246E.lsb	392	8218
00002473.lsb	393	8514
00002478.lsb	131	2437
