block	name	heading	first_appears
0	なつみ	## なつみ (Natsumi; surname 古郡 Kogori, EN Natsumi Kogori)	00000024:16:11
1	春花	## 春花 (Haruka; surname 新村 Niimura, EN Haruka Niimura)	00000024:16:8
2	五島	## 五島 (Goto; full name 五島絵梨奈, EN Erina Goto)	000001DB:15:7
3	お母さん	## お母さん (Natsumi's mother; named 茜 Akane)	000001DB:15:79
4	おばさん	## おばさん (Haruka's mother; unnamed; EN address per V007)	000001DD:11:73
5	unnamed visitor at the door	## unnamed visitor at the door (Haruka calls him おとうさん)	00000024:51:42
6	向井	## 向井 (Mukai; homeroom teacher)	000001DD:11:35
7	伊勢	## 伊勢 (Ise; full name 伊勢大二郎, EN Daijiro Ise; 元木警察署警部補)	00000024:51:11
8	unnamed red person	## unnamed red person (dream figure)	000001E1:33:9
9	unnamed TV announcers / reporter / studio talent	## unnamed TV announcers / reporter / studio talent	000001DD:11:13
10	unnamed waitress	## unnamed waitress (ザッハ)	000001E3:8:48
11	anonymous board posters	## anonymous board posters (元木高校掲示板)	000001E1:33:73
12	お母さん	## お母さん (Goto's mother; unnamed)	000002F6:11:30
13	お父さん	## お父さん (Goto's father; unnamed; self-reference おとーさん)	000002F8:12:15
14	桃子	## 桃子 (Momoko; Goto's older sister; called お姉ちゃん)	000002F8:12:17
15	お父さん	## お父さん (Natsumi's father; 古郡良治 Ryoji Kogori; named only)	000001DB:15:91
16	新村栄一郎	## 新村栄一郎 (Eiichiro Niimura; named only)	000002F8:12:37
17	unnamed old detective	## unnamed old detective (刑事)	0000037D:11:41
18	unnamed examiner	## unnamed examiner (called 先生 by the patient)	000003AE:8:0
19	unnamed patient	## unnamed patient (masked ××××)	000003AE:8:1
20	unnamed police officers	## unnamed police officers (元木町 station)	000003B4:8:14
21	unnamed rowdy high-schoolers	## unnamed rowdy high-schoolers (TV crowd)	000003A8:8:5
22	unnamed receptionist	## unnamed receptionist (police station)	00000488:34:5
23	unnamed voices	## unnamed voices (00000488:48)	00000488:48:0
24	unnamed figure at a distance	## unnamed figure at a distance	00000488:11:4
25	the 死神	## the 死神 (masked figure; "死神" in Haruka's story)	000004F9:11:90
26	unnamed police officer	## unnamed police officer (answers 古郡良治's phone)	000004E3:11:1
27	unnamed radio operator	## unnamed radio operator (西佐波警察)	000004F9:11:136
28	unnamed officer	## unnamed officer (police station, 00000538)	00000538:11:16
29	unnamed high-schoolers	## unnamed high-schoolers (ザッハ customers)	00000564:11:3
30	unnamed epilogue speaker(s) (00000522:11:171-175)	## unnamed epilogue speaker(s) (00000522:11:171-175)	00000522:11:171
31	unnamed madams	## unnamed madams (café, two women)	000005C1:11:39
32	unnamed volleyball coach	## unnamed volleyball coach (顧問の先生, middle school, flashback)	00000617:8:46
33	unnamed phone speaker	## unnamed phone speaker (00000656:11:172-183)	00000656:11:172
34	おばあちゃん	## おばあちゃん (Natsumi's grandmother; named only)	00000656
35	unnamed phone caller	## unnamed phone caller (00000697:8:61-85, 荒田 side)	00000697:8:61
36	谷崎	## 谷崎 (Tanizaki; Haruka's homeroom teacher, Class 3-1)	00000697:8:46
37	御子神	## 御子神 (Mikogami; Haruka's elementary classmate in 女ケ沢市; named only)	00000682:11:41
38	夏菜	## 夏菜 (reading TBD; 荒田 side; named only)	00000697:8:77
39	ばあちゃん	## ばあちゃん (Haruka's grandmother, 荒田 side; named only)	00000697:8:72
40	unnamed schoolchildren	## unnamed schoolchildren (女ケ沢市 bullies, elementary and middle school; in Haruka's memory)	00000682:11:41
41	unnamed policewoman	## unnamed policewoman (婦警, 00000779)	00000779:8:108
42	unnamed young men	## unnamed young men (pick-up lines; 000007BC and 000007D3)	000007BC:8:236
43	unnamed suitors	## unnamed suitors (000007BC:8:254-256)	000007BC:8:254
44	unnamed firefighter	## unnamed firefighter (000007D3)	000007D3:11:300
45	unnamed café staff	## unnamed café staff (プリマベラ; "いつもの店員さん")	000007EA:11:169
46	unnamed café customers	## unnamed café customers (overheard, 000007EA)	000007EA:11:154
47	unnamed doctors	## unnamed doctors (00000801, 00000818)	00000801:8:121
48	unnamed sweet-potato vendor	## unnamed sweet-potato vendor (old woman, 元木山)	00000818:11:131
49	unnamed picture-story barker	## unnamed picture-story barker (中央公園, 0000082F)	0000082F:11:44
50	unnamed junior colleague	## unnamed junior colleague (後輩 of 古郡良治)	00000846:11:55
51	unnamed client	## unnamed client (先方, 00000846)	00000846:11:66
52	お義母さん / お義父さん	## お義母さん / お義父さん (茜's parents; 外崎家)	0000088B:35:41
53	新村茅萱	## 新村茅萱 (Chigaya Niimura; チガ姉 Chiga-nee; Haruka's cousin)	00000697
54	新村幸太郎	## 新村幸太郎 (Kotaro Niimura; Eiichiro's older twin; Haruka's uncle)	0000095B:27:5
55	unnamed carers	## unnamed carers (000008D0:33:59-73)	000008D0:33:59
56	unnamed Chinese-restaurant staff	## unnamed Chinese-restaurant staff (000008B9:36:13)	000008B9:36:13
57	久慈浩二 and 畑中ここな	## 久慈浩二 and 畑中ここな (Mifuyu's two targets; named only)	000008B9:29:70
58	unnamed old official	## unnamed old official (the grandmother's story, 000009A0)	000009A0:11:125
59	先代大魔女	## 先代大魔女 (the previous Grand Witch; the grandmother's story)	000009A0:11:109
60	unnamed librarian teacher and the 女神さま	## unnamed librarian teacher and the 女神さま (Haruka's story, 000009CF)	000009CF:11:20
61	サクラ	## サクラ (Sakura; 新村幸太郎's wife; mother of 茅萱 and 夏菜; died 790)	00000972:11:16
62	城崎	## 城崎 (reading TBD; 荒田 villager)	00000B27
63	unnamed masked villagers	## unnamed masked villagers (attackers, 00000ADE and 00000B27)	00000ADE
64	unnamed fortune-teller	## unnamed fortune-teller (Chigaya's story, 00000A18)	00000A18
65	unnamed estate agent	## unnamed estate agent (woman; Chigaya's story, 00000A18)	00000A18
66	the woman next door	## the woman next door (Chigaya's other self; Chigaya's story, 00000A18)	00000A18
67	モトキザクラ様 and A子's family	## モトキザクラ様 and A子's family (Natsumi's ghost story, 000009FE)	000009FE
68	新村桔梗	## 新村桔梗 (reading TBD; named only)	00000AAC
69	知花	## 知花 (reading TBD; named only)	00000B27
70	unnamed woman taken for サクラ	## unnamed woman taken for サクラ (00000BB7:15:30-44)	00000BB7
71	unnamed bystanders	## unnamed bystanders (女ケ沢, 00000CCA)	00000CCA
72	近藤	## 近藤 (Kondo; 情報部の課長, 古郡良治's colleague)	00000CE3
73	unnamed helicopter crew and base	## unnamed helicopter crew and base (radio, 00000E7B:11:1-20)	00000E7B
74	unnamed newscaster	## unnamed newscaster (00000E7B:82)	00000E7B
75	unnamed inn attendant	## unnamed inn attendant (仲居, 00000E95)	00000E95
76	南崎しのり	## 南崎しのり (Shinori Minamizaki, reading V307; the eating champion)	00000EAF
77	新橋ゆき乃	## 新橋ゆき乃 (Yukino Shinbashi, reading V307; Japonica TV announcer, "ゆきぴん")	00000EAF
78	鵜飼	## 鵜飼 (Ukai, reading V307; Japonica TV program director)	00000EAF
79	unnamed 謝肉館 waiter	## unnamed 謝肉館 waiter (pompadour; 00000EAF)	00000EAF
80	unnamed 食堂 owner	## unnamed 食堂 owner (Goto's neighbourhood diner, 00000EAF)	00000EAF
81	unnamed employer	## unnamed employer (社長; Goto's online job, 00000EAF)	00000EAF
82	中嶋長司	## 中嶋長司 (Choji Nakajima, reading V307; the mayor of 元木町)	00000EAF
83	unnamed crowds, fans, staff and a couple	## unnamed crowds, fans, staff and a couple (00000EAF)	00000EAF
84	unnamed Nobel presenter	## unnamed Nobel presenter (00000EAF:16:52-55)	00000EAF
85	unnamed fortune-teller at the inn	## unnamed fortune-teller at the inn (00000EC7)	00000EC7
86	unnamed eyeless woman	## unnamed eyeless woman (Goto's dream and hallucination figure, 00000EDF)	00000EDF
87	unnamed doctor	## unnamed doctor (神経科, 00000EF6)	00000EF6
88	unnamed nurses	## unnamed nurses (00000EF6)	00000EF6
89	店長	## 店長 (the izakaya manager, 00000EF6; unnamed)	00000EF6
90	長さん, 山さん and the izakaya regulars	## 長さん, 山さん and the izakaya regulars (00000EF6; named by nickname only)	00000EF6
91	unnamed 元木大学 students	## unnamed 元木大学 students (00000EF6:110)	00000EF6
92	the 肉付きの面 folk tale figures	## the 肉付きの面 folk tale figures (Goto's telling, 00000EF6:110:43-82)	00000EF6
93	unnamed plainclothes officer	## unnamed plainclothes officer (皆上市, 00000F0D; self おっちゃん)	00000F0D
94	unnamed soba-shop old woman	## unnamed soba-shop old woman (00000F0D)	00000F0D
95	unnamed walk-ons	## unnamed walk-ons (00000F0D)	00000F0D
96	白般若	## 白般若 (the masked figure in white, 00000F24; = 新村美冬)	00000F24
97	ヴェルジ	## ヴェルジ (the goddess mummy; トミ in life; named only)	00000F24
98	篠崎ハジメ	## 篠崎ハジメ (Hajime Shinozaki, reading V391; named only)	00000F24
99	あやか	## あやか (Ayaka; Mifuyu and Eiichiro's stillborn child; named only)	00000FB7
100	the grandmother's voice and the closing voices	## the grandmother's voice and the closing voices (00000FCF, bare cells)	00000FCF
101	unnamed video host	## unnamed video host (00001039)	00001039
102	unnamed TV studio host and field reporter ゆきちゃん	## unnamed TV studio host and field reporter ゆきちゃん (00001073)	00001073
103	秋野冬夫	## 秋野冬夫 (Fuyuo Akino, reading assumed; professor emeritus, 日本園芸大学)	00001073
104	皇子	## 皇子 (the Prince; founder of 荒田, took the name 新村; 0000107B)	0000107B
105	湊綱宗	## 湊綱宗 (Minato no Tsunamune, reading V410; the Prince's comrade)	0000107B
106	糸姫	## 糸姫 (Itohime, V408; a child attendant, 糸)	0000107B
107	unnamed 従者	## unnamed 従者 (the Prince's attendants, 0000107B)	0000107B
108	藤吉郎	## 藤吉郎 (Tokichiro; kitchen steward of the 麻生田家; = the 殿下 of 000010C3)	00001092:11:0
109	豊吉	## 豊吉 (Toyokichi; a 間川 retainer, 藤吉郎's friend)	00001092
110	新村儀之助	## 新村儀之助 (Ginosuke Niimura; Western doctor of 荒田, 祀耀310)	000010AA
111	unnamed woman at 儀之助's house	## unnamed woman at 儀之助's house (000010AA)	000010AA
112	内府	## 内府 (the Minister; of the house 戸川; 000010C3)	000010C3
113	unnamed ruffians and 荒田 warriors	## unnamed ruffians and 荒田 warriors (000010C3)	000010C3
114	unnamed walk-ons	## unnamed walk-ons (chunk 18: front desk, other bathers)	00000F40:11:118
115	百合子	## 百合子 (Yuriko; 城崎's wife; the first 呪殺 victim)	00001154
116	ハナちゃん	## ハナちゃん (Hana-chan; 茅萱's friend in Tokyo)	00001154:8:5
117	unnamed voice	## unnamed voice ("あっちの方にいるよ", 0000110D and 00001184)	0000110D
118	the scale	## the scale (天秤; 茅萱's inner voice, 00001184)	00001184
119	unnamed walk-ons	## unnamed walk-ons (chunk 19: TV weather, café and 料亭 staff)	0000110D:24:124
120	死月妖花	## 死月妖花 (the organism; 五島's 『ネクロ』; named in 茅萱's memo; see V457)	000011CC:8:35
121	金井桂子	## 金井桂子 (Keiko Kanai, reading assumed; 美冬's grandmother; named only)	000011E3
122	unnamed walk-ons	## unnamed walk-ons (chunk 20: station staff, a masked villager)	000011CC
123	大翔	## 大翔 (Hiroto; a boy in 夏菜's exchange diary; named only)	00001325
124	椿	## 椿 (Tsubaki, reading V500; a young 大魔女 of 祀耀482; named only)	00001355
125	the writers of the three hidden books and the 482 text	## the writers of the three hidden books and the 482 text (chunk 21; no lines)	0000133D
126	unnamed walk-ons	## unnamed walk-ons (chunk 21: searchers and living villagers)	0000139D
127	新村晃	## 新村晃 (Akira Niimura, reading V525; 新村桔梗's husband; named only)	000014D7
128	後白河糸織	## 後白河糸織 (Shiori Goshirakawa, reading V549; transfer student, Class 2-2)	00001533
129	unnamed bandits	## unnamed bandits (山賊; 糸姫's memory, 00001505)	00001505
130	unnamed walk-ons	## unnamed walk-ons (chunk 23: classmates, a PA voice)	00001533
131	山垣	## 山垣 (Yamagaki, reading assumed; a young prison officer, 0000156A)	0000156A
132	unnamed walk-ons	## unnamed walk-ons (chunk 24: prison staff, radio, reporters, the special unit)	0000156A
133	unnamed woman's voice at the convenience store	## unnamed woman's voice at the convenience store (0000156A:40)	0000156A
134	立木三日	## 立木三日 (reading V573; the guide, 案内人; the unnamed guide of 0000001E / 000000F2)	000000F2
135	市村先生	## 市村先生 (Ichimura-sensei, reading assumed; 五島's elementary-school homeroom teacher)	000016AE:11:37
136	道畑	## 道畑 (Michihata, reading assumed; 桃子's manager at a part-time job; a Primavera regular)	00001807
137	reference documentaries: narrators and quoted experts	## reference documentaries: narrators and quoted experts (00001715, 000019E9, 00001A8C)	00001715:8:6
138	unnamed walk-ons	## unnamed walk-ons (chunk 25)	00001704:8:5
139	ステラ優子	## ステラ優子 (Stella Yuko, reading and order per V606; a masked fortune-teller, 00001D0E)	00001D0E
140	三原	## 三原 (Mihara, reading assumed; a Primavera waitress, 桃子's junior)	00001D1E
141	unnamed walk-ons	## unnamed walk-ons (chunk 26)	00001B98:8:0
142	父上	## 父上 (新村桔梗's father; a 東京 merchant; unnamed)	0000212D
143	晃's mother	## 晃's mother (the 大魔女 of 桔梗's early years; 桔梗's お義母さん; unnamed)	00002181
144	島津悠作	## 島津悠作 (Yusaku Shimazu, reading assumed; Minister of Education; named only)	000020AE
145	カズ君, マサシさん, シンジ君, タカヒロさん	## カズ君, マサシさん, シンジ君, タカヒロさん (men on the phone with 桃子, 0000206C; named only)	0000206C
146	TT, けん, 佐藤さん, しま	## TT, けん, 佐藤さん, しま (the drinking-party group chat, 000020FC)	000020FC
147	unnamed walk-ons	## unnamed walk-ons (chunk 27)	00002066:8:0
148	本部長	## 本部長 (the Director of the セレジェイラ聖教; alias 土田 Tsuchida; otherwise unnamed)	000021CF
149	unnamed walk-ons	## unnamed walk-ons (chunk 28)	000021CF:8:14
150	瀬正照	## 瀬正照 (Masateru Se, reading V660; 荒田 villager, the 瀬 line)	0000243F:11:99
151	新島香織	## 新島香織 (Kaori Niijima, reading V660; 荒田 villager, the 新島 line)	0000243F:11:123
152	女神様	## 女神様 (the core of 死月妖花 in 00002444:32; colour 女神様; unnamed)	00002444:32:56
153	unnamed walk-ons	## unnamed walk-ons (chunk 29)	00002444:32:317
154	unnamed walk-ons	## unnamed walk-ons (chunk 30)	00002478
