file_id	loc	from_jp	to_jp	evidence	first_id
000004BB	16:0	五島	なつみ	viewpoint-switch CG グラフィック\立ち絵\人物\lcm\五島→なつみ.lcm created before this cell (sprite evidence)	000004BB:16:0
000004BB	16:37	なつみ	五島	viewpoint-switch CG グラフィック\立ち絵\人物\lcm\なつみ→五島.lcm created before this cell (sprite evidence)	000004BB:16:37
000004CF	12:60	なつみ	五島	viewpoint-switch CG グラフィック\立ち絵\人物\lcm\なつみ→五島.lcm created before this cell (sprite evidence)	000004CF:12:60
000004CF	12:97	五島	なつみ	viewpoint-switch CG グラフィック\立ち絵\人物\lcm\五島→なつみ.lcm created before this cell (sprite evidence)	000004CF:12:97
000004CF	12:end	なつみ	五島	viewpoint-switch CG グラフィック\立ち絵\人物\lcm\なつみ→五島.lcm after the last text cell of the block; applies from the next block played (sprite evidence)	000004CF:12
000004F9	11:128	なつみ	五島	viewpoint-switch CG グラフィック\立ち絵\人物\lcm\なつみ→五島.lcm created before this cell (sprite evidence)	000004F9:11:128
00000617	8:43	なつみ	五島	viewpoint-switch CG グラフィック\立ち絵\人物\lcm\なつみ→五島.lcm created before this cell (sprite evidence)	00000617:8:43
00000F0D	56:0	夏菜	伊勢	viewpoint-switch CG グラフィック\立ち絵\人物\lcm\夏菜→伊勢.lcm created before this cell (sprite evidence)	00000F0D:56:0
00000F0D	62:0	伊勢	夏菜	viewpoint-switch CG グラフィック\立ち絵\人物\lcm\伊勢→夏菜.lcm created before this cell (sprite evidence)	00000F0D:62:0
