file:line	flag	note
000001E1-00000593.lns:58	gender-guessed	「男とも女ともつかぬうめき声」 shipped "impossible to tell as a man's or a woman's"; nothing in the dream may gender the figure before 000001E5:23:26 -> Q016
000001E1-00000593.lns:127	gender-guessed	「人相も年齢も、性別すら分からない」 shipped with no pronoun at all -> Q016
000001E1-00000593.lns:138	pronoun-marked	「身体を動かす赤い人」 — English needs a possessive for 身体, shipped "their body"; singular "they" is the only ungendered option -> Q016
000001E1-00000593.lns:189	pronoun-marked	「何かを訴えようとしているような」 — the subject is dropped in JP and shipped as "they" for the same reason -> Q016
000001E1-00000593.lns:130	subject-guessed	「でも生きている！　まだ生きている！」 shipped verbless ("But alive! Still alive!") so that no pronoun for the figure appears -> Q016
000001E1-00000593.lns:80	needs-tlc	御神木 shipped "the goshinboku" with the first-occurrence TN GLOSSARY asks for
000001E1-00000593.lns:308	needs-tlc	花見 shipped "hanami" with a TN, because this file is EARLIER in reading order than the GLOSSARY first_seen (000002F8:12:31); the TN is inside an anonymous board post, which is the only place the word appears here
000001E1-00000593.lns:374	term-provisional	「ノ」 shipped "o/" per Q018's recorded guess, at all 7 sites (374, 377, 514, 517, 522, 525, 528)
000001E1-00000593.lns:539	needs-tlc	【　緊　急　企　画　】 — U+3010/3011 are outside the CP932 allow-list, so the banner brackets became ASCII [ ]; the ideographic letterspacing became single spaces between letters
000001E1-00000593.lns:541	needs-tlc	中　央　公　園　オ　フ　会 shipped as letterspaced capitals "C H U O  P A R K  M E E T - U P"; a per-letter-width match is impossible until the box is measured
000001E1-00000593.lns:573	pronoun-marked	the board posts mix 俺 (573) and 私 (581), which CORE says signals mixed-gender anonymity; a lowercase English board register writes both as "i" and the mix is lost -> Q031
000001E1-00000593.lns:359	needs-tlc	「-----(中略)-----」 shipped "-----(snip)-----" with the source's own ASCII hyphens; qa_check reports a soft "want U+2015", which is wrong here because the JP is not a dash device
000001E1-00000593.lns:293	term-provisional	post headers shipped "Shiyo 800, April 8 6:32 Anonymous"; the era stays romanised per STYLE and the full-width field separators become single ASCII spaces
000001E1-00000590.lns:15	needs-tlc	21:0 and 27:0 are the same cell in two branch variants (00000590 and 00000591) and are shipped word-identical -> Q025
000001E1-00000594.lns:20	needs-tlc	40:0-3 reprints 33:139-142 (00000593) cell for cell; both printings are shipped word-identical -> Q025
