ID	テキスト chr 200	顔	特殊	コマンド	文字数
0	Starting around this scenario, the incident really begins to involve us, doesn't it.	なつみ			10
1	That's right, until now it was more like investigating the incident out of curiosity.	五島			70
2	Right, for you guys it was like that.	春花			100
3	For me, from the morning of this day it was rough because of the paper doll thing.	春花			190
4	Honestly, Kogori-senpai saying things like this during this period is a little scary...	五島			250
5	It's foresight, sure, but it's danger sense, after all. Only bad stuff comes out of it...	なつみ			280
6	Yeah, in the spring Natsumi really does have kind of a shadowy air about her.	春花			334
7	That's true. In other seasons she's totally different.	五島			340
8	Am I that different?	なつみ			410
9	Look who's talking, the one who suddenly starts doing VR...	春花			460
10	The server's under maintenance right now, apparently, so no VR!	なつみ			530
11	So you would if it wasn't under maintenance!?	春花			560
12	Niimura-senpai, actually...	五島			630
13	Hm?	春花			680
14	I secretly modified Kogori-senpai's VR.	五島			710
15	Aww, I wish the maintenance would hurry up and end. I've been waiting this whole time.	なつみ			740
16	Don't tell me, so the maintenance notice stays up forever?	春花			770
17	Correct.	五島			800
18	Goto, good job. I'll treat you to that True Takoyaki you were talking about later.	春花			840
19	All right, Operation successful!	五島			900
20	Hmm, I still think the dream at this point has too much of a story for one of mine.	なつみ			990
21	My dreams have pretty solid stories, though. Are yours different usually?	五島			1100
22	Yeah, my dreams usually have messed-up stories.	なつみ			1270
23	Huh, like what?	五島			1360
24	In a dream I had the other day, Haruka straddled a giant bottle of Super Soda Bomber and flew off into space.	なつみ			1500
25	Ahahahaha! That sounds like something Niimura-senpai would do!	五島			1600
26	You didn't think that dream might be danger sense about me...	春花			1700
27	Oho, so Niimura-senpai might really take off into space on a Super Soda Bomber?	五島			1800
28	Y...! No way, obviously!	春花			1900
29	Goto's deduction at this point, you even say yourself it's 'proving a hypothesis with a hypothesis.'	なつみ			2140
30	Right, I assume the person in the dream is a man, assume he wants to tell Senpai "don't run," and on top of that assume the dream is danger sense.	五島			2170
31	I see, so as a deduction it's short on grounds.	春花			2210
32	It's like dream interpretation. It's pretty hard.	なつみ			2240
33	As long as there's a chance it's Senpai's danger sense, I can't brush it off. I forced something out.	五島			2280
34	Oh, this action of Goto's, she wrote that Natsumi's dad might have been attacked, right?	春花			2390
35	Yes. But I thought that had to be overthinking it, no matter what.	五島			2500
36	But a call came from the police, and it turned into a confirmation.	なつみ			2550
37	But when you think about it... this is telepathy from Shigatsu Youka, isn't it?	なつみ			2600
38	That's right, it's not necessarily danger sense.	五島			2650
39	I'm pretty sure Shigatsu Youka has the ability to pass its will on to the second and third generations.	春花			2700
40	Then what was Shigatsu Youka's intention at this point?	なつみ			2750
41	It was probably insurance, wasn't it?	五島			2800
42	Insurance... what do you mean?	春花			2850
43	Remember the sixth route of the Jusatsu Arc [Killing by Curse]. Kogori-senpai met a red person who seemed to be her dad at Central Park, right?	五島			2900
44	Oh! I see! That was a trap by Shigatsu Youka!	なつみ			3000
45	That's right. Let's explain it in detail when we get to that scenario.	五島			3050
46	You're holding out on us here... Well, it's a totally different scenario right now.	春花			3100
47	What's with this cram school course? A cram school that holds classes this early in the day...	春花			3230
48	Simply put, it's a serious exam course for students retaking the university entrance exams.	五島			3250
49	I see.	春花			3290
50	Here! Here, this is a super-important point!	五島			3365
51	Huh? Is it?	なつみ			3370
52	Because it's the first time she senses danger in the main story?	春花			3380
53	No! The situation of the foresight is strange! Do you remember what the danger sense in the Shigatsu Arc [Death Month] was like?	五島			3460
54	Um... I'm pretty sure Haruka's dad's voice told us about the danger...	なつみ			3490
55	I get it! The voice, so in the Shigatsu Arc [Death Month] it was all voice, but here she saw it visually!	春花			3520
56	Correct! On the routes where the Megasawa City murders happen, it was sight and hearing, and on the routes where they don't, it was mostly hearing!	五島			3530
57	But what's the reason it turned out that way?	春花			3570
58	In 2010, Kogori-senpai let everyone hear Niimura-senpai's dad's voice, so the Megasawa City murders were prevented.	五島			3600
59	So from Shigatsu Youka's standpoint, making up a guardian spirit called Eiichiro Niimura hides its own existence better.	五島			3610
60	I see, so it can give the true nature of the danger sense a basis, even a forced one.	なつみ			3630
61	Even if noticing Shigatsu Youka is impossible, I don't think there's any player who'd find it strange at the point of the Shigatsu Arc [Death Month] whether it was sight or hearing...	春花			3660
62	So Goto lied here that there was no cram school.	なつみ			3770
63	Well, the lie did weigh on me. But with Senpai's danger sense, I had no choice but to follow it.	五島			3780
64	But Natsumi only said "don't go," so it doesn't necessarily mean don't go to cram school.	春花			3810
65	There's a lot that's vague, after all.	なつみ			3840
66	But this danger sense is strange too, isn't it. Because every single route after this is a bad ending.	五島			3860
67	True. For having sensed danger, she couldn't avoid it. Was this Shigatsu Youka's fault too...	春花			3940
68	Ooh! Didn't we explain things pretty well this time!?	なつみ			4040
69	Right! We're getting used to it too!	五島			4060
70	The story about me flying off on a Super Soda Bomber was clearly unnecessary...	春花			4070
71					
