ID	表示順	人物	シナリオ名	解禁編	人物分岐	特殊	ロック	ロックシナリオ名	テキスト cha 560
0	0	st131	Motoki Bishojo Appreciation Society	Jusatsu Arc [Killing by Curse]					Born Shiyo 770, January 21. Height 179cm (as of Shiyo 800). A police officer at Motoki Police Station, with the rank of assistant inspector.
1	1	st131	Motoki Bishojo Appreciation Society	Jusatsu Arc [Killing by Curse]					He appears to have a taste for young girls, and in front of Erina Goto he shows unsettled behavior, flustered and flushed by turns.
2	2	st137	Police Officer's Face	Jusatsu Arc [Killing by Curse]					He seems to have a policy of his own about that taste: he never lays a hand on anyone, and while he dotes on them he works at raising healthy young girls.
3	3	st153	Far End of the Mountain	Jusatsu Arc [Killing by Curse]					In an emergency he puts his strength into solving the case and rescuing the victims, and his attitude to the work is extremely earnest. Because of that the trust around him is deep, and his youth and looks make him popular with women, though many are disillusioned once they learn his taste.
4	4	st153	Far End of the Mountain	Jusatsu Arc [Killing by Curse]					When Natsumi Kogori and Haruka Niimura flee to Sakuraoka he rushes to the scene at once and gives apt instructions to the local officers: his judgement on the ground is very good. By this time he places his trust in Erina Goto, and even ventures to take her along to the scene, which would not normally be allowed.
5	5	st172	What I Can Do	Jusatsu Arc [Killing by Curse]					He corners the culprit to within one step, but far from catching him, Haruka Niimura is left in critical condition, and he apologizes to Erina Goto for his own uselessness.
6	6	st149	Profile of the Culprit	Jusatsu Arc [Killing by Curse]					He explains to Haruka Niimura that another, real culprit has been contriving it all under cover of the 'curse', and Haruka Niimura is released from years of suffering. This gives Haruka Niimura a faint liking for him, though on learning of his taste for young girls she seems badly disillusioned after all.
12	7	リファレンス	リファレンス	Jusatsu Arc [Killing by Curse]					In his university days he was in a relationship with a woman named Rei Tanizaki, but it ended because of his hobby. She seems to have tried to understand that hobby, but accepting all of it seems to have been hard. Incidentally, Rei Tanizaki is Haruka Niimura's homeroom teacher as of Shiyo 800.
7	8	リファレンス	リファレンス	Meicho Arc [Clear Sign]					警察署に駆けつけた五島絵梨奈により、女ケ沢市事件および皮剥ぎ死体事件の犯人を捕まえるべく、新村家に潜んでいた。結果作戦通り新村美冬を逮捕することができ、大捕り物となった。その際、上長の許可を得ずに身元不明の少女の言う通りに動く、高価な能面やその他部備品の購入、未成年者をおとりに使うなど、警部補とは言え許されない行動とみなされ、始末書を書かされた。しかし後日、今回の事件の重大性やけが人を出さずに犯人を逮捕する方法等、彼の行動はやむを得なかったと寛大な判断がなされ、処分は保留となった。今まで彼なりに真面目に職務に励んでいたことも今回の判断につながったようだ。
8	9	st207	The Mysteries Left Behind	Meicho Arc [Clear Sign]					There was a fear that Natsumi Kogori and Haruka Niimura would be branded 'the daughter of a bizarre killer,' but it seems to have been groundless. This owes much to the police's restrictions on reporting and their protection, and the courage the girls showed by joining in the culprit's arrest themselves also seems to have had an effect. Thanks to this, a situation in which they would have to leave Motoki-cho, as on the sixth route of the Jusatsu Arc, was avoided.
9	10	st222	不可解な意思	Shigatsu Arc [Death Month]					Haruka Niimura asks him to search for the Kogori couple. Normally the police do not move until something has happened (in fact, something has), but at his urging they promise to search the whole of Motoki-cho at once.
10	11	st187	乙女の聖戦～湯～	Saigo no Koe Arc [Last Voice]					He hauls Ryoji Kogori off to the police station on suspicion of groping. On this route, Haruka Niimura and Daijiro Ise have never met. Purely for the author's convenience, he makes his first appearance in a long while inside Haruka's fantasy.
11	12	st246	乙女の聖戦～本能～	True Jusatsu Arc [Killing by Curse]		6			To deliver Erina Goto to the eating contest venue, he talks the mayor into sending out a helicopter. Even in Shiyo 804, he seems to be a fan of Erina's.
13	13								
14	14								
15	15								
16	16								
17	17								
18	18								
19	19								
20	20								
21	21								
22	22								
23	23								
24	24								
25	25								
26	26								
27	27								
28	28								
29	29								
30	30								
31	31								
32	32								
33	33								
34	34								
35	35								
36	36								
37	37								
38	38								
39	39								
40	40								
41	41								
42	42								
43	43								
44	44								
45	45								
46	46								
47	47								
48	48								
49	49								
50	50								
51	51								
