ID	表示順	人物	シナリオ名	解禁編	人物分岐	特殊	ロック	ロックシナリオ名	テキスト cha 306
0	0	st85	April Sickness	Jusatsu Arc [Killing by Curse]					Born Shiyo 757, June 11. Height 178cm (as of Shiyo 800). An engineer at a company that develops mobile phones. He often goes away on business trips, and Natsumi Kogori seems to be unhappy about it.
1	1	st154	Resolve	Jusatsu Arc [Killing by Curse]					The flayed body was Ryoji Kogori. That being so, how he came to be killed, and why he lied about going on a business trip (a check with his workplace showed that no trip was scheduled at the time), are unknown.
2	2	st143	Reunion	Jusatsu Arc [Killing by Curse]					On April 3 of Shiyo 800 he gave Natsumi Kogori, Haruka Niimura and Erina Goto the newest smartphone, which he had designed himself. A photograph of him clowning remains on Natsumi Kogori's phone, and it is the last photograph of him.
18	3	st128	Alibi	Meicho Arc [Clear Sign]					If Ryoji Kogori was killed in imitation of the Megasawa City case, Erina Goto thinks he had some link to that case. As evidence, Haruka Niimura's smartphone seems to have been modified somehow, and he is presumed to be involved in the flayed-body case.
3	4	st70	細工	Meicho Arc [Clear Sign]					Mifuyu Niimura asks (half forces) him to plant bugs in Haruka Niimura's and Natsumi Kogori's smartphones. His skills cannot meet the request, so he turns it to his advantage and plans to win Haruka Niimura back. Then, ready for the danger to himself, he decides to negotiate with Mifuyu Niimura.
4	5	st88	真っ赤な××	Meicho Arc [Clear Sign]					He asks Mifuyu Niimura to return Haruka Niimura, but as expected she flatly refuses. He holds a trump card, the smartphone tampering, but the wary Mifuyu strikes first and kills him. Copying the Megasawa City case for maximum cruelty, she flays his whole body; he dies in agony, with no finishing blow.
5	6	st208	Mirror (You)	Wabigoto Arc [Apology]					He set up a meeting between Mifuyu Niimura and Eiichiro Niimura, but both were nervous throughout and the mood never relaxed, which kept him bewildered.
6	7	st25	Two Years Later	Wabigoto Arc [Apology]					Two years after the accident that killed Eiichiro Niimura, he was living in Motoki-cho as before, but went on struggling with the problem of Natsumi Kogori's April sickness. He also makes a point of obeying Natsumi Kogori's warnings of danger.
7	8	st27	The Maidens' Holy War ~Duty~	Wabigoto Arc [Apology]					In the Russian-roulette takoyaki match at Zahha, he thought almost comically of nothing but how to lose. Few adults would feed young girls a vicious spice, but since he never canceled the takoyaki, one could say he raises his daughter a little overprotectively.
8	9	st28	Megasawa City	Wabigoto Arc [Apology]					Seeing the letter from Mifuyu Niimura, he concluded that either way Haruka Niimura's life was in danger too, and decided to go to Megasawa City.
9	10	st29	A Freezing Parent and Child	Wabigoto Arc [Apology]					He agonized over whether to take Natsumi Kogori to Megasawa City, but accepted her warning and decided to take her.
10	11	st30	The Shinigami's Rule	Wabigoto Arc [Apology]					Stunned to find the Niimura household more destitute than he had imagined, he keeps negotiating to avoid the murder request at all costs. But Mifuyu Niimura stays a step ahead of him in every respect, and he begins to struggle with whether there is no choice but to carry out the killing.
11	12	st31	The Courage I Wished For	Wabigoto Arc [Apology]					Watching Natsumi Kogori with Mifuyu Niimura, he dimly grasps Mifuyu's true heart. Thinking they should give her what she truly wants instead of a murder, he and Akane Kogori hold back. But that evening Natsumi says something that rejects this, and he doubts whether he did right.
12	13	st32	Rubbing the Wrong Way	Wabigoto Arc [Apology]					Pretending the murder has been carried out, he draws out of Mifuyu Niimura how she planned it. But this provokes Mifuyu Niimura's wrath; his family is slaughtered before his eyes, and he too dies.
13	14	ast32	逆撫で	Wabigoto Arc [Apology]	a				激昂した新村美冬を止めようとした古郡茜を制止する。結果、古郡なつみをかばった新村春花がその攻撃を受けることになる。
14	15	st33	Apology	Wabigoto Arc [Apology]					When Natsumi Kogori asks about Eiichiro Niimura's death and its cause, he hurries to explain, but stops when he sees her apologizing to Mifuyu Niimura. At last, after seeing the shadow lift completely from Mifuyu Niimura's heart, he alone offers words of prayer to Eiichiro Niimura.
15	16	st34	見送り	Wabigoto Arc [Apology]					In Shiyo 800, though he is specially permitted to attend Eiichiro Niimura's thirteenth-year memorial service, he sends Natsumi Kogori in his place because of her warning. However, not knowing what danger awaits, he seems uneasy about sending his daughter to the Arata settlement.
16	17	ast29	凍える親子	Wabigoto Arc [Apology]	a				やはり殺人が起こるかもしれない現場に娘を連れていくことはできないとの考えで、古郡なつみを連れて行かなかった。
17	18	st236	The Worst Resolve	Wabigoto Arc [Apology]					Akane Kogori declares she will carry out the killing to save Mifuyu and Haruka Niimura. Ryoji Kogori hesitated to the end, but having come this far, he resolves to go to the grave with her.
19	19	st221	10年前の当事者	Shigatsu Arc [Death Month]					He answers a call from Natsumi Kogori and tells her what happened in Megasawa. But right after, he and his wife Akane appear to be attacked by someone.
20	20	st226	禁断の果実	Shigatsu Arc [Death Month]					Ryoji Kogori and Akane Kogori, thought to have been killed, are dragged out alive by the residents before Natsumi Kogori and the others. Kotaro Niimura urges them to hand over Natsumi Kogori in exchange for sending the two back alive. But as the others hold her back, no hostage exchange happens.
21	21	st187	乙女の聖戦～湯～	Saigo no Koe Arc [Last Voice]					Emboldened by drink, he barges into the family bath where Natsumi Kogori and Haruka Niimura are, but Haruka screams and drives him out.
22	22	st296	死月妖花～密触～	Eden no Sakura Arc [Eden's Cherry]					To Natsumi Kogori, who has been isolated so that no information reaches her, he slips a hint about the situation. It shows how Necro is getting its information, and why Natsumi has been isolated.
23	23								
24	24								
25	25								
26	26								
27	27								
28	28								
29	29								
30	30								
31	31								
32	32								
33	33								
34	34								
35	35								
36	36								
37	37								
38	38								
39	39								
40	40								
41	41								
42	42								
43	43								
44	44								
45	45								
46	46								
47	47								
48	48								
49	49								
50	50								
