ID	表示順	人物	シナリオ名	解禁編	人物分岐	特殊	ロック	ロックシナリオ名	テキスト cha 449
13	0	st202	Haruka and the Witch and the Shinigami	Jusatsu Arc [Killing by Curse]					A girl of unknown identity, thought to be about 10 to 12. She has odd eyes, one blue and one green. She seems to know where Haruka Niimura is, and foresaw Natsumi Kogori and the others' visit through a being called 'the Goddess.' She also reported it by phone to 'Big Sister,' in an exchange suggesting their visit would cause some kind of problem. What comes at the end of it, she says, is 'curse-killing.'
0	1	st211	Phantom	Shigatsu Arc [Death Month]					Born Shiyo 789, August 1. Height 135cm (as of Shiyo 800). Haruka Niimura's younger cousin, Chigaya's sister, Kotaro's second daughter. She looks like her sister, blue-and-green odd eyes and all. A prankster, she spooks Natsumi Kogori at first meeting by posing as a ghost, and like her sister takes to Erina Goto; the sisters haul her off somewhere. She leaps carelessly from the tall cherry tree in the main house's garden; she seems very athletic.
1	2	st219	秘密基地	Shigatsu Arc [Death Month]					When something bad or painful happens, she shuts herself alone in the cave she calls her secret base. Her sister Chigaya and her mother Sakura Niimura used it as children too, and there she feels she can meet her mother. She does not remember her, but longs for the mother the settlement loved, and has few kids near her age. So she is truly glad Natsumi Kogori and the others came, calls Erina Goto "Eri-nee," and the two touch each other's hearts.
2	3	st225	伏兵	Shigatsu Arc [Death Month]					She hates her mother's killer deeply and means to kill them once found. Told by Kotaro Niimura to hunt with a nata and a mace, she has very high physical ability (alone, with just those, she can hunt a bear). Erina Goto was wary of this hatred and killing skill. Yet she has not lost her reason: holding herself back, she accepts the theory that Kotaro Niimura is the culprit and declares she will protect Erina Goto and the others.
3	4	st226	禁断の果実	Shigatsu Arc [Death Month]					At first she stands up to Kotaro Niimura to protect Erina Goto and the others, but on seeing what the drug called Droga does, she at once goes over to his side. That is only a move to seize the Droga herself: after injecting it she gravely wounds Kotaro Niimura and the residents. But she is deeply wounded too, and though the drug dulls the pain, she fights the residents alone while losing much blood.
4	5	st227	会いに来たよ。	Shigatsu Arc [Death Month]					Mortally wounded, she is taken to the hospital and operated on, but to no avail, and she passes away. Until she stopped breathing, she never stopped saying loving words to Erina Goto, who stayed by her side.
5	6	st308	代理姉妹	Shigatsu Arc [Death Month]					She means to kill whoever caused the curse-killings; this comes not only from hatred but from a belief that it is fine to kill people whose deaths no one would mourn. But when Erina Goto tells her, "Even if it's the culprit, I don't want you to kill them. Because it would make me sad if you killed someone," Kana, though not convinced, promises not to go as far as killing.
6	7	st245	キオク×復讐×腫瘍	True Jusatsu Arc [Killing by Curse]					She sees into the heart of Momoko Goto, who has come to the Arata settlement, and purifies her ugly vengefulness. But right after, she is struck by irresistible murderous intent toward Sakura Niimura, and the residents, who see it as a danger, try to kill her. She escapes the residents, but is shot dead by Momoko, who is suddenly struck by a similar murderous intent.
7	8	st247	サード・ジェネレーション	True Jusatsu Arc [Killing by Curse]					Her parents, Kotaro and Sakura Niimura, are indicted for aiding and abetting the Megasawa City case. So she comes to Motoki-cho and begins living with Haruka Niimura.
8	9	st250	メガミゴロシミナゴロシ	True Jusatsu Arc [Killing by Curse]					Of all the residents of the Arata settlement, she alone does not change into the fourth generation. To survive among them she goes along with the residents in her daily life, but in the end she is killed at their hands.
9	10	st270	屋梁落月～世代～	Eden no Sakura Arc [Eden's Cherry]					While Haruka Niimura and the others are going through the storehouse's books, she bursts in, saying she sensed someone. Asked whether there is any space like a cave, she names the storeroom under her secret base.
10	11	st273	黙示録のラッパ吹き～開花～	Eden no Sakura Arc [Eden's Cherry]					She searches hard for Chigaya Niimura but finds nothing, and behind her bright face she hides a gloomy heart. Grateful to Erina Goto for helping her sister in Tokyo, she asks if she may call her Eri-nee, and Erina agrees.
11	12	st297	死月妖花～結束～	Eden no Sakura Arc [Eden's Cherry]					In fact, on the morning of April 7 she had found Chigaya Niimura in the abandoned hut. But because of Chigaya's menacing mutterings and her talk of their own family being the culprits, among other things, she could not bring her back to the settlement. Before she vanished, Chigaya seems to have found something that made her suspect Kotaro Niimura and Erika Niimura.
12	13	st281	乙女の聖戦～嫉妬～	Eden no Sakura Arc [Eden's Cherry]					She searches for the hidden books with her sister, Chigaya Niimura, but the exchange diary (fantasy diary) she never wanted anyone to see is found, and she is put through utter humiliation. Making it a reference would really be too cruel, so I will refrain.
14	14								
15	15								
16	16								
17	17								
18	18								
19	19								
20	20								
21	21								
22	22								
23	23								
24	24								
25	25								
26	26								
27	27								
28	28								
29	29								
30	30								
31	31								
32	32								
33	33								
34	34								
35	35								
36	36								
37	37								
38	38								
39	39								
40	40								
41	41								
42	42								
43	43								
44	44								
45	45								
46	46								
47	47								
48	48								
49	49								
50	50								
