ID	表示順	人物	シナリオ名	解禁編	人物分岐	特殊	ロック	ロックシナリオ名	テキスト cha 426
0	0	st85	April Sickness	Jusatsu Arc [Killing by Curse]					Born Shiyo 782, April 30. Height 166cm (as of Shiyo 800). A 3rd-year at Motoki High School. She lives in the room next to Natsumi Kogori's, and both her speech and her manner are boyish. She always has Natsumi Kogori on her mind, and if anything makes her suffer she tries somehow to take it away.
1	1	st104	Omen	Jusatsu Arc [Killing by Curse]					Out of a taste for the frightening she likes to stick her nose into talk of horror and crime. In fact she is timid, and when the talk actually starts she is said to be more frightened than anyone.
2	2	st116	Little Detective	Jusatsu Arc [Killing by Curse]					As a small child she moved away from Motoki-cho for a time. 3 years ago, in Shiyo 797, her father was transferred overseas, and she came back to Motoki-cho with her mother Mifuyu Niimura.
3	3	st171	Vomiting	Jusatsu Arc [Killing by Curse]					She claims to have made paper dolls and laid a curse on the 3 of the Kogori family. She also says she is the culprit of the Megasawa City murders and that she has cursed 6 people to death in the past, but Erina Goto is skeptical of it.
4	4	st173	Proof	Jusatsu Arc [Killing by Curse]					She believes it is common sense to wear a Noh mask and a large outer robe at memorial rites.
5	5	st173	Proof	Jusatsu Arc [Killing by Curse]					She witnesses the butchery at the Kogori house and loses Natsumi Kogori, her support, and her mother. Saying that it no longer matters who the culprit is or whether it is a curse, she drives a knife into her own throat.
41	6	リファレンス	リファレンス	Jusatsu Arc [Killing by Curse]					In Shiyo 798 (then 16 and a 1st-year in high school), she was on her way to a hospital for some reason. But she would not reveal the reason even to Natsumi Kogori.
6	7	ast119	Warning	Jusatsu Arc [Killing by Curse]	a				Pizza is her favorite food, and if there is an Italian event she gets on her bicycle and rushes there.
7	8	st141	Noh Mask	Jusatsu Arc [Killing by Curse]					She insists the shinigami will attack before long and pronounces death on Natsumi Kogori. Natsumi Kogori is deeply disappointed in her, however, and she resolves instead to protect Natsumi Kogori from the shinigami.
8	9	st172	What I Can Do	Jusatsu Arc [Killing by Curse]					She is struck by a car and falls into a coma, but as of Shiyo 802 there is a description that reads as though she has regained consciousness.
42	10	リファレンス	リファレンス	Jusatsu Arc [Killing by Curse]					Though weak in English and the science subjects, she is quite outstanding in Japanese and social studies, to the point that classmates ask her how she studies. In geography especially, she seems to have been confident she could get a perfect score even on a hard test.
9	11	st138	逃避行	Jusatsu Arc [Killing by Curse]					She apparently dislikes spicy food and coffee. She does at least show an attitude of trying to overcome them, but it seems to be quite hard for her after all.
10	12	st202	Haruka and the Witch and the Shinigami	Jusatsu Arc [Killing by Curse]					After the Motoki-cho incident she moves to the Arata settlement, where her father's family home is, and has not been heard from since.
11	13	st87	The Day the Witch Was Born	Meicho Arc [Clear Sign]					At her elementary school in Megasawa City, she stood up for a girl who was being bullied, and that made her the next target. After that she grew seriously interested in curses, and she was bullied by classmates who found that creepy or mocked her for it.
12	14	st102	Paper Doll	Meicho Arc [Clear Sign]					When the paper doll appears, she senses the danger closing in on the Kogori family. She seems torn between taking Natsumi Kogori to investigate the park and inviting Erina Goto home to consult her. In fact, this is the major branch point between the Jusatsu Arc [Killing by Curse] and the Meicho Arc [Clear Sign], and it greatly affects what follows.
13	15	st125	The Maidens' Holy War ~Prodigy~	Meicho Arc [Clear Sign]					At first she was reluctant about the Russian-roulette takoyaki battle, but she seems to have enjoyed it quite a bit, finding a way to win and getting caught up in the mood. She seems to be the type easily swept along by those around her.
14	16	st132	An Unplanned Murder	Meicho Arc [Clear Sign]					She flies into a rage at Erina Goto's deduction that Mifuyu Niimura's real target is Haruka herself, but quickly corrects her attitude. Inside, though, she cannot hide her anguish over why she has to be killed.
15	17	st136	I'm the Type Who Looks Slimmer in Clothes	Meicho Arc [Clear Sign]					She has apparently hit on a genius idea to prevent any further tragedy. It is a method only Haruka Niimura can carry out, it seems.
16	18	ast148	長	Meicho Arc [Clear Sign]	a				盗聴器を使った罠と祖母のモノマネで新村美冬を捕獲することに成功する。
17	19	st207	The Mysteries Left Behind	Meicho Arc [Clear Sign]					After the case, she meets Mifuyu Niimura face to face. Furious at Mifuyu Niimura for scorning herself as a failure as a mother, she pleads how much she has been helped until now. She says that even if Mifuyu committed murder, if it was for her sake she could never cut ties with her, and declares that she will go on accepting her as her mother.
43	20	st207	The Mysteries Left Behind	Meicho Arc [Clear Sign]					It seems she had been made to practice impressions of her grandmother since early childhood, and by coincidence that led to solving the case.
18	21	ast195	Dream Racing to the Past	Meicho Arc [Clear Sign]	a				On the night of the day Natsumi Kogori moves into the Niimura house, she is told that Natsumi Kogori has found a drug called Droga. Immediately afterward a loud sound and a caller in the middle of the night turn her fate around once again.
19	22	st14	The New Families	Wabigoto Arc [Apology]					Born the eldest daughter of the Kogori family, she was soon given up for adoption to the Niimura family. However, she is not to be told this fact until she comes of age.
20	23	st15	Cracks	Wabigoto Arc [Apology]					After Eiichiro Niimura's death, she is taken away from Motoki-cho by the shocked Mifuyu Niimura.
21	24	st33	Apology	Wabigoto Arc [Apology]					Recognizing that Mifuyu Niimura plotted murder because of her own curse, she apologizes for it. She had cursed the bullies in the first place not so much to escape the bullying herself as out of fear that her mother, who worried about the bullying, would weaken in body and mind again.
22	25	st211	Phantom	Shigatsu Arc [Death Month]					She protests that the Niimura family's welcome goes too far, but they pay no mind, and each warmly welcomes Natsumi Kogori and Erina Goto in their own way.
23	26	st96	The Charm	Shigatsu Arc [Death Month]					A few days before Natsumi Kogori and the others came to Megasawa City in Shiyo 790, Haruka Niimura performed a charm from a book she found in the school library, trying to save Mifuyu Niimura. She believes its effect cured Mifuyu Niimura's illness and let them return to Motoki-cho, but she does not seem absorbed in charms now.
45	27	st216	助っ人	Shigatsu Arc [Death Month]					For Erina Goto, who is seriously working to find a lead to solve ten years of murders, she introduces Kotaro Niimura as powerful backup.
46	28	st223	お守り	Shigatsu Arc [Death Month]					When told that Chigaya Niimura and Kana Niimura were made by Kotaro Niimura to train to kill, she is badly shaken; thinking Chigaya and her sister are murderers, she goes to warn Natsumi Kogori and the others.
24	29	st226	禁断の果実	Shigatsu Arc [Death Month]					She goes around calling Chigaya and Kana Niimura murderers, and for the first time is physically punished by Mifuyu Niimura. This brings her to her senses, and she realizes her thinking was wrong.
47	30	st235	不毛	Shigatsu Arc [Death Month]					To rescue Mifuyu Niimura, caught up in Erika Niimura's fruitless impressions, she eggs Erina Goto on to burst in, but only makes things more chaotic.
48	31	st111	覚醒	Shigatsu Arc [Death Month]					Attacked by Kotaro Niimura underground, she stands up to him alone to protect Natsumi Kogori and the others. But Kotaro, on Droga, brushes her aside with ease. When he is about to finish her off, Natsumi, trying to shield her, takes the blow instead.
25	32	st244	また会おうね。	Shigatsu Arc [Death Month]					GREENEYE
26	33	st184	姉妹②	Saigo no Koe Arc [Last Voice]					Having learned the Kogori couple are her real parents, she comes to a hot-spring inn with them and the others, but at first she does not know how to act and is somewhat distant. Secretly asking Erina Goto for advice, she is told the obvious: "Just act natural like always, and if you can bring Mifuyu Niimura a good story from the trip, that's enough." Haruka, too, grasps that obvious thing anew and decides to act as always.
27	34	st193	さよなら	Saigo no Koe Arc [Last Voice]					With Mifuyu Niimura, she visits the grave of a sister not related to her by blood. But her feelings are complicated: learning that this sister, too, had always received the love she thought was poured on her alone, she feels something like jealousy welling up. Still, she accepts it and thanks Mifuyu, who has always given her honest love: "Thank you for letting me visit her grave."
44	35	st193	さよなら	Saigo no Koe Arc [Last Voice]					Realizing that the Arata settlement will soon be gone, she thinks about how to keep alive the settlement her grandmother Erika Niimura tried to protect. In the end, she resolves to give up her current life and move to the Arata settlement.
28	36	st194	最後の声	Saigo no Koe Arc [Last Voice]					She tells Natsumi Kogori and Erina Goto she will leave Motoki-cho for the Arata settlement; they object, then tearfully cheer her on. Then a cherry petal appears in the room, and the main house's withered cherry blooms out of season. On that wind, her late grandmother Erika Niimura asks her to protect Arata from Motoki-cho. Perhaps embarrassed, she says, "Me, live in this dreary settlement? Obviously a joke," and stays.
29	37	st245	キオク×復讐×腫瘍	True Jusatsu Arc [Killing by Curse]					The mountain seclusion has made her tougher by leaps and bounds, and she comes to rescue Momoko Goto and the others from a desperate spot. But she is shot dead by Momoko, who is struck by a murderous intent no one can explain.
30	38	st247	サード・ジェネレーション	True Jusatsu Arc [Killing by Curse]					Learning that Mifuyu Niimura is the shinigami, she apologizes for driving her mother this far. Afterward, she takes in Kana Niimura, left alone in the Arata settlement, and will also live as sisters with Natsumi Kogori. She also reveres Momoko Goto as her Super Soda Bomber Master.
31	39	st248	肉付きの面	True Jusatsu Arc [Killing by Curse]					She shields Natsumi Kogori from Mifuyu Niimura's car and nearly dies, but survives. Yet she does not wake for 2 years, and after Natsumi's blood splashes on her she screams and thrashes in her coma. As the strain threatens her life, Natsumi has her put into an anesthetic sleep suppressing her reflexes for 48 hours. Natsumi's exchange transfusion frees her from the Green-Eye Curse-Killing, and she wakes the next morning.
32	40	st305	パラサイト・プリズン	True Jusatsu Arc [Killing by Curse]					Taken to Arata by Mifuyu Niimura, she loses her mother and spends 2 years in the mountain seclusion to toughen herself. Back in the settlement, she apparently touches 'the Goddess's Blessing' and is reborn as a divine messenger. In Motoki City she has Natsumi Kogori and Akane Kogori reborn as divine messengers, and kills Erina Goto as she is "lonely and pitiful." As a divine messenger, Haruka has no human ethics left.
33	41	st250	メガミゴロシミナゴロシ	True Jusatsu Arc [Killing by Curse]		2			After moving to the Arata settlement, she completes 2 years of the mountain seclusion to forge herself anew. Because of this, she has grown a size or two, both physically and mentally, and has gained physical ability and survival skills close to, if not quite equal to, those of Chigaya and Kana Niimura.
34	42	st250	メガミゴロシミナゴロシ	True Jusatsu Arc [Killing by Curse]					Realizing she has no place to belong in the deserted Arata settlement, or in Motoki-cho, where no one she can open her heart to remains, she goes on living alone on Mount Itohime after Shiyo 802. What became of her after that is unknown.
35	43	st265	現れし者と消えし者	Eden no Sakura Arc [Eden's Cherry]					On the day Chigaya Niimura arrives at the Arata settlement, she learns of the curse-killings over the phone. She passes on her talk with Chigaya to Natsumi Kogori, Erina Goto, and Mifuyu Niimura, but on the night of April 6, Chigaya vanishes. Because of this, she begins to doubt whether taking the two of them to the Arata settlement is right.
36	44	st266	未熟な勇者たち	Eden no Sakura Arc [Eden's Cherry]					She learns of Motoki-cho's goshinboku and of the massacre of the public body's members who tried to research it, but undaunted, she decides that they will all head for the Arata settlement.
37	45	st270	屋梁落月～世代～	Eden no Sakura Arc [Eden's Cherry]					Erina Goto puts forward the idea that Chigaya Niimura may be in a place people can hardly enter, one where a mummy could be kept. To check that place, she heads for the underground storeroom with Mifuyu Niimura.
38	46	st272	屋梁落月～浸食～	Eden no Sakura Arc [Eden's Cherry]					She goes to the underground storeroom with Mifuyu Niimura and finds a mummy beyond the part that had been sealed off. But since taking it out could needlessly stoke everyone's fears, it is left where it is for now.
39	47	st275	屋梁落月～転～	Eden no Sakura Arc [Eden's Cherry]					She searches the graveyard clearing with Mifuyu Niimura but loses sight of her partway through, and instead runs into Chigaya Niimura. Attacked without a chance to fight back, she is told to go to the abandoned hut.
40	48	st294	屋梁落月～分身～	Eden no Sakura Arc [Eden's Cherry]					Told by Mifuyu Niimura to run from Arata, she reluctantly does as she is told and tries to get down the mountain. On the way, she encounters Sakura Niimura, who should be dead. Hearing about Shigatsu Youka's ecology and the present situation, she goes back to the settlement to tell the others.
49	49								
50	50								
51	51								
52	52								
53	53								
54	54								
55	55								
56	56								
