連番	分類	ID	曜日	閲覧年月日 	タイトル	解禁編	列番号	罫線1	罫線2	罫線3	罫線4	罫線5	罫線6	解禁シナリオ1	解禁シナリオ2	解禁人物	解禁条件	入手人物	入手年月日	概要	形式	備考	文字数1	文字数2	特殊1	特殊2	特殊3	特殊4	特殊5	コア文字数	条件1	条件数値1	条件2	条件数値2	条件3	条件数値3	条件4	条件数値4	条件5	条件数値5	条件6	条件数値6	本当の文字数1
1	シナリオ	1.18104E+11	#VALUE!	Shiyo 1-04-08 16:00	Arata: A New Village	Eden no Sakura Arc [Eden's Cherry]	1	0	0	0	0	0	0	解禁シナリオ	解禁年月日	the Prince	Unlock condition	入手人物	1181-04-08 16:00	Summary	形式	備考	6617	0	0	0	0	12912	0.004642333	0													
3	シナリオ	1.56004E+11	#VALUE!	Shiyo 309-12-24 15:30	The Gateway to Paradise	Eden no Sakura Arc [Eden's Cherry]	1	あらたな村	0	0	0	0	0	歓迎の儀	解禁年月日	the ashigaru	See the cherry tree of the Niimura main house	不明	1560-04-30 23:05	A letter sent to his lord by someone who strayed into a settlement deep in the mountains	書簡	備考	4789	0	0	0	0	22256	0.003359851	0													
4	シナリオ	1.58206E+11	#VALUE!	Shiyo 310-04-04 14:00	The King of Demon Warriors	Eden no Sakura Arc [Eden's Cherry]	1	楽園の入り口						死神の掟	解禁年月日	the ashigaru	Receive instructions from Mifuyu Niimura on what to do	入手人物	1582-06-10 00:10	A letter sent by a retainer	書簡	備考	7779	0	0	0	0	15179	0.005457565	0													
7	シナリオ	1.59804E+11	#VALUE!	Shiyo 340-03-28 10:00	The Godai Hanami	Eden no Sakura Arc [Eden's Cherry]	1	鬼神の王						四月の敵意	解禁年月日	the Daifu	Hear from Erika Niimura about the residents' tendency to die	大老筆頭	1598-04-10 00:15	A diary in which the chief of the council of elders recorded the Godai hanami	文書	備考	7070	0	0	0	0	13796	0.004960147	0													
13	シナリオ	1.98604E+11	火	Shiyo 764-08-08 18:30	A Best Friend and Then Family	Wabigoto Arc [Apology]	1							0	0	Mifuyu Niimura	0	0	1986-04-08 16:00	0	0	0	6590	0	0	0	0	3574	0.00462339	0													
254	シナリオ	1.98604E+11	火	Shiyo 772-04-03 15:00	Servile Self-Love	Eden no Sakura Arc [Eden's Cherry]	1	吾大の花見	親友、そして家族					0	0	Eiichiro Niimura	0	0	1986-04-08 16:00	0	0	0	8965	0	0	0	0	17493	0.006289635	0													
208	シナリオ	2.00111E+11	木	Shiyo 778-11-22 18:00	Mirror (You)	Wabigoto Arc [Apology]	1	親友、そして家族						0	0	Mifuyu Niimura	0	0	2001-11-22 18:00	0	0	0	8341	0	0	0	0	4523	0.005851851	0													
209	シナリオ	2.00111E+11	金	Shiyo 778-11-23 16:00	Mirror (Me)	Wabigoto Arc [Apology]	1	鏡(あなた)						0	0	Mifuyu Niimura	0	0	2001-11-23 16:00	0	0	0	5735	0	0	0	0	3110	0.004023542	0													
210	シナリオ	2.00111E+11	土	Shiyo 778-11-24 16:00	Dream	Wabigoto Arc [Apology]	1	鏡(わたし)						0	0	Mifuyu Niimura	0	0	2001-11-24 18:00	0	0	0	4566	0	0	0	0	2476	0.003203399	0													
14	シナリオ	2.00111E+11	木	Shiyo 781-11-24 14:00	The New Families	Wabigoto Arc [Apology]	1	夢						0	0	Mifuyu Niimura	0	0	2001-11-22 14:00	0	0	0	5765	0	0	0	0	3126	0.004044589	0													
15	シナリオ	2.00804E+11	火	Shiyo 788-04-08 12:00	Cracks	Wabigoto Arc [Apology]	1	新しい家族たち						0	0	Ryoji Kogori	0	0	2008-04-08 12:00	0	0	0	5413	0	0	0	0	2935	0.003797634	0													
256	シナリオ	1.98604E+11	火	Shiyo 790-04-03 14:30	Out of Love...	Eden no Sakura Arc [Eden's Cherry]	1	卑屈な自己愛						0	0	Sakura Niimura	0	0	1986-04-08 16:00	0	0	0	8427	0	0	0	0	16443	0.005912186	0													
25	シナリオ	2.01004E+11	火	Shiyo 790-04-06 07:30	Two Years Later	Wabigoto Arc [Apology]	1	ひび						0	0	Ryoji Kogori	0	0	2010-04-06 07:30	0	0	0	3873	0	0	0	0	2100	0.002717206	0													
27	シナリオ	2.01004E+11	火	Shiyo 790-04-06 18:30	The Maidens' Holy War ~Duty~	Wabigoto Arc [Apology]	1	二年後						0	0	Ryoji Kogori	0	0	2010-04-06 18:30	0	0	0	4054	0	0	0	0	2198	0.002844192	0													
28	シナリオ	2.01004E+11	火	Shiyo 790-04-06 20:00	Megasawa City	Wabigoto Arc [Apology]	1	乙女の聖戦～義務～						0	0	Ryoji Kogori	0	0	2010-04-06 20:00	0	0	0	2923	0	0	0	0	1585	0.002050709	0													
29	シナリオ	2.01004E+11	水	Shiyo 790-04-07 14:00	A Freezing Parent and Child	Wabigoto Arc [Apology]	1	女ケ沢市						0	0	Ryoji Kogori	0	0	2010-04-07 14:00	0	0	0	2661	2483	分岐	0	0	2789	0.001866895	1347													
30	シナリオ	2.01004E+11	水	Shiyo 790-04-07 22:10	The Shinigami's Rule	Wabigoto Arc [Apology]	1	凍える親子						0	0	Ryoji Kogori	0	0	2010-04-07 22:10	0	0	0	5386	0	0	0	0	2921	0.003778692	0													
236	シナリオ	2.01004E+11	水	Shiyo 790-04-07 22:10	The Worst Resolve	Wabigoto Arc [Apology]	2	凍える親子						0	0	Ryoji Kogori	0	0	2010-04-07 22:10	0	0	0	1800	0	0	0	0	976	0.001262838	0													
237	シナリオ	2.01004E+11	水	Shiyo 790-04-08 16:00	Strange	Wabigoto Arc [Apology]	2	最悪の決意						0	0	Ryoji Kogori	0	0	2010-04-07 22:10	0	0	0	387	0	0	0	0	209	0.00027151	0													
31	シナリオ	2.01004E+11	木	Shiyo 790-04-08 05:00	The Courage I Wished For	Wabigoto Arc [Apology]	1	死神の掟						0	0	Ryoji Kogori	0	0	2010-04-08 05:00	0	0	0	6312	6452	分岐	0	0	6922	0.004428352	3712													
32	シナリオ	2.01004E+11	木	Shiyo 790-04-08 20:00	Rubbing the Wrong Way	Wabigoto Arc [Apology]	1	私が望んだ勇気						0	0	Ryoji Kogori	0	0	2010-04-08 20:00	0	0	0	5083	4110	END	分岐	0	4985	0.003566114	3472													
33	シナリオ	2.01004E+11	金	Shiyo 790-04-09 00:00	Apology	Wabigoto Arc [Apology]	1	逆撫で						0	0	Ryoji Kogori	0	0	2010-04-09 00:00	0	0	0	6938	0	0	0	0	3762	0.004867539	0													
34	シナリオ	2.01004E+11	金	Shiyo 790-05-01 10:00	Seeing Off	Wabigoto Arc [Apology]	1	詫言						0	0	Ryoji Kogori	0	0	2010-04-09 00:00	0	0	0	2107	0	END	0	0	1142	0.001478222	0													
70	シナリオ	2.02003E+11	金	Shiyo 800-03-27 19:00	Tampering	Meicho Arc [Clear Sign]	2	変						0	0	Ryoji Kogori	0	0	2020-03-27 19:00	0	0	備考	5746	0	0	0	0	2683	0.004031259	0													
257	シナリオ	1.98604E+11	火	Shiyo 800-03-28 17:00	The Tenth Spring	Eden no Sakura Arc [Eden's Cherry]	1	愛ゆえに……						0	0	Chigaya Niimura	0	0	1986-04-08 16:00	0	0	0	7477	0	0	0	0	14590	0.005245689	0													
258	シナリオ	1.98604E+11	火	Shiyo 800-03-29 11:00	Woman to Woman	Eden no Sakura Arc [Eden's Cherry]	1	10回目の春						0	0	Chigaya Niimura	0	0	1986-04-08 16:00	0	0	0	7650	0	0	0	0	14927	0.005367061	0													
259	シナリオ	1.98604E+11	火	Shiyo 800-03-29 12:40	Hidden Things	Eden no Sakura Arc [Eden's Cherry]	1	女同士の相談						0	0	Chigaya Niimura	0	0	1986-04-08 16:00	0	0	0	3438	0	0	0	0	6708	0.002412021	0													
260	シナリオ	1.98604E+11	火	Shiyo 800-03-29 15:00	A Mother's 'Aura'	Eden no Sakura Arc [Eden's Cherry]	1	隠し事						0	0	Chigaya Niimura	0	0	1986-04-08 16:00	0	0	0	4182	0	0	0	0	8160	0.002933994	0													
261	シナリオ	1.98604E+11	火	Shiyo 800-03-29 15:20	A Presence	Eden no Sakura Arc [Eden's Cherry]	1	母親の『気』	新入生代表挨拶					0	0	Chigaya Niimura	0	0	1986-04-08 16:00	0	0	0	3834	0	0	0	0	7481	0.002689845	0													
262	シナリオ	1.98604E+11	火	Shiyo 800-03-29 19:00	The Empty Scales	Eden no Sakura Arc [Eden's Cherry]	1	気配						0	0	Chigaya Niimura	0	0	1986-04-08 16:00	0	0	0	4392	0	0	0	0	8570	0.003081325	0													
263	シナリオ	1.98604E+11	火	Shiyo 800-04-01 12:00	The Master of Contradictions	Eden no Sakura Arc [Eden's Cherry]	1	空っぽの天秤						0	0	Chigaya Niimura	0	0	1986-04-08 16:00	0	0	0	8152	0	0	0	0	15907	0.005719253	0													
264	シナリオ	1.98604E+11	火	Shiyo 800-04-05 16:00	The Baton of the Heart	Eden no Sakura Arc [Eden's Cherry]	1	矛盾の支配者						0	0	Chigaya Niimura	0	0	1986-04-08 16:00	0	0	0	6836	0	0	0	0	13339	0.004795978	0													
279	シナリオ	1.98604E+11	火	Shiyo 800-04-05 20:00	Green Eyes ~Dormant~	Eden no Sakura Arc [Eden's Cherry]	4	心のバトン						0	0	Chigaya Niimura	0	0	1986-04-08 16:00	0	0	0	5974	0	0	0	真	11657	0.004191219	0													
280	シナリオ	1.98604E+11	火	Shiyo 800-04-06 13:00	Green Eyes ~Deception~	Eden no Sakura Arc [Eden's Cherry]	4	翠眼～潜伏～						0	0	Chigaya Niimura	0	0	1986-04-08 16:00	0	0	0	4609	0	0	0	真	8993	0.003233567	0													
281	シナリオ	1.98604E+11	火	Shiyo 800-04-06 15:15	The Maidens' Holy War ~Jealousy~	Eden no Sakura Arc [Eden's Cherry]	4	翠眼～欺瞞～						0	0	Chigaya Niimura	0	0	1986-04-08 16:00	0	0	0	5416	0	0	0	真	10568	0.003799739	0													
282	シナリオ	1.98604E+11	火	Shiyo 800-04-06 16:00	Green Eyes ~Three Truths~	Eden no Sakura Arc [Eden's Cherry]	4	乙女の聖戦～嫉妬～						0	0	Chigaya Niimura	0	0	1986-04-08 16:00	0	0	0	5784	0	0	0	真	11286	0.004057919	0													
283	シナリオ	1.98604E+11	火	Shiyo 800-04-06 17:00	Green Eyes ~Sense-Theft~	Eden no Sakura Arc [Eden's Cherry]	4	翠眼～3つの真相～						0	0	Chigaya Niimura	0	0	1986-04-08 16:00	0	0	0	9146	0	0	0	真	17846	0.00641662	0													
284	シナリオ	1.98604E+11	火	Shiyo 800-04-06 18:00	Green Eyes ~Necromancer~	Eden no Sakura Arc [Eden's Cherry]	4	翠眼～盗感～						0	0	Chigaya Niimura	0	0	1986-04-08 16:00	0	0	0	7877	0	0	0	真	15370	0.005526319	0													
285	シナリオ	1.98604E+11	火	Shiyo 800-04-06 21:00	Green Eyes ~Silence~	Eden no Sakura Arc [Eden's Cherry]	4	翠眼～ネクロマンサー～						0	0	Chigaya Niimura	0	0	1986-04-08 16:00	0	0	0	4322	0	0	0	真	8433	0.003032214	0													
78	シナリオ	2.02004E+11	火	Shiyo 800-04-07 09:30	The New Students' Representative Address	Shigatsu Arc [Death Month]	1	見送り						0	0	Natsumi Kogori	0	0	2020-04-07 09:30	0	0	0	1347	0	0	0	0	1923	0.000945024	0													
287	シナリオ	1.98604E+11	火	Shiyo 800-04-07 10:00	Green Eyes ~Tactics~	Eden no Sakura Arc [Eden's Cherry]	4	翠眼～沈黙～						0	0	Chigaya Niimura	0	0	1986-04-08 16:00	0	0	0	5046	0	0	0	真	9846	0.003540156	0													
82	シナリオ	2.02004E+11	火	Shiyo 800-04-07 11:00	Haruka's Hometown	Shigatsu Arc [Death Month]	1	新入生代表挨拶						0	0	Natsumi Kogori	0	0	2020-04-07 12:00	0	0	0	3096	2922	分岐	0	0	8591	0.002172081	2338													
83	シナリオ	2.02004E+11	火	Shiyo 800-04-07 12:40	Only Fun Things for Now.	Shigatsu Arc [Death Month]	1	春花の故郷						0	0	Natsumi Kogori	0	0	2020-04-07 13:30	0	0	0	4126	0	0	0	0	5890	0.002894705	0													
228	シナリオ	2.02004E+11	火	Shiyo 800-04-07 12:40	Monkey (Mashira)	Shigatsu Arc [Death Month]	4	春花の故郷						0	0	Natsumi Kogori	0	0	2020-04-07 13:30	0	0	0	3312	0	0	0	0	4728	0.002323622	0													
84	シナリオ	2.02004E+11	火	Shiyo 800-04-07 15:00	Friend with April Sickness	Meicho Arc [Clear Sign]	2	細工						紙人形	乙女の聖戦～女王～	Haruka Niimura	0	0	2020-04-07 15:00	0	0	0	1217	0	0	0	0	568	0.000853819	0													
85	シナリオ	2.02004E+11	火	Shiyo 800-04-07 16:00	April Sickness	Jusatsu Arc [Killing by Curse]	1	四月病の友人	0	0				0	0	Natsumi Kogori	0	0	2020-04-07 16:00	0	0	0	9955	0	0	0	0	4115	0.002886988	0													
307	シナリオ	2.02004E+11	火	Shiyo 800-04-07 16:00	The Maidens' Holy War ~Queen~	Meicho Arc [Clear Sign]	3	四月病の友人							0	Erina Goto	0	0	2020-04-07 15:00	0	0	0	4301	0	0	0	0	2009	0.003017481	0													
265	シナリオ	1.98604E+11	火	Shiyo 800-04-07 16:00	Those Who Appeared and Those Who Vanished	Eden no Sakura Arc [Eden's Cherry]	1	心のバトン						0	0	Haruka Niimura	0	0	1986-04-08 16:00	0	0	0	5639	0	0	0	真	11003	0.003956191	0													
89	シナリオ	2.02004E+11	火	Shiyo 800-04-07 17:00	Make-Believe Loveliness	Shigatsu Arc [Death Month]	1	今は楽しいことだけを。						0	0	Natsumi Kogori	0	0	2020-04-07 17:00	0	0	0	5604	0	0	0	0	8000	0.003931636	0													
87	シナリオ	2.02004E+11	火	Shiyo 800-04-07 17:10	The Day the Witch Was Born	Meicho Arc [Clear Sign]	2	四月病の友人	乙女の聖戦～女王～					紙人形	0	Haruka Niimura	0	0	2020-04-07 17:10	0	0	0	6308	0	0	0	0	2946	0.004425546	0													
229	シナリオ	2.02004E+11	火	Shiyo 800-04-07 17:45	Detour (Avoidance)	Shigatsu Arc [Death Month]	4	猿(ましら)						0	0	Natsumi Kogori	0	0	2020-04-07 13:30	0	0	0	4137	0	0	0	0	5906	0.002902423	0													
266	シナリオ	1.98604E+11	火	Shiyo 800-04-07 17:45	Fledgling Heroes	Eden no Sakura Arc [Eden's Cherry]	1	現れし者と消えし者						0	0	Haruka Niimura	0	0	1986-04-08 16:00	0	0	0	5635	0	0	0	真	10995	0.003953384	0													
211	シナリオ	2.02004E+11	火	Shiyo 800-04-07 18:00	Phantom	Shigatsu Arc [Death Month]	1	かりそめの可憐						0	0	Natsumi Kogori	0	0	2020-04-07 17:00	0	0	0	6650	0	0	0	0	9493	0.004665485	0													
88	シナリオ	2.02004E+11	火	Shiyo 800-04-07 18:30	Bright Red ××	Meicho Arc [Clear Sign]	3	魔女が生まれた日							0	Mifuyu Niimura	0	0	2020-04-07 18:30	0	0	0	9547	0	0	0	0	4459	0.006697952	0													
90	シナリオ	2.02004E+11	火	Shiyo 800-04-07 18:30	The Welcoming Rite	Shigatsu Arc [Death Month]	1	幻影						0	0	Natsumi Kogori	0	0	2020-04-07 20:00	0	0	0	4573	0	0	0	0	6528	0.00320831	0													
267	シナリオ	1.98604E+11	火	Shiyo 800-04-07 18:30	Splitting Up	Eden no Sakura Arc [Eden's Cherry]	1	未熟な勇者たち						0	0	Haruka Niimura	0	0	1986-04-08 16:00	0	0	0	1029	0	0	0	真	2007	0.000721922	0													
230	シナリオ	2.02004E+11	火	Shiyo 800-04-07 18:30	The Last Chance	Shigatsu Arc [Death Month]	4	迂回(かいひ)						0	0	Natsumi Kogori	0	0	2020-04-07 13:30	0	0	0	4999	0	0	0	0	7136	0.003507182	0													
268	シナリオ	1.98604E+11	火	Shiyo 800-04-07 18:45	Moonlight on the Rafters ~Shinigami~	Eden no Sakura Arc [Eden's Cherry]	1	二手						0	0	Haruka Niimura	0	0	1986-04-08 16:00	0	0	0	6384	0	0	0	真	12457	0.004478865	0													
269	シナリオ	1.98604E+11	火	Shiyo 800-04-07 18:45	Shigatsu Youka ~Vanity~	Eden no Sakura Arc [Eden's Cherry]	3	二手						0	0	Natsumi Kogori	0	0	1986-04-08 16:00	0	0	0	4706	0	0	0	真	9183	0.00330162	0													
231	シナリオ	2.02004E+11	火	Shiyo 800-04-07 19:00	Contradiction	Shigatsu Arc [Death Month]	4	最後の機会						0	0	Natsumi Kogori	0	0	2020-04-07 13:30	0	0	0	4476	0	0	0	0	6390	0.003140257	0													
270	シナリオ	1.98604E+11	火	Shiyo 800-04-07 19:10	Moonlight on the Rafters ~Generations~	Eden no Sakura Arc [Eden's Cherry]	1	屋梁落月～死神～						0	0	Haruka Niimura	0	0	1986-04-08 16:00	0	0	0	2928	0	0	0	真	5713	0.002054216	0													
271	シナリオ	1.98604E+11	火	Shiyo 800-04-07 19:10	Shigatsu Youka ~Stolen Sight~	Eden no Sakura Arc [Eden's Cherry]	3	死月妖花～虚栄～						0	0	Natsumi Kogori	0	0	1986-04-08 16:00	0	0	0	1532	0	0	0	真	2989	0.001074815	0													
92	シナリオ	2.02004E+11	火	Shiyo 800-04-07 19:20	The Maidens' Holy War ~Apparition~	Shigatsu Arc [Death Month]	1	歓迎の儀						0	0	Natsumi Kogori	0	0	2020-04-07 21:00	0	0	0	3471	0	0	0	0	4955	0.002435173	0													
232	シナリオ	2.02004E+11	火	Shiyo 800-04-07 19:20	Shunned	Shigatsu Arc [Death Month]	4	矛盾						0	0	Natsumi Kogori	0	0	2020-04-07 13:30	0	0	0	2675	0	0	0	0	3818	0.001876718	0													
94	シナリオ	2.02004E+11	火	Shiyo 800-04-07 19:30	Shared Murder	Shigatsu Arc [Death Month]	1	乙女の聖戦～怪～						0	0	Natsumi Kogori	0	0	2020-04-07 21:20	0	0	0	5564	0	0	0	0	7943	0.003903572	0													
233	シナリオ	2.02004E+11	火	Shiyo 800-04-07 19:40	Boxes	Shigatsu Arc [Death Month]	4	忌避						0	0	Natsumi Kogori	0	0	2020-04-07 13:30	0	0	0	3935	0	0	0	0	5617	0.002760704	0													
95	シナリオ	2.02004E+11	火	Shiyo 800-04-07 19:45	The Spirit That Won Favor	Shigatsu Arc [Death Month]	1	共有殺人						0	0	Natsumi Kogori	0	0	2020-04-07 21:30	0	0	0	4517	0	0	0	0	6448	0.003169022	0													
286	シナリオ	1.98604E+11	火	Shiyo 800-04-07 19:50	Green Eyes ~Fallen~	Eden no Sakura Arc [Eden's Cherry]	4	翠眼～沈黙～						0	0	Chigaya Niimura	0	0	1986-04-08 16:00	0	0	0	5701	0	0	0	真	11124	0.003999688	0													
96	シナリオ	2.02004E+11	火	Shiyo 800-04-07 20:00	The Charm	Shigatsu Arc [Death Month]	1	気に入られた心意気						0	0	Natsumi Kogori	0	0	2020-04-07 21:40	0	0	0	1507	0	0	0	0	2151	0.001057276	0													
234	シナリオ	2.02004E+11	火	Shiyo 800-04-07 20:00	Probing	Shigatsu Arc [Death Month]	4	箱						0	0	Natsumi Kogori	0	0	2020-04-07 13:30	0	0	0	4367	0	0	0	0	6234	0.003063785	0													
272	シナリオ	1.98604E+11	火	Shiyo 800-04-07 20:00	Moonlight on the Rafters ~Erosion~	Eden no Sakura Arc [Eden's Cherry]	1	屋梁落月～世代～						0	0	Haruka Niimura	0	0	1986-04-08 16:00	0	0	0	4882	0	0	0	真	9526	0.003425097	0													
273	シナリオ	1.98604E+11	火	Shiyo 800-04-07 20:00	The Trumpeter of the Apocalypse ~Blooming~	Eden no Sakura Arc [Eden's Cherry]	2	屋梁落月～世代～						0	0	Erina Goto	0	0	1986-04-08 16:00	0	0	0	4522	0	0	0	真	8823	0.00317253	0													
97	シナリオ	2.02004E+11	火	Shiyo 800-04-07 20:15	Motokizakura-sama 1	Shigatsu Arc [Death Month]	1	おまじない						0	0	Natsumi Kogori	0	0	2020-04-07 21:50	0	0	0	2298	0	0	0	0	3280	0.001612223	0													
235	シナリオ	2.02004E+11	火	Shiyo 800-04-07 20:15	Fruitless	Shigatsu Arc [Death Month]	4	探り						0	0	Natsumi Kogori	0	0	2020-04-07 13:30	0	0	0	1834	0	0	0	0	2618	0.001286692	0													
98	シナリオ	2.02004E+11	火	Shiyo 800-04-07 20:30	Motokizakura-sama 2	Shigatsu Arc [Death Month]	1	モトキザクラ様①						0	0	Natsumi Kogori	0	0	2020-04-07 22:00	0	0	0	3555	0	0	0	0	5075	0.002494105	0													
91	シナリオ	2.02004E+11	火	Shiyo 800-04-07 20:30	To the Cherry Tree	Shigatsu Arc [Death Month]	4	不毛						0	0	Natsumi Kogori	0	0	2020-04-07 20:30	0	0	0	3048	0	0	0	0	4351	0.002138406	0													
308	シナリオ	2.02004E+11	火	Shiyo 800-04-07 20:30	Proxy Sisters	Shigatsu Arc [Death Month]	5	不毛						0	0	Erina Goto	0	0	2020-04-07 20:30	0	0	0	5675	0	0	0	0	8101	0.003981448	0													
275	シナリオ	1.98604E+11	火	Shiyo 800-04-07 20:30	Moonlight on the Rafters ~Turn~	Eden no Sakura Arc [Eden's Cherry]	1	屋梁落月～浸食～						0	0	Haruka Niimura	0	0	1986-04-08 16:00	0	0	0	4552	0	0	0	真	8882	0.003193577	0													
277	シナリオ	1.98604E+11	火	Shiyo 800-04-07 20:30	The Trumpeter of the Apocalypse ~Burned Away~	Eden no Sakura Arc [Eden's Cherry]	2	黙示録のラッパ吹き～開花～						0	0	Erina Goto	0	0	1986-04-08 16:00	0	0	0	6726	0	0	0	真	13124	0.004718805	0													
296	シナリオ	1.98604E+11	火	Shiyo 800-04-07 20:30	Shigatsu Youka ~Secret Contact~	Eden no Sakura Arc [Eden's Cherry]	3	死月妖花～盗視～						0	0	Natsumi Kogori	0	0	1986-04-08 16:00	0	0	0	5519	0	0	0	真	10769	0.003872002	0													
288	シナリオ	1.98604E+11	火	Shiyo 800-04-07 20:30	Green Eyes ~Feint~	Eden no Sakura Arc [Eden's Cherry]	4	翠眼～タクティクス～						0	0	Chigaya Niimura	0	0	1986-04-08 16:00	0	0	0	8251	0	0	0	真	16100	0.005788709	0													
99	シナリオ	2.02004E+11	火	Shiyo 800-04-07 20:45	Death's Neighbor	Shigatsu Arc [Death Month]	1	モトキザクラ様②						0	0	Natsumi Kogori	0	0	2020-04-07 22:10	0	0	0	6896	0	0	0	0	9845	0.004838073	0													
212	シナリオ	2.02004E+11	火	Shiyo 800-04-07 21:00	Erina-chan	Shigatsu Arc [Death Month]	1	死の隣人						0	0	Natsumi Kogori	0	0	2020-04-07 22:50	0	0	0	5602	0	0	0	0	7997	0.003930232	0													
294	シナリオ	1.98604E+11	火	Shiyo 800-04-07 21:00	Moonlight on the Rafters ~Offshoot~	Eden no Sakura Arc [Eden's Cherry]	1	屋梁落月～転～						0	0	Haruka Niimura	0	0	1986-04-08 16:00	0	0	0	7172	0	0	0	真	13995	0.005031708	0													
118	シナリオ	2.02004E+11	火	Shiyo 800-04-07 21:20	Cursed Thinking	Shigatsu Arc [Death Month]	4	桜の元へ						0	0	Natsumi Kogori	0	0	2020-04-07 20:30	0	0	0	5274	0	0	0	0	7529	0.003700115	0													
309	シナリオ	2.02004E+11	火	Shiyo 800-04-07 21:25	Harmony	Shigatsu Arc [Death Month]	5	代理姉妹						0	0	Erina Goto	0	0	2020-04-07 20:30	0	0	0	2136	0	0	0	0	3049	0.001498568	0													
297	シナリオ	1.98604E+11	火	Shiyo 800-04-07 21:30	Shigatsu Youka ~Unity~	Eden no Sakura Arc [Eden's Cherry]	3	死月妖花～密触～						0	0	Natsumi Kogori	0	0	1986-04-08 16:00	0	0	0	7480	0	0	0	真	14596	0.005247793	0													
278	シナリオ	1.98604E+11	火	Shiyo 800-04-07 21:30	The Trumpeter of the Apocalypse ~Wandering~	Eden no Sakura Arc [Eden's Cherry]	2	黙示録のラッパ吹き～しょう失～						0	0	Erina Goto	0	0	1986-04-08 16:00	0	0	0	2328	0	0	0	真	4542	0.00163327	0													
290	シナリオ	1.98604E+11	火	Shiyo 800-04-07 21:45	The Trumpeter of the Apocalypse ~Betrayal~	Eden no Sakura Arc [Eden's Cherry]	2	黙示録のラッパ吹き～徘徊～						0	0	Erina Goto	0	0	1986-04-08 16:00	0	0	0	3663	0	0	0	真	7147	0.002569875	0													
291	シナリオ	1.98604E+11	火	Shiyo 800-04-07 21:55	The Trumpeter of the Apocalypse ~Legend~	Eden no Sakura Arc [Eden's Cherry]	2	黙示録のラッパ吹き～裏切り～						0	0	Erina Goto	0	0	1986-04-08 16:00	0	0	0	7921	0	0	0	真	15456	0.005557189	0													
100	シナリオ	2.02004E+11	火	Shiyo 800-04-07 22:00	Another Rite	Shigatsu Arc [Death Month]	1	絵梨奈ちゃん						0	0	Natsumi Kogori	0	0	2020-04-07 22:50	0	0	0	2295	1283	分岐	0	0	5108	0.001610118	645													
238	シナリオ	2.02004E+11	火	Shiyo 800-04-07 22:00	A Correct Contradiction	Shigatsu Arc [Death Month]	4	呪いの思考	融和					0	0	Natsumi Kogori	0	0	2020-04-07 13:30	0	0	0	5417	0	0	0	0	7733	0.003800441	0													
213	シナリオ	2.02004E+11	火	Shiyo 800-04-07 22:10	The Succession Rite	Shigatsu Arc [Death Month]	1	もう一つの儀式						0	0	Natsumi Kogori	0	0	2020-04-07 22:50	0	0	0	5107	0	0	0	0	7291	0.003582952	0													
219	シナリオ	2.02004E+11	火	Shiyo 800-04-07 22:10	Secret Base	Shigatsu Arc [Death Month]	2	もう一つの儀式						0	0	Natsumi Kogori	0	0	2020-04-07 22:50	0	0	0	3507	0	0	0	0	5006	0.002460429	0													
295	シナリオ	1.98604E+11	火	Shiyo 800-04-07 22:10	Moonlight on the Rafters ~Substitute~	Eden no Sakura Arc [Eden's Cherry]	1	屋梁落月～分身～						0	0	Haruka Niimura	0	0	1986-04-08 16:00	0	0	0	6973	0	0	0	真	13606	0.004892094	0													
298	シナリオ	1.98604E+11	火	Shiyo 800-04-07 22:10	Shigatsu Youka ~Invitation~	Eden no Sakura Arc [Eden's Cherry]	3	死月妖花～結束～						0	0	Natsumi Kogori	0	0	1986-04-08 16:00	0	0	0	4108	0	0	0	真	8016	0.002882077	0													
220	シナリオ	2.02004E+11	火	Shiyo 800-04-07 22:30	Blindfold	Shigatsu Arc [Death Month]	2	秘密基地						0	0	Natsumi Kogori	0	0	2020-04-07 22:50	0	0	0	5135	0	0	0	0	7331	0.003602596	0													
292	シナリオ	1.98604E+11	火	Shiyo 800-04-07 22:30	The Trumpeter of the Apocalypse ~Focus~	Eden no Sakura Arc [Eden's Cherry]	2	黙示録のラッパ吹き～伝承～						0	0	Erina Goto	0	0	1986-04-08 16:00	0	0	0	7161	0	0	0	真	13973	0.00502399	0													
214	シナリオ	2.02004E+11	火	Shiyo 800-04-07 23:00	The Goddess's Remains	Shigatsu Arc [Death Month]	1	継承の儀						0	0	Haruka Niimura	0	0	2020-04-07 22:50	0	0	0	2965	0	0	0	0	4233	0.002080175	0													
221	シナリオ	2.02004E+11	火	Shiyo 800-04-07 23:00	Those Involved 10 Years Ago	Shigatsu Arc [Death Month]	2	目隠し						0	0	Natsumi Kogori	0	0	2020-04-07 22:50	0	0	0	3789	0	0	0	0	5409	0.002658274	0													
293	シナリオ	1.98604E+11	火	Shiyo 800-04-07 23:00	The Trumpeter of the Apocalypse ~Bluff and Counter-Bluff~	Eden no Sakura Arc [Eden's Cherry]	2	黙示録のラッパ吹き～焦点～						0	0	Erina Goto	0	0	1986-04-08 16:00	0	0	0	5523	0	0	0	真	10777	0.003874808	0													
215	シナリオ	2.02004E+11	火	Shiyo 800-04-07 23:10	The Shigatsu Curse	Shigatsu Arc [Death Month]	1	女神の亡骸						0	0	Natsumi Kogori	0	0	2020-04-07 22:50	0	0	0	5325	0	0	0	0	7602	0.003735896	0													
222	シナリオ	2.02004E+11	火	Shiyo 800-04-07 23:15	An Incomprehensible Will	Shigatsu Arc [Death Month]	2	10年前の当事者						0	0	Haruka Niimura	0	0	2020-04-07 22:50	0	0	0	3176	0	0	0	0	4534	0.002228207	0													
216	シナリオ	2.02004E+11	火	Shiyo 800-04-07 23:20	Backup	Shigatsu Arc [Death Month]	1	しがつの呪い						0	0	Natsumi Kogori	0	0	2020-04-07 22:50	0	0	0	4120	0	0	0	0	5881	0.002890496	0													
223	シナリオ	2.02004E+11	火	Shiyo 800-04-07 23:25	The Amulet	Shigatsu Arc [Death Month]	2	不可解な意思						0	0	Haruka Niimura	0	0	2020-04-07 22:50	0	0	0	5574	0	0	0	0	7957	0.003910588	0													
224	シナリオ	2.02004E+11	火	Shiyo 800-04-07 23:25	The Palm of the Hand	Shigatsu Arc [Death Month]	3	不可解な意思						0	0	Erina Goto	0	0	2020-04-07 22:50	0	0	0	5492	0	0	0	0	7840	0.003853059	0													
299	シナリオ	1.98604E+11	火	Shiyo 800-04-07 23:30	Shigatsu Youka ~Hope (Pandora)~	Eden no Sakura Arc [Eden's Cherry]	3	死月妖花～いざない～						0	0	Natsumi Kogori	0	0	1986-04-08 16:00	0	0	0	6787	0	0	0	真	13243	0.004761601	0													
225	シナリオ	2.02004E+11	火	Shiyo 800-04-07 23:40	Ambush	Shigatsu Arc [Death Month]	3	手のひら						0	0	Erina Goto	0	0	2020-04-07 22:50	0	0	0	5267	0	0	0	0	7519	0.003695204	0													
217	シナリオ	2.02004E+11	火	Shiyo 800-04-07 23:50	'Setup'	Shigatsu Arc [Death Month]	1	助っ人						0	0	Natsumi Kogori	0	0	2020-04-07 22:50	0	0	0	4321	0	0	0	0	6168	0.003031513	0													
239	シナリオ	2.02004E+11	火	Shiyo 800-04-07 23:50	Branch	Shigatsu Arc [Death Month]	4	正しい矛盾						0	0	Natsumi Kogori	0	0	2020-04-07 13:30	0	0	0	6538	0	0	0	0	9334	0.004586908	0													
226	シナリオ	2.02004E+11	火	Shiyo 800-04-08 00:00	Forbidden Fruit	Shigatsu Arc [Death Month]	2	お守り	伏兵					0	0	Haruka Niimura	0	0	2020-04-07 22:50	0	0	0	6769	0	0	0	0	9663	0.004748972	0													
276	シナリオ	1.98604E+11	火	Shiyo 800-04-08 00:00	Descent	Eden no Sakura Arc [Eden's Cherry]	1	屋梁落月～代替～		黙示録のラッパ吹き～虚虚実実～	翠眼～陽動～	死月妖花～希望(パンドラ)～		0	0	Natsumi Kogori	0	0	1986-04-08 16:00	0	0	0	11002	0	0	0	極	21468	0.007718746	0													
218	シナリオ	2.02004E+11	火	Shiyo 800-04-08 00:10	A Body That 'Is Dead'	Shigatsu Arc [Death Month]	1	『起』						0	0	Natsumi Kogori	0	0	2020-04-07 22:50	0	0	0	3928	0	END	0	0	5607	0.002755793	0													
300	シナリオ	1.98604E+11	火	Shiyo 800-04-08 01:30	A Girl's Wish	Eden no Sakura Arc [Eden's Cherry]	1	降臨						0	0	Natsumi Kogori	0	0	1986-04-08 16:00	0	0	0	13646	0	0	0	極	26628	0.009573715	0													
301	シナリオ	1.98604E+11	火	Shiyo 800-04-08 02:00	心をあなたに。	Eden no Sakura Arc [Eden's Cherry]	1	少女の願い						0	0	Natsumi Kogori	0	0	1986-04-08 16:00	0	0	0	10311	0	0	0	極	20120	0.007233957	0													
302	シナリオ	1.98604E+11	火	Shiyo 800-04-08 02:10	あるべき姿へ	Eden no Sakura Arc [Eden's Cherry]	1	心をあなたに。						0	0	Natsumi Kogori	0	0	1986-04-08 16:00	0	0	0	10453	0	0	0	極	20397	0.007333581	0													
227	シナリオ	2.02004E+11	火	Shiyo 800-04-08 06:00	I Came to See You.	Shigatsu Arc [Death Month]	2	禁断の果実						0	0	Erina Goto	0	0	2020-04-07 22:50	0	0	0	5403	0	END	0	0	7713	0.003790619	0													
240	シナリオ	2.02004E+11	火	Shiyo 800-04-08 06:00	Water	Shigatsu Arc [Death Month]	4	枝						0	0	Natsumi Kogori	0	0	2020-04-07 13:30	0	0	0	2509	0	0	0	0	3582	0.001760256	0													
101	シナリオ	2.02004E+11	水	Shiyo 800-04-08 06:30	Morning of April 8	Jusatsu Arc [Killing by Curse]	1	四月病	0	0	0			0	0	Natsumi Kogori	0	0	2020-04-08 06:30	0	0	0	9977	0	0	0	0	4055	0.002844893	0													
102	シナリオ	2.02004E+11	水	Shiyo 800-04-08 06:30	Paper Doll	Meicho Arc [Clear Sign]	2	魔女が生まれた日	真っ赤な××					五島の疑惑	0	Haruka Niimura	0	0	2020-04-08 06:30	0	0	0	5242	0	0	0	0	2448	0.003677665	0													
241	シナリオ	2.02004E+11	火	Shiyo 800-04-08 06:30	Roots	Shigatsu Arc [Death Month]	4	水						0	0	Natsumi Kogori	0	0	2020-04-07 13:30	0	0	0	3635	0	0	0	0	5189	0.002550231	0													
242	シナリオ	2.02004E+11	火	Shiyo 800-04-08 07:30	Solved (Tentative)	Shigatsu Arc [Death Month]	4	根						0	0	Natsumi Kogori	0	0	2020-04-07 13:30	0	0	0	6465	0	0	0	0	9229	0.004535693	0													
104	シナリオ	2.02004E+11	水	Shiyo 800-04-08 08:20	Omen	Jusatsu Arc [Killing by Curse]	1	四月八日の朝	0	0	0			0	0	Natsumi Kogori	0	0	2020-04-08 08:20	0	0	0	11249	0	0	0	0	4911	0.003445443	0													
243	シナリオ	2.02004E+11	火	Shiyo 800-04-08 08:20	Intimidation	Shigatsu Arc [Death Month]	4	解明（仮）						0	0	Natsumi Kogori	0	0	2020-04-07 13:30	0	0	0	3505	0	0	0	0	5003	0.002459026	0													
103	シナリオ	2.02004E+11	水	Shiyo 800-04-08 09:00	The Thirteenth-Year Memorial Service 1	Shigatsu Arc [Death Month]	4	威圧						0	0	Natsumi Kogori	0	0	2020-04-08 07:00	0	0	0	4961	0	0	0	0	7082	0.003480522	0													
203	シナリオ	2.02004E+11	水	Shiyo 800-04-08 09:50	Setting in Motion	Jusatsu Arc [Killing by Curse]	2	前兆	0							Erina Goto			2020-04-08 09:50				3152	0	0	0	0	1223	0.000858028	0													
105	シナリオ	2.02004E+11	水	Shiyo 800-04-08 10:00	The Thirteenth-Year Memorial Service 2	Shigatsu Arc [Death Month]	4	十三回忌①						0	0	Natsumi Kogori	0	0	2020-04-08 09:00	0	0	0	5657	0	0	0	0	8076	0.003968819	0													
306	シナリオ	2.02004E+11	水	Shiyo 800-04-08 10:40	Rubberneckers	Jusatsu Arc [Killing by Curse]	2	始動	0							Erina Goto			2020-04-08 09:50				5436	0	0	0	0	1940	0.001361059	0													
107	シナリオ	2.02004E+11	水	Shiyo 800-04-08 10:40	Encirclement	Shigatsu Arc [Death Month]	4	十三回忌②						0	0	Natsumi Kogori	0	0	2020-04-08 10:00	0	0	0	4042	0	0	0	0	5770	0.002835773	0													
304	シナリオ	1.98604E+11	火	Shiyo 800-04-08 10:40	まどろみ～春の幻～	Eden no Sakura Arc [Eden's Cherry]	1	あるべき姿へ						0	0	Chigaya Niimura	0	0	1986-04-08 16:00	0	0	0	5448	0	0	0	最	10630	0.00382219	0													
111	シナリオ	2.02004E+11	水	Shiyo 800-04-08 11:30	Awakening	Shigatsu Arc [Death Month]	4	包囲網						0	0	Natsumi Kogori	0	0	2020-04-08 11:00	0	0	0	4454	0	0	0	0	6358	0.003124822	0													
311	シナリオ	1.98604E+11	火	Shiyo 800-04-08 11:30	まどろみ～巣立ち～	Eden no Sakura Arc [Eden's Cherry]	1	まどろみ～春の幻～						0	0	Chigaya Niimura	0	0	1986-04-08 16:00	0	0	0	4517	0	0	0	最	8814	0.003169022	0													
113	シナリオ	2.02004E+11	水	Shiyo 800-04-08 12:00	Curiosity	Jusatsu Arc [Killing by Curse]	1	前兆	0					0	0	Natsumi Kogori	0	0	2020-04-08 12:00	0	0	0	9938	9251	分岐	0	0	8357	0.003024497	8236													
114	シナリオ	2.02004E+11	水	Shiyo 800-04-08 12:00	Goto's Suspicion	Meicho Arc [Clear Sign]	2	紙人形	好奇心					0	0	Haruka Niimura	0	0	2020-04-08 12:00	0	0	0	3064	0	0	0	0	1431	0.002149631	0													
116	シナリオ	2.02004E+11	水	Shiyo 800-04-08 12:20	Little Detective	Jusatsu Arc [Killing by Curse]	1	好奇心	野次馬					0	0	Natsumi Kogori	0	0	2020-04-08 12:20	0	0	0	17976	0	0	0	0	7496	0.005259019	0	st113	5	st306	5									
117	シナリオ	2.02004E+11	水	Shiyo 800-04-08 12:20	Let's Give Up	Meicho Arc [Clear Sign]	2	五島の疑惑						0	0	Haruka Niimura	0	0	2020-04-08 12:20	0	0	0	4129	0	0	0	0	1928	0.00289681	0													
119	シナリオ	2.02004E+11	水	Shiyo 800-04-08 13:10	Warning	Jusatsu Arc [Killing by Curse]	1	小さな探偵	0					0	0	Natsumi Kogori	0	0	2020-04-08 13:10	0	0	0	8598	10111	分岐	0	0	8143	0.002593729	7020													
120	シナリオ	2.02004E+11	水	Shiyo 800-04-08 13:10	Only One Survives	Meicho Arc [Clear Sign]	2	あきらめましょう						0	0	Haruka Niimura	0	0	2020-04-08 13:10	0	0	0	5242	0	0	0	0	2448	0.003677665	0													
122	シナリオ	2.02004E+11	水	Shiyo 800-04-08 13:15	Talk About Dad	Jusatsu Arc [Killing by Curse]	6	好奇心	0					0	0	Natsumi Kogori	0	0	2020-04-08 13:20	0	0	備考	8308	0	0	0	0	3306	0.002319412	0													
124	シナリオ	2.02004E+11	水	Shiyo 800-04-08 13:30	Promises	Shigatsu Arc [Death Month]	4	覚醒						0	0	Natsumi Kogori	0	0	2020-04-08 13:30	0	0	0	2722	0	0	0	0	3886	0.001909692	0													
127	シナリオ	2.02004E+11	水	Shiyo 800-04-08 13:40	I'm Sorry.	Jusatsu Arc [Killing by Curse]	6	お父さんの話						0	0	Natsumi Kogori	0	0	2020-04-08 13:40	0	0	0	7026	0	0	0	0	2887	0.002025452	0													
125	シナリオ	2.02004E+11	水	Shiyo 800-04-08 13:40	The Maidens' Holy War ~Prodigy~	Meicho Arc [Clear Sign]	2	生き残るのは一人						0	0	Haruka Niimura	0	0	2020-04-08 13:40	0	0	0	7333	0	0	0	0	3425	0.005144662	0													
128	シナリオ	2.02004E+11	水	Shiyo 800-04-08 13:50	Alibi	Meicho Arc [Clear Sign]	2	乙女の聖戦～鬼才～						0	0	Haruka Niimura	0	0	2020-04-08 13:50	0	0	0	3498	0	0	0	0	1633	0.002454115	0													
129	シナリオ	2.02004E+11	水	Shiyo 800-04-08 14:00	Small Yet Great Heartbeat	Jusatsu Arc [Killing by Curse]	1	警告	0					0	0	Natsumi Kogori	0	0	2020-04-08 14:00	0	0	0	5093	0	0	0	0	2118	0.001485939	0													
131	シナリオ	2.02004E+11	水	Shiyo 800-04-08 14:00	Motoki Bishojo Appreciation Society	Jusatsu Arc [Killing by Curse]	4	警告						0	0	Erina Goto	0	0	0	0	0	0	6924	0	0	0	0	2769	0.001942666	0													
108	シナリオ	2.02004E+11	水	Shiyo 800-04-08 14:00	Spattered Bloodstains	Shigatsu Arc [Death Month]	4	約束						0	0	Natsumi Kogori	0	0	0	0	0	0	4640	0	0	0	0	6624	0.003255316	0													
132	シナリオ	2.02004E+11	水	Shiyo 800-04-08 14:10	An Unplanned Murder	Meicho Arc [Clear Sign]	2	アリバイ						0	0	Haruka Niimura	0	0	0	0	0	0	3667	0	0	0	0	1712	0.002572682	0													
134	シナリオ	2.02004E+11	水	Shiyo 800-04-08 14:30	The Arata Settlement	Meicho Arc [Clear Sign]	2	予定外の殺人						0	0	Haruka Niimura	0	0	0	0	0	0	3584	0	0	0	0	1674	0.002514451	0													
136	シナリオ	2.02004E+11	水	Shiyo 800-04-08 14:50	I'm the Type Who Looks Slimmer in Clothes	Meicho Arc [Clear Sign]	2	荒田集落						0	0	Haruka Niimura	0	0	0	0	0	0	4456	0	0	0	0	2081	0.003126226	0													
138	シナリオ	2.02004E+11	水	Shiyo 800-04-08 15:00	On the Run	Jusatsu Arc [Killing by Curse]	6	ごめんね。						0	0	Natsumi Kogori	0	0	0	0	0	0	5869	0	0	0	0	5869	0.004117553	0													
145	シナリオ	2.02004E+11	水	Shiyo 800-04-08 15:40	Visitor	Jusatsu Arc [Killing by Curse]	6	逃避行	0	0	0			0	0	Natsumi Kogori	0	0	0	0	0	0	3642	0	0	0	0	3642	0.002555142	0													
137	シナリオ	2.02004E+11	水	Shiyo 800-04-08 16:00	Police Officer's Face	Jusatsu Arc [Killing by Curse]	4	元木美少女同好会	0	0	0			0	0	Natsumi Kogori/Erina Goto	0	0	0	0	0	0	7517	0	0	0	0	3133	0.00219804	0													
140	シナリオ	2.02004E+11	水	Shiyo 800-04-08 16:20	Confusion	Jusatsu Arc [Killing by Curse]	4	警察官の顔	0	0	0			0	0	Natsumi Kogori/Erina Goto	0	0	0	0	0	0	8340	8187	分岐	0	0	6803	0.002397989	7306													
141	シナリオ	2.02004E+11	水	Shiyo 800-04-08 16:40	Noh Mask	Jusatsu Arc [Killing by Curse]	4	混乱						0	0	Natsumi Kogori	0	0	0	0	0	0	14258	0	0	0	0	5887	0.004130182	0													
143	シナリオ	2.02004E+11	水	Shiyo 800-04-08 16:40	Reunion	Jusatsu Arc [Killing by Curse]	5	混乱						0	0	Natsumi Kogori	0	0	0	0	0	0	10558	0	0	0	0	4564	0.003201996	0													
147	シナリオ	2.02004E+11	水	Shiyo 800-04-08 16:40	The Maidens' Holy War ~Resistance~	Jusatsu Arc [Killing by Curse]	6	訪問者	0	0	0			0	0	Natsumi Kogori	0	0	0	0	0	0	2247	0	0	0	0	2247	0.001576443	0													
148	シナリオ	2.02004E+11	水	Shiyo 800-04-08 17:00	The Head	Meicho Arc [Clear Sign]	2	私は着やせするタイプ						0	0	？？？？	0	0	0	0	0	0	3725	0	0	0	0	1739	0.002613373	0													
244	シナリオ	2.02004E+11	水	Shiyo 800-04-08 17:30	Let's Meet Again.	Shigatsu Arc [Death Month]	4	飛び散った血痕						0	0	Haruka Niimura	0	0	0	0	0	0	3896	0	END	0	0	5562	0.002733343	0													
149	シナリオ	2.02004E+11	水	Shiyo 800-04-08 18:00	Profile of the Culprit	Jusatsu Arc [Killing by Curse]	5	再会	0	0	0			0	0	Natsumi Kogori	0	0	0	0	0	0	10128	0	0	0	0	3944	0.002767018	0													
205	シナリオ	2.02004E+11	水	Shiyo 800-04-08 18:00	The Maidens' Holy War ~Demon of Fury~	Jusatsu Arc [Killing by Curse]	6	乙女の聖戦～抵抗～	0	0	0			0	0	Natsumi Kogori	0	0	0	0	0	0	2774	0	0	0	0	2774	0.001946174	0													
151	シナリオ	2.02004E+11	水	Shiyo 800-04-08 18:30	Disappearance	Jusatsu Arc [Killing by Curse]	5	犯人像	0					0	0	Natsumi Kogori	0	0	0	0	0	0	10720	0	0	0	0	4560	0.00319919	0													
154	シナリオ	2.02004E+11	水	Shiyo 800-04-08 19:00	Resolve	Jusatsu Arc [Killing by Curse]	1	小さくも大きな鼓動						0	0	Erina Goto	0	0	2020-04-08 19:00	0	0	0	6234	6638	分岐	0	0	5220	0.001768675	5150													
153	シナリオ	2.02004E+11	水	Shiyo 800-04-08 19:00	Far End of the Mountain	Jusatsu Arc [Killing by Curse]	4	能面	0					0	0	Natsumi Kogori/Erina Goto	0	0	2020-04-08 19:00	0	0	0	8710	0	0	0	0	3430	0.002406408	0													
157	シナリオ	2.02004E+11	水	Shiyo 800-04-08 19:10	Surveillance	Jusatsu Arc [Killing by Curse]	1	決意						0	0	Erina Goto	0	0	2020-04-08 19:10	0	0	0	7562	0	END	0	0	3068	0.002152437	0													
158	シナリオ	2.02004E+11	水	Shiyo 800-04-08 19:10	Self-Blame	Jusatsu Arc [Killing by Curse]	2	決意						0	0	Erina Goto	0	0	0	0	0	0	6823	0	0	0	0	2867	0.00201142	0													
156	シナリオ	2.02004E+11	水	Shiyo 800-04-08 19:10	In the Moon's Shadow	Jusatsu Arc [Killing by Curse]	4	山の果て	0					0	0	Natsumi Kogori	0	0	2020-04-08 19:10	0	0	0	9976	0	0	0	0	4163	0.002920664	0													
160	シナリオ	2.02004E+11	水	Shiyo 800-04-08 19:40	Niimura-san	Jusatsu Arc [Killing by Curse]	2	自責	0	0	0			0	0	Erina Goto	0	0	0	0	0	0	7681	7113	分岐	0	0	5736	0.002087191	6455													
163	シナリオ	2.02004E+11	水	Shiyo 800-04-08 20:00	Suspect's Scream 1	Jusatsu Arc [Killing by Curse]	2	新村さん						0	0	Erina Goto	0	0	0	0	0	0	6559	0	0	0	0	2914	0.002044394	0													
164	シナリオ	2.02004E+11	水	Shiyo 800-04-08 20:00	Genius's Agitation	Jusatsu Arc [Killing by Curse]	3	新村さん						0	0	Erina Goto	0	0	0	0	0	0	5297	0	0	0	0	2138	0.001499971	0													
162	シナリオ	2.02004E+11	水	Shiyo 800-04-08 20:00	A New World	Jusatsu Arc [Killing by Curse]	6	乙女の聖戦～修羅～	0	0	0			0	0	Natsumi Kogori/Erina Goto	0	0	0	0	0	0	5948	0	0	0	0	5948	0.004172978	0													
168	シナリオ	2.02004E+11	水	Shiyo 800-04-08 20:20	Suspect's Scream 2	Jusatsu Arc [Killing by Curse]	2	容疑者の悲鳴①	0	0	0			0	0	Erina Goto	0	0	2020-04-08 20:20	0	0	0	5312	0	0	0	0	2282	0.001600998	0													
169	シナリオ	2.02004E+11	水	Shiyo 800-04-08 20:20	Infection	Jusatsu Arc [Killing by Curse]	3	天才の焦燥						0	0	Erina Goto	0	0	0	0	0	0	7464	0	END	0	0	3590	0.002186814	0													
170	シナリオ	2.02004E+11	水	Shiyo 800-04-08 20:30	I Believed	Jusatsu Arc [Killing by Curse]	6	新しい世界						0	0	Natsumi Kogori	0	0	0	0	0	0	5422	0	0	0	0	5422	0.003803949	0													
171	シナリオ	2.02004E+11	水	Shiyo 800-04-08 20:40	Vomiting	Jusatsu Arc [Killing by Curse]	2	容疑者の悲鳴②						0	0	Erina Goto	0	0	0	0	0	0	15479	0	0	0	0	6433	0.004513243	0													
173	シナリオ	2.02004E+11	水	Shiyo 800-04-08 21:00	Proof	Jusatsu Arc [Killing by Curse]	2	嘔吐						0	0	Erina Goto	0	0	2020-04-08 21:00	0	0	0	7377	0	0	0	0	2992	0.002099117	0													
206	シナリオ	2.02004E+11	水	Shiyo 800-04-08 21:00	I'm Sorry After All.	Jusatsu Arc [Killing by Curse]	6	信じていた						0	0	Natsumi Kogori	0	0	0	0	0	0	4057	0	0	0	0	4057	0.002846296	0													
172	シナリオ	2.02004E+11	水	Shiyo 800-04-08 23:55	What I Can Do	Jusatsu Arc [Killing by Curse]	4	月の影に						0	0	Erina Goto	0	0	0	0	0	0	8774	0	END	0	0	3890	0.002729133	0													
204	シナリオ	2.02004E+11	水	Shiyo 800-04-08 23:55	Inner Conflict	Jusatsu Arc [Killing by Curse]	5	失踪	0					0	0	Natsumi Kogori	0	0	0	0	0	0	6232	0	END	0	0	2594	0.00181989	0													
177	シナリオ	2.02004E+11	木	Shiyo 800-04-09 10:00	Abandonment	Jusatsu Arc [Killing by Curse]	2	証明	0	0	0			0	0	Erina Goto	0	0	2020-04-09 10:00	0	0	0	5248	0	END	0	0	2266	0.001589773	0													
303	シナリオ	1.98604E+11	火	Shiyo 800-04-13 06:30	ようこそ、元木町へ！	Eden no Sakura Arc [Eden's Cherry]	1	まどろみ～春の幻～						0	0	Natsumi Kogori	0	0	1986-04-08 16:00	0	0	0	7061	0	END	0	最	13778	0.004953833	0													
202	シナリオ	2.02005E+11	日	Shiyo 800-05-03 13:00	Haruka and the Witch and the Shinigami	Jusatsu Arc [Killing by Curse]	6	やっぱり、ごめんね。	0	0	0			0	0	Natsumi Kogori	0	0	2020-05-03 13:00	0	0	0	4472	0	END	0	0	4472	0.003137451	0													
183	シナリオ	2.02005E+11	日	Shiyo 800-05-03 13:00	Sisters 1	Saigo no Koe Arc [Last Voice]	4	また会おうね。						0	0	Natsumi Kogori	0	0	2020-05-03 13:00	0	0	0	6030	0	0	0	0	1812	0.004230507	0													
184	シナリオ	2.02005E+11	日	Shiyo 800-05-03 13:00	Sisters 2	Saigo no Koe Arc [Last Voice]	3	また会おうね。						0	0	Haruka Niimura	0	0	2020-05-03 13:00	0	0	0	3662	0	0	0	0	1100	0.002569174	0													
185	シナリオ	2.02005E+11	日	Shiyo 800-05-03 13:00	Sisters 3	Saigo no Koe Arc [Last Voice]	2	また会おうね。						0	0	Erina Goto	0	0	2020-05-03 13:00	0	0	0	4338	0	0	0	0	1303	0.00304344	0													
187	シナリオ	2.02005E+11	日	Shiyo 800-05-03 15:00	The Maidens' Holy War ~Bath~	Saigo no Koe Arc [Last Voice]	3	姉妹②						0	0	Haruka Niimura	0	0	2020-05-03 14:00	0	0	0	3617	0	0	0	0	1087	0.002537603	0													
188	シナリオ	2.02005E+11	日	Shiyo 800-05-03 21:00	A Fading Star	Saigo no Koe Arc [Last Voice]	4	姉妹①						0	0	Natsumi Kogori	0	0	2020-05-03 21:00	0	0	0	6465	0	0	0	0	1942	0.004535693	0													
189	シナリオ	2.02005E+11	日	Shiyo 800-05-03 22:30	The Families Reborn	Saigo no Koe Arc [Last Voice]	2	姉妹③						0	0	Erina Goto	0	0	2020-05-03 22:30	0	0	0	7265	0	0	0	0	2183	0.005096954	0													
191	シナリオ	2.02005E+11	月	Shiyo 800-05-04 17:00	A Decision for Happiness	Saigo no Koe Arc [Last Voice]	4	消えゆく星	生まれ変わる家族たち	乙女の聖戦～湯～				0	0	Natsumi Kogori	0	0	2020-05-04 18:30	0	0	0	4759	0	0	0	0	1430	0.003338803	0													
310	シナリオ	2.02005E+11	月	Shiyo 800-05-04 19:00	Humiliation	Saigo no Koe Arc [Last Voice]	4	幸せの決断						0	0	Erina Goto	0	0	2020-05-04 18:30	0	0	0	4762	0	0	0	0	1431	0.003340908	0													
193	シナリオ	2.02005E+11	月	Shiyo 800-05-04 20:00	Goodbye	Saigo no Koe Arc [Last Voice]	4	屈辱						0	0	Haruka Niimura	0	0	2020-05-04 20:00	0	0	0	4839	0	0	0	0	1454	0.003394929	0													
194	シナリオ	2.02005E+11	月	Shiyo 800-05-04 23:00	The Last Voice	Saigo no Koe Arc [Last Voice]	4	さよなら						0	0	Natsumi Kogori	0	0	2020-05-04 23:00	0	0	0	3509	0	END	0	0	1054	0.002461832	0													
255	シナリオ	2.02005E+11	火	Shiyo 800-05-05 04:44	Green-Eye Curse-Killing	Saigo no Koe Arc [Last Voice]	4	最後の声	さよなら					0	0	Erina Goto	0	0	2020-05-05 10:30	0	0	0	1170	0	TRUE	0	0	351	0.000820845	0													
207	シナリオ	2.02005E+11	火	Shiyo 800-05-05 10:30	The Mysteries Left Behind	Meicho Arc [Clear Sign]	2	長						0	0	Haruka Niimura	0	0	2020-05-05 10:30	0	0	0	4724	0	0	0	0	2206	0.003314248	0													
195	シナリオ	2.02005E+11	火	Shiyo 800-05-05 23:59	Dream Racing to the Past	Meicho Arc [Clear Sign]	2	四月病の友人						0	0	Natsumi Kogori	0	0	2020-05-05 23:59	0	0	0	3444	2561	END	分岐	0	1202	0.001035527	0													
251	シナリオ	0	0	　	0	0	0	0	0	0	0	0	0	0	0	0	0	0	0	0	0	0	0	0	0	0	0	0	0	0													
252	シナリオ	0	0	　　	0	0	0	0	0	0	0	0	0	0	0	0	0	0	0	0	0	0	0	0	0	0	0	0	0	0													
253	シナリオ	0	0	　　　	0	0	0	0	0	0	0	0	0	0	0	0	0	0	0	0	0	0	0	0	0	0	0	0	0	0													
314	シナリオ	0	0	Now	救い	Eigo Kaiki Arc [Eternal Recurrence]	4	最後の声	0	ようこそ、元木町へ！	0	0	0	0	0	プレイヤー名	0	0	0	0	0	0	2000	5000	0	0	0	0	0.001403153	0													
312	シナリオ	0	0	Unknown Date	逃亡	Eigo Kaiki Arc [Eternal Recurrence]	4	救い	0	0	0	0	0	0	0	Erina Goto	0	0	0	0	0	0	52	0	Fin	0	0	0	0	0													
993	シナリオ	0	0	　	0	0	0	0	0	0	0	0	0	0	0	0	0	0	0	0	0	0	0	0	0	0	0	0	0	0													
992	シナリオ	0	0	　　	0	0	0	0	0	0	0	0	0	0	0	0	0	0	0	0	0	0	0	0	0	0	0	0	0	0													
991	シナリオ	0	0	　　　	0	0	0	0	0	0	0	0	0	0	0	0	0	0	0	0	0	0	0	0	0	0	0	0	0	0													
313	シナリオ	2.02005E+11	火	Shiyo 801-04-08 17:00	未来へ馳せる夢	Eigo Kaiki Arc [Eternal Recurrence]	2	0	救い	0				0	0	Haruka Niimura	0	0	2020-05-05 10:30	0	0	0	3869	0	Fin	0	0	0	0.0027144	0													
247	シナリオ	2.02005E+11	火	縺ｧ縺ｯ蜍晄焔縺ｫ譁	Third Generation	True Jusatsu Arc [Killing by Curse]	4	感染						0	0	Erina Goto	0	0	2020-05-05 23:59	0	0	0	60481	0	TRUE	0	0	164809	0.042432058	0													
250	シナリオ	2.02005E+11	火	縺ｧ縺ｯ蜍晄焔縺ｫ譁	Kill the Goddess Kill Them All	True Jusatsu Arc [Killing by Curse]	7	春花と魔女と死神						0	0	Haruka Niimura	0	0	2020-05-05 23:59	0	0	0	87011	0	TRUE	0	0	237103	0.061044886	0													
248	シナリオ	2.02005E+11	火	縺ｧ縺ｯ蜍晄焔縺ｫ譁	The Flesh-Bound Mask	True Jusatsu Arc [Killing by Curse]	5	私にできること						0	0	Natsumi Kogori	0	0	2020-05-05 23:59	0	0	0	59467	0	TRUE	0	0	162046	0.041720659	0													
245	シナリオ	2.02005E+11	火	縺ｧ縺ｯ蜍晄焔縺ｫ譁	Memory × Revenge × Tumor	True Jusatsu Arc [Killing by Curse]	2	監視						0	0	Momoko Goto	0	0	2020-05-05 23:59	0	0	0	57471	0	TRUE	0	0	156607	0.040320312	0													
246	シナリオ	2.02005E+11	火	縺ｧ縺ｯ蜍晄焔縺ｫ譁	The Maidens' Holy War ~Instinct~	True Jusatsu Arc [Killing by Curse]	3	放棄						0	0	Erina Goto	0	0	2020-05-05 23:59	0	0	0	53201	0	TRUE	0	0	144972	0.03732458	0													
249	シナリオ	2.02005E+11	火	縺ｧ縺ｯ蜍晄焔縺ｫ譁	Birthday Trap!	True Jusatsu Arc [Killing by Curse]	7.5	葛藤						0	0	Kana Niimura/Daijiro Ise	0	0	2020-05-05 23:59	0	0	0	61441	0	Extra	0	0	167425	0.043105571	0													
305	シナリオ	2.02005E+11	火	縺ｧ縺ｯ蜍晄焔縺ｫ譁	Parasite Prison	True Jusatsu Arc [Killing by Curse]	6	葛藤						0	0	Akane Kogori	0	0	2020-05-05 23:59	0	0	0	78050	0	TRUE	0	0	212685	0.054758058	0													
999	シナリオ	0	0	　	0	0	0	0	0	0	0	0	0	0	0	0	0	0	0	0	0	0	0	0	0	0	0	0	0	0													
998	シナリオ	0	0	　　	0	0	0	0	0	0	0	0	0	0	0	0	0	0	0	0	0	0	0	0	0	0	0	0	0	0													
997	シナリオ	0	0	　　　	0	0	0	0	0	0	0	0	0	0	0	0	0	0	0	0	0	0	0	0	0	0	0	0	0	0													
996	シナリオ	0	0	　	0	0	0	0	0	0	0	0	0	0	0	0	0	0	0	0	0	0	0	0	0	0	0	0	0	0													
995	シナリオ	0	0	　　	0	0	0	0	0	0	0	0	0	0	0	0	0	0	0	0	0	0	0	0	0	0	0	0	0	0													
994	シナリオ	0	0	　　　	0	0	0	0	0	0	0	0	0	0	0	0	0	0	0	0	0	0	0	0	0	0	0	0	0	0													
315	シナリオ	2.02005E+11	火	Shiyo 800-05-05 07:00	跳梁跋扈	True Meicho Arc [Clear Sign]	3	救い						0	0	Haruka Niimura	0	0	2020-05-05 10:30	0	0	0	2117	0	Fin	0	0	37	0.001485238	0													
289	シナリオ	2.02005E+11	火	Shiyo 900-04-08 12:00	The Eternal Tower	True Meicho Arc [Clear Sign]	0	過去へ馳せる夢						0	0	unknown	0	0	2020-05-05 23:59	0	0	0	861	0	Fin	0	0	15	0.000604057	0													
10000				#VALUE!																								2508523															
