ID	登場順	タイトル	配列	ノード数	裏ノード数	データ1	データID1	1配列	1解禁通知	1LEFT	1TOP	1WIDTH	1HEIGHT	1概要 chr 151	1裏概要 chr 148	1特殊処理	データ2	データID2	2配列	2解禁通知	2LEFT	2TOP	2WIDTH	2HEIGHT	2概要 chr 231	2裏概要 chr 328	2特殊処理	データ3	データID3	3配列	3解禁通知	3LEFT	3TOP	3WIDTH	3HEIGHT	3概要 chr 878	3裏概要 chr 254	3特殊処理	データ4	データID4	4配列	4解禁通知	4LEFT	4TOP	4WIDTH	4HEIGHT	4概要 chr 230	4裏概要 chr 370	4特殊処理	データ5	データID5	5配列	5解禁通知	5LEFT	5TOP	5WIDTH	5HEIGHT	5概要 chr 362	5裏概要 chr 0	5特殊処理	データ6	データID6	6配列	6解禁通知	6LEFT	6TOP	6WIDTH	6HEIGHT	6概要 chr 236	6裏概要 chr 204	6特殊処理	データ7	データID7	7配列	7解禁通知	7LEFT	7TOP	7WIDTH	7HEIGHT	7概要 chr 292	7裏概要 chr 204	7特殊処理	データ8	データID8	8配列	8解禁通知	8LEFT	8TOP	8WIDTH	8HEIGHT	8概要 chr 296	8裏概要 chr 331	8特殊処理	データ9	データID9	9配列	9解禁通知	9LEFT	9TOP	9WIDTH	9HEIGHT	9概要 chr 146	9裏概要 chr 0	9特殊処理	データ10	データID10	10配列	10解禁通知	10LEFT	10TOP	10WIDTH	10HEIGHT	10概要 chr 85	10裏概要 chr 0	10特殊処理
95	1	古郡なつみの転居届	0	3	1					429	184	740	301	Come to think of it, these need a seal. I forgot to bring mine, but where did I put it...?			場所	3		『場所/元木町/レボハイツ』	73	462	727	579	Even if it was only next door, moving was hard...							73	579	727	692	Family circumstances, huh...	Nothing can be done about it now. But I'll go to see Mom as much as I can.																																																																														
53	2	第70回元木桜祭りポスター	1	2	1					93	530	708	581	They're doing it this year too, huh. Goto's gonna win again.							450	890	776	1013	Kind of nasty graffiti...	Something I didn't even want to see...																																																																																									
19	3	古郡なつみの卒園アルバム	2	1	1					730		800	64	Huh? Why am I here? The cherry flowers make me feel sick...	Oh, I see, I stayed home that day. I didn't want to go anywhere that made me feel so sick...	拡大																																																																																																			
45	6	映画レビューサイト	3	8	0	物リスト	1		『物・概念/映画『Fascination』	370	230	750	530	The story and the casting were really good!							35	570	455	625	I thought it was a masterpiece, but it's awfully ordinary.							45	650	725	720	Huh!? The original was a moe anime!?							45	735	565	785	Ah... so it is quite different from the original...							45	795	720	860	This is the review I posted the other day. Haruka bawled her eyes out; it was a handful.							45	870	605	915	No way... but it was good...							45	930	655	970	The original's fans think extremely poorly of it...							45	985	720	1045	It does give the impression it would not go over well with men...																								
65	7	古郡なつみの生徒証	4	1	0					61	93	161	249	I'll stick on the one we all took the other day! Will I get told off...?		裏拡大																																																																																																			
66	8	新村春花の生徒証	5	1	1					168	160	297	257	Ngh... hurgh... I feel sick... Crap... I've gone and dirtied the new one...	Damn... It couldn't be... could it...	裏																																																																																																			
72	11	五島絵梨奈のメモ①	6	4	0					2	202	615	280	April 8 over ten years ago means today is this person's death anniversary. The family won't come to pay respects; with that incident they can't get in.							1	1047	394	1097	But flay the skin and white muscle and bone show, so bright red is a stretch... Still, by elimination flaying is likeliest; so the body was colored? This culprit seems keen to show off, so if the body's look matters, it's possible.							4	1292	478	1344	Huh? Where is my memo on the Megasawa City murders...? Ah... it seems I left it at home. I will have to read it over later.							3	1519	628	1590	If both the culprit and the victim are Motoki-cho residents, then at the very least the victim has been missing since early morning. Who could it be...?																																																																				
70	16	塾の案内	7	3	0					500	215	770	458	Whoa... they're using my photo without asking...							40	485	690	580	A university entrance course... there is one, then.							42	1135	501	1205	I was only asked because the tuition would be free... And anyway, I never said anything like this at the time!																																																																															
76	15	五島絵梨奈のメモ②'	8	1	1					73	723	585	924	What am I even writing... I am overthinking this.	Yes, overthinking. As long as there is no word from the police, it is fine.																																																																																																				
75	17	五島絵梨奈のメモ②	9	0	0																																																																																																														
91	19	元木日報	10	5	0					420	160	590	280			拡大					420	270	590	400			拡大					370	390	585	510			拡大					170	390	385	510			拡大					25	390	185	510			拡大																																																							
32	21	五島桃子の履歴書	11	4	0	五島桃子	1	1	/五島桃子	45	675	304	723	It's fine... it's fine like this. This is the best way.							38	1620	338	1720	I used to be serious...							37	1892	441	1960	How long's it gonna take to reach the goal...?							37	2031	701	2129	At this point I can't be picky about the job or the hours.																																																																				
48	22	同窓会の案内	12	1	0	場所	17		『場所/ホテル『人魚の休憩』	405	300	760	410	Holding it on a weekday is pretty bold. All the same, what an odd name for a hotel...																																																																																																					
34	41	元木駅時刻表	13	0	0																																																																																																														
23	27	女ケ沢新聞①	14	8	0					293	50	543	142			拡大					261	146	551	266			拡大					261	266	551	390			拡大					261	390	551	511			拡大					21	35	199	146			拡大					21	148	199	270			拡大					21	270	199	390			拡大					21	388	199	514			拡大																						
7	26	五島絵梨奈のメモ③	15	3	2					1	1	381	84	Today's incident is being broadcast in a big way on television after all. The Megasawa City murders did make a huge impact.							405	240	692	316	This number of years, somewhere before...	Still, April 8 every single time. If it is not merely a message from the culprit, there must be a clear purpose behind the crimes. For instance, that the incident simply could not be caused on any day but April 8. Because doing it on the same date every time seems a very high risk to me.						1	596	480	754	Set beside the Megasawa City murders it really does not fit together. Perhaps it is better to think this culprit is a different person?	Well, if the culprit is different, the past cases are irrelevant. But if it is the same culprit, this incident must have been an emergency for them. The conditions were not perfect; they may have been cornered enough to have to rush it.																																																																														
2	5	新型スマートフォン『イロカラ』	16	9	2					20	170	784	376	Mine's red, Haruka's navy, Goto's yellow! We got them as a matching set!							65	503	632	850	Without a side button you can't tell top from bottom or front from back by feel...							43	961	269	1082	PHONE-X- is for ordinary users like us. Ours are this one too, of course!							298	993	525	1059	I heard this one's for businessmen.							567	996	763	1085	This one's for enthusiasts, recommended for people who customize like mad, apparently.							6	1399	792	1473	Um, does it mean it's always connected to the internet? The battery would run down fast. Ah, that's what the huge battery is for!	Security measures, so viruses and the like? They say there are people who make trouble by operating computers remotely.						6	1473	792	1548	Hmm, I'll leave mine off. I wonder what Haruka will do?	Well, whatever else, having people know where I am without my knowing isn't a nice feeling. I'll turn it on only when I need it.						168	1724	676	2065	Yeah! I have no idea what it's saying!							111	2134	610	2165	Huh? It's not Dad's company. So they don't sell it under Dad's company's name.													
10	46	鬼神の群れ	17	0	0																																																																																																														
33	131	翠眼の獣	18	0	0																																																																																																														
29	28	女ケ沢新聞②	19	6	0					280	46	545	143			拡大					259	145	547	264			拡大					263	260	551	395			拡大					263	386	549	510			拡大					16	37	199	274			拡大					12	266	200	513			拡大																																												
13	34	新村栄一郎の死亡診断書	20	4	1					194	168	341	205	Right, this has to be it. The copy of the death certificate I was after.							333	452	634	490	Whoa... he died in a pretty terrible way...							333	554	504	591	Hm? Was he ill with something?							100	1028	714	1069	Drugs!? Somewhere, somewhere, isn't there a supplementary autopsy result!?	So the drugs made him fall out of the tree? No, in that case the drug's makeup should have been identified at once, and the family should have been questioned. But there's no such material... For now let me look for a supplementary autopsy report.																																																																			
35	38	伊勢大二郎の警察手帳	21	3	0					76	56	222	208	My bangs are getting a little... No, it's still all right.							66	217	234	377	Assistant Inspector... No, I've still got plenty in me!							44	516	254	735	I hope my strength is of some use to my hometown.																																																																															
83	43	五島絵梨奈のメモ④	22	3	3					4	362	664	495	Yes, a fact even her parents kept completely hidden. When she was small, perhaps; but keeping even his death from her now is surely going too far.	So there must be a reason the death could not be told to Kogori-senpai. Not mere consideration for her, but something deeper...						456	644	773	674	They took her to hospital and so on, apparently. But they never did the surest thing, keeping her from the cherry trees... Either they let Kogori-senpai have April sickness on purpose, or they could not move house.	So the Kogori family had some reason they could not move out of Motoki-cho. Being blackmailed, for instance.						5	823	545	848	This snags on something too. Why was she convinced her father was the culprit? It was a curse that calls her father out, but that she never doubted it was him means there must have been something tying the culprit to her father.	My guess is there was a witness. The account was probably too vague to be credible, so it was filed as 'no witnesses'. If Niimura-senpai learned of that testimony somehow, that testimony is what convinced her it was her father.																																																																														
15	44	五島絵梨奈のメモ⑤	23	4	3					3	277	642	327	If it really went like this, the decision was a very quick one. In that case even the suicide was part of the plan.	If the suicide was in the plan, she really was badly cornered. That is why, for an imitation of the Megasawa City murders, so much did not fit.						3	622	581	753	Come to think of it, Niimura-senpai called the shinigami 'monstrously strong', did she not. Hmm... in that case, the possibility would be that one...	Set against the past cases, the abnormal jumping power and speed of foot match as well.						3	770	767	899	This is philosophical in a sense, and quite hard to reason out...	No, I cannot say that for certain. Of these, the likeliest is that Niimura-senpai's mother was herself the evidence. Even having killed herself, an autopsy on her body would have been bad. So the body had to be damaged past any detailed autopsy.						3	1294	605	1377	The purpose of this case is completely unknown. There must have been something worth achieving even by a crime this terrible.																																																																				
16	53	儀之助の日記①	24	0	0																																																																																																														
71	47	古郡良治の死亡診断書	25	3	0					327	354	640	544	So in the end the victim was eaten by a flock of crows, alive and conscious, until he died... A way to die I don't want to imagine.							93	1001	905	1083	I see: the culprit abducted or lured the victim into a wagon, knocked him out and flayed him. Which means someone he could let his guard down with, an acquaintance, no question. Riding on the Megasawa City murders is possible too.							317	1184	510	1232	Hm? Mikako Nakamoto, so her old man has retired. She and I were classmates.																																																																															
17	49	学生時代の手紙	26	7	1					513	52	755	81	'Sunny'? What is this, a grade-schooler's picture diary...?							63	227	142	258	I get the feeling some of the kanji are wrong...	I'm fairly sure the phrase for 'straight to the point' uses a different character...						535	335	719	366	The Japanese itself is a bit off, too...							217	406	311	437	Was she trying to write 'hobby' in kanji?							459	906	701	1013	This is... a tear stain. Odd Japanese, but she put her heart into writing it.							45	939	292	971	Well, so do I... But because of this strange writing, none of it goes in... The content matters enormously, and yet none of it reaches me...			伊勢大二郎	12			627	1008	695	1044	Does she really mean to become a high-school Japanese teacher...?																																			
52	59	桜寿司	27	4	0					131	142	661	496	They're carving up a tuna, but I wonder if they really buy the whole fish...							92	860	372	1056	This course was seriously delicious! The portions were small, though.							63	1246	397	1295	Right, right, Motoki-cho's in a basin. So Sakura Sushi's origins are different from a regular sushi place, huh.							71	1449	718	1544	Niimura-senpai's coming, so I'll have them leave the wasabi off everything and serve it on the side. This wasabi's really good, but even one lick hits you hard enough to split your skull.																																																																				
40	63	祀耀798年度中学総合体育大会結果	28	2	0					382	356	457	414	We faced the favorite in the final. It went the full five sets and into deuce, but we came so close...							308	96	534	128	Runner-up, huh. But Kogori-senpai was cheering as hard as she could too, and I think it's really amazing that we all worked hard and made it this far.																																																																																										
85	64	五島絵梨奈のメモ⑥	29	4	0					2	179	644	231	Hmm, never thought even the police were involved... I should've handled that phone call at the cafe a bit better.							2	549	788	649	Of course, there's no proof. All I can do right now is act like I don't know anything.							2	874	665	950	Which means the culprit is someone deeply tied to the Kogori and Niimura families, whose name isn't in this memo yet. Yep, it can only be that person.							2	969	530	1051	Once this is done, I'll take a bath too. I have to keep the mood from getting gloomy as best I can.																																																																				
27	67	新村栄一郎の死亡診断書　追加依頼分	30	7	1					341	88	541	123	Right, this has to be it.							80	818	585	857	So something did turn up after all...!							32	1309	547	1452	Hm, it went as high as the National Police Agency... Must've been some nasty drug.							32	1466	747	1604	Wha...!? So this means... they're covering up the case at the national level!?							32	1673	739	1725	So the identity of the drug is unknown...							32	1727	761	1780	I see. So it was never a case country cops like us could handle.							32	1797	719	1833	Good grief... This means it's being hidden at the national level, the Megasawa City murders included...!	Flip it around, and at the national level the truth of the case is known to some degree. Naturally no document here shows that. So this drug is bad enough that it has to be covered up nationally.																																		
50	72	新村美冬の診断書	31	3	0					111	456	462	487	Eiichiro-san...							113	555	690	637	I can't... Motoki-cho is too painful now...							492	943	709	1030	Someone said there was a good doctor in Megasawa City, didn't they...																																																																															
54	73	1年1組の学級報告	32	4	0					64	435	730	558	With things like this, home visits are frightening, but I have to raise every one of them properly to be a good child.							64	560	730	692	What is that supposed to mean...! That that's not bullying...!							64	695	730	826	Is this what an educator does...!?							64	827	730	955	Hatanaka...? I see, so that's how it is... How dirty...																																																																				
59	76	五島絵梨奈のメモ⑦	33	6	0					5	104	607	160	The key point: they called me knowing about my investigation. If they'd come to the park not knowing I was there, I'd never have noticed this.							5	275	519	329	Depending on the result, I'll have to change how I act at the Niimura home a lot.							5	822	797	899	If Niimura-senpai is the culprit, this is what bugs me most. If senpai were the culprit, she wouldn't want to meet me while I'm investigating.							5	945	323	971	I really can't talk about the case in front of Kogori-senpai. I need to get her to leave somehow.							25	1242	737	1270	Which means the culprit might be closer than you'd think.							5	1392	403	1421	Niimura-senpai, I'm going to be a real help to you.																																														
61	80	五島絵梨奈のメモ⑧	34	5	1					13	78	415	105	It's a feature that's OFF by default, but something may have been done to Niimura-senpai's phone alone.							13	176	794	226	To do this, you'd need to know everything about the culprit. Including this case and the Megasawa City case.							13	347	584	382	Even I'm not that knowledgeable, but why modify the hardware and not the software? Even to plant a bug instead of a bugging app, you'd need software know-how...							13	1132	794	1206	This is the biggest mystery. Catching the culprit would explain it, but even I can't picture this one. So common sense won't do. I need to consider even the supernatural, and how science could explain it.	I say 'supernatural,' but that just means today's common sense can't explain it. Once, even earthquakes were thought supernatural.						13	1326	583	1404	It's getting really suspicious. The Megasawa City case and today's case are no ordinary murders after all.																																																									
62	81	五島絵梨奈のメモ⑨	35	4	1					3	152	796	229	At worst, they may even have prepared the paper doll after committing the flaying case.							3	251	796	324	Was this preparation for the crime, or was it put there for some other purpose entirely...	The bug was probably only used in this case by chance. If only Niimura-senpai's phone was bugged, they wanted to watch her movements alone. So maybe senpai's mom was worried she'd get dragged into bullying again? Anyone who'd kill bullies might well spy with a bug.						3	572	559	628	Then Akane Kogori-san is very likely to be killed soon too...							3	821	794	880	「…………」																																																																				
67	85	伊勢大二郎の始末書	36	4	0					161	454	676	488	It was extremely dangerous, but that was the only way left...							428	488	676	520	I never imagined a Noh mask would cost that much...							43	792	758	860	This is without a doubt all my responsibility.							171	1003	772	1110	Disposition deferred...? I see, so they understood...																																																																				
68	68	妖魔の声、聞こゆ者たち	37	0	0																																																																																																														
69	87	妖花之図	38	3	0					1	1	499	355	Trees stand in a row, gigantic beside the mountains and the houses.							155	242	492	332	It reads: 'After the fierce horn, the dead and the demon flowers bloom in profusion.'							164	10	372	615	The dead come forth from Yomi and demon flowers beyond all nature stand in rows\nThose who have become corpses also become demon flowers and come forth from Yomi\nOnly the Jade Eye prevails\nThose who have become Jade Eyes wither the demon flowers and return the dead to Yomi\nDescendants must without fail don a mask and vestments the color of blood and resist\n\nit reads.		裏																																																																													
77	90	外崎津花の日記	39	1	0					120	609	667	1042	Of all the babies, Mifuyu-chan was the cutest one.																																																																																																					
81	92	カンニングペーパー	40	5	1					20	349	380	387	If I remember right, Eiichiro-san dislikes the same things. They should get along on this point.	Oh, I wrote it next to the hobbies. I hope she doesn't panic and mix up her hobbies and the things she dislikes... Well, that's probably worrying too much.						20	395	263	430	Yes, Eiichiro-san will surely be happy to hear this!							20	439	467	477	Mifuyu is a bit extreme, though. Putting it nicely, it comes out like this.							369	482	535	518	This one's a bit heavy, after all...							376	744	659	780	Suddenly showing off that she wants to get married might scare him off.																																																									
86	111	時代の流れ	41	0	0																																																																																																														
90	99	事故顛末書	42	7	1					559	94	734	148	Submitted the very day of the accident... Well, I guess that means he himself wasn't badly hurt.							332	146	476	194	This is... how do you read this?	I see, so it's read 'tenmatsusho.' Apparently it's usually written once things have settled down to some extent, from an objective point of view. But this isn't much different from a written apology.						82	212	733	245	But why did this get passed around even to me? It seems to have gone to every employee...							546	483	738	509	If things had gone wrong, it wouldn't have been strange for Natsumi to get caught up in it.							81	700	516	726	There were two of us, so I'd have been in the passenger seat like always, and it might not have stopped at a serious injury.							409	630	615	655	No, no, saying Mitsuda-kun is responsible is going a bit far...							114	871	295	893	I see, so that's why this came around to me too.																																			
92	101	よくかけたおともだちのえ	43	3	0					158	101	318	433	Natsumi-chan was so cute. I want to see her again.							422	4	554	155	To me it looked like it was breathing fire.							269	212	344	261	The takoyaki dish: that is probably a coffin modeled on the Protestant denomination. No, wait, since it's billed as Russian-roulette takoyaki, it must come from Russian Orthodoxy after all? In that case it belongs to neither Catholicism nor Protestantism, and the coffin design should be a little different too. And eating what was inside it means, so to speak, eating a corpse―an embodiment of cannibalism, of eating human flesh. So, to sum up: in Russian Orthodoxy burial in the ground is still the norm, so a body with its flesh stays in the coffin for a while. Digging it up and eating it is an unmistakable sin, but in famines of the past people sometimes had no choice but to eat human flesh. But that was an act allowed only in emergencies, and if you eat human flesh half in play you get burned―that is, it's a warning that you'll draw the 'hit.' Russian-roulette takoyaki expresses that; you could call it a supreme masterpiece where entertainment and admonition coexist. The person who came up with Russian-roulette takoyaki must have thought all that through before putting it on the menu. Amazing...		拡大																																																																													
31	112	若者の恋文	44	0	0																																																																																																														
28	106	女ケ沢新聞③	45	7	0					259	49	550	262			拡大					265	269	545	386			拡大					307	391	550	511			拡大					32	36	201	152			拡大					32	152	197	272			拡大					32	273	197	391			拡大					32	391	195	512			拡大																																	
93	100	ファミリーレストランオープンのお知らせ	46	7	0					42	38	754	98	Store No. 35? A nationwide family-restaurant chain opening here; Motoki-cho has really come up in the world.							47	287	756	367	The first day will be packed for sure, but I wonder if Natsumi will want to go...							295	796	497	824	When they push plain stuff like this, it actually makes me curious.							295	825	461	847	Hm? Omurice is Japanese food? I think it was a dish born in Japan, right.							548	824	726	849	What a strange dish. Does 'Russian' mean Russian-style?							0	917	331	1067	Hmm, maybe we'll go once sometime this month.							427	975	724	1005	Oh, it's right in our neighborhood. Still, they didn't write the most important thing, the opening hours... Making a mistake like that, is it really a nationwide chain?																																			
3	102	賃貸物件紹介	47	3	1					75	121	445	206	I don't care what kind of place it is anymore.	At the very least, I have to make sure Haruka never goes hungry.						472	107	653	145	Is that a mistake for the renewal fee... This rental company is all right, isn't it...?							460	334	619	416	If they'd at least approved welfare, I could have gotten a slightly better place.																																																																															
42	105	まほうとまじゅつのせかい	48	5	0					499	133	717	470	What is this? It's different from the shinigami I know.							479	525	663	799	Yeah, I could make this too.							31	611	351	678	With this, Dad will come to me...!							31	873	445	937	I don't really get what 'honorable ancestors' means, but it probably means Dad, right?							43	966	688	1091	I can't tell what it says. But I don't want Mom to find out, so I can't ask her to read it to me...																																																									
4	45	被害者所持品の調査報告書	49	8	2					86	356	538	384	Something odd about Haruka Niimura-san's phone... If the culprit did it, does that mean there was a plan to kill Haruka Niimura-san too?	No, but there were brake marks at the scene. Hitting her was very probably not deliberate. Then why was Haruka Niimura-san under watch?						512	502	690	525	Well, if it was hit by a car, no wonder it broke.							306	643	650	671	Haruka Niimura-san's phone was, I'm fairly sure, the model that communicates constantly for security checks. Whether that is the cause or something else...							64	789	719	835	What does this mean? Haruka Niimura-san had a metal fragment of unknown purpose in her pocket?							149	907	501	938	If the culprit did it, the intent is completely beyond me.							155	1249	595	1590	A thinnish soft alloy. I can't rule out that it was forced inside the phone.							69	1740	717	1829	If it was inside the phone, should I think that the meaning lies not in what function the fragment served but in the fact that this fragment was inside the phone?							68	1846	717	1937	I think so too. Both the battery and the fragment; there can only have been something deliberate about them...	Then the one who planted both the battery and the fragment can be taken to be an engineer of such devices, that is, Ryoji Kogori. What was the purpose...?																							
41	317	女神の降臨	50	0	0																																																																																																														
96	114	手土産のレシート	51	3	0					9	270	347	319	It was quite a price, but I'm glad I could get it cheap.							9	322	347	345	Even the wrapping costs money... Well, this time it can't be helped.							9	457	347	507	Heh, my points just barely covered it. Times like this are exactly when you should use points. Heh heh heh...																																																																															
111	163	辺境の村	52	0	0																																																																																																														
118	136	入学式の写真	53	2	0					141	5	296	50	Honestly, Dad was so bad at taking pictures. He kept fussing over me, and Akane's head got cut off.							214	227	442	280	A photo Dad took for us. The oldest photo of me and Akane. Akane...		裏																																																																																								
119	137	喫茶店の領収証	54	3	1					369	77	692	122	I invited her on short notice, but I'm glad I got to see Chigaya-chan.	And we got to talk about the plan in Arata, too.						63	135	458	208	Well, if it cheers up my cute niece, it's cheap at the price.							296	287	536	385	It was my first time at the Tokyo branch, but the service here was wonderful too.																																																																															
122	142	行方不明者情報	55	0	0																																																																																																														
127	303	使用方法における比較	56	0	0																																																																																																														
128	304	ドローガの投与実験における試験報告	57	0	0																																																																																																														
132	153	五島絵梨奈のメモ⑩	58	8	3					242	75	624	105	So she suddenly perceived it by sight. Huh? Has Kogori-senpai never sensed danger through anything but hearing before?	As far as I know, she could only sense danger by hearing. Foreseeing by sight, foreseeing by sight...						2	376	797	548	This totally falls into a loop that makes no sense. So should we think the root cause is something completely different from this?							2	935	240	963	Danger sense might not be a rare case at all; anyone might be able to do it if the conditions line up.							2	1232	793	1282	Then someone who wants her to foresee is telling Kogori-senpai by telepathy. So it's not necessarily danger sense: 'someone' just tells her what they want her to know. If that 'someone' meant harm...	Ugh... if so, this is pretty bad. Everyone believes Kogori-senpai's danger sense unconditionally. So if Kogori-senpai were fed false information, we'd be cornered more and more.						2	1630	425	1653	Nothing proves a connection between sender and receiver. So instead of forcing a cause and effect, let's just leave it at the idea that a sender and a receiver might exist.							2	1756	452	1778	This is impossible too. You can't kill people with precognition alone. There has to be an accomplice.	Not being the source doesn't mean he isn't part of it. Maybe he's being made to look obviously suspicious as a scapegoat. Then Kotaro-san must have some fatal weakness or secret.						2	1828	466	1853	Motive aside, if Sakura-san is alive, killing from the shadows is easy. As long as she never shows herself, she's a joker who can do anything. Hmm, but something's off. Few saw the moment Sakura-san died, but many may have seen her body afterward.							5	2120	197	2140	Once I start writing jokes, I'm done for now. I'm tired; I'll sort this out again later.																								
134	156	封石の位置	59	0	0																																																																																																														
137	160	ファルシフィカソの生成法	60	7	1					50	35	359	86	Mom said this was the only time anyone besides the witches was allowed into the underground space.							28	139	739	206	When I was a kid, I breathed in the vapor once and collapsed.							30	258	597	298	If they're using a unit like monme, they must have been making this for a very long time.							30	456	530	517	The work itself is simple, but it takes a long time.							30	617	544	844	So the rest is just junk?							77	939	692	1037	Its ingredients are practically poison. I'd better be careful handling it.							610	1068	725	1101	I see, Mom rewrote it in modern language so it would be easier to read.	No, but Mom didn't know old Japanese that well. So is there material somewhere that even modern people can read easily? Or did Mom just write down what she'd heard secondhand...																																		
138	305	ドローガの副作用	61	0	0																																																																																																														
139	306	予知能力者の生成実験	62	0	0																																																																																																														
94	113	現役女教師の、生々しいブログ	63	9	0					588	266	779	410	Tazawa-sensei should be past 40 already... I mean, I've wondered for a while, who's the girl in the photo?							395	274	565	303	Oh, today's post is up.							108	596	209	619	Setting herself up as younger than me is way too much of a stretch...							89	663	195	691	Well, I can't help but agree with this one.							30	875	490	927	Ah, my condolences. I haven't been through that yet, but it sounds rough.							32	1270	520	1351	'As a teacher, stand firm'... it's not that simple, is it.							28	1754	190	1791	T-Tazawa-sensei, I'm probably the only one at our school who knows who Mochiko-san really is... Stay strong! I won't tell anyone!							592	726	777	758	A comment on yesterday's post. Looks blatantly like someone fishing for a hookup...							590	843	654	946	It's almost all complaining, wow... Tazawa-sensei is always smiling at school, but she must be so stressed.													
98	115	飯沢県まるごとガイドブック	64	5	0					357	8	619	233	This looks like the kind of place Dad would like.		拡大					364	258	637	473	Ah, I heard this amusement park is amazing. I wonder how the zoo is?		拡大					260	95	455	286	Hm? The top left is white, what's that?		拡大					22	20	315	223	Toyotake Station was the last transfer station, I think. Is the Arata settlement around here?		拡大					17	223	350	488	I've never been skiing or fishing. I'd rather snuggle up in the kotatsu with some amazake.		拡大																																																							
100	117	新村茅萱の履歴書	65	5	0					88	112	380	209	Yes, I wrote this rather well, for me.							47	678	751	717	Welfare, hm. This is what I should be doing.							175	1714	262	1784	I was surprised to hear that people in Tokyo don't hunt.			物リスト	34			275	1714	482	1784	The word 'parkour' isn't very well known, is it.							60	1830	728	1887	Oh, was this not the box to write that in?																																																									
104	121	飯沢新聞	66	4	0					313	37	534	202			拡大					279	205	576	514			拡大					17	36	220	273			拡大					17	273	220	516			拡大																																																																		
108	123	オカルト雑誌『M』祀耀747年6月号	67	3	0					420	277	697	547			拡大					11	179	246	419			拡大					89	418	375	544			拡大																																																																													
141	147	去年の成果	68	5	0					2	427	479	503	Oh, it has finally come! I must at least offer a New Year's greeting.							34	660	244	970	Hmm, an adult woman like this is fine once in a while.							36	1291	233	1580	As I thought, a uniform suits someone fairly fully grown better than a young girl.							13	2033	315	2285	This is good in its own way, but something like this would suit a pretty girl even better.							35	2993	337	3303	Gnh...!? I-I feel dizzy...!																																																									
109	124	オカルト雑誌『M』祀耀747年7月号	69	4	0					405	279	790	548	Ah, this is it! I've been wanting to know about this rumor!		拡大					86	11	383	280	......? Isn't the way this is written kind of weird...?		拡大					82	282	387	556	Ugh... Making that the cause of a murder case... Well, I guess that's the kind of magazine it is.		拡大					18	28	75	469	What is this, what does it mean...?		拡大																																																																		
101	143	妖魔住まう山	70	0	0																																																																																																														
102	140	0	71	0	0																																																																																																														
142	127	住人の生没記録	72	1	0					391	1268	753	1351	「！？」																																																																																																					
143	129	荒田集落の簡易年表	73	3	0					8	59	506	140	I wonder if something happened in these 20 years... No, if something happened, it'd be before the first suicide, right?							8	140	292	167	Eiichiro Niimura-san dying can't be unrelated either, can it?							0	247	256	275	By the number of deaths, it's gone up a lot in these 10 years. If the trend changed, does that mean people die for different reasons in the suicides and the curse-killings?																																																																															
152	168	五島桃子の預金通帳	74	5	0					0	91	500	123	This was when I finally hit my goal. I need to start getting ready to leave soon.		裏拡大					0	222	500	243	That live-in driving school course sure ate up a lot of it.		裏拡大					0	373	500	392	Paying my parents something once every 3 months... that was probably a bit too little after all.		裏拡大					0	392	500	427	I guess this was when I earned the most.		裏拡大					0	483	500	502	I was planning to quit all my jobs anyway, so I guess this is about it.		裏拡大																																																							
153	169	五島絵梨奈の手紙	75	4	0					608	52	753	80	I meant to send it right after I wrote it. How careless of me.							158	370	701	399	To think I'd end up going to see her like this, right before summer vacation...							319	475	456	508	「…………」							67	549	271	580	I asked Niimura-senpai and she gave me the address. I have a feeling it was a really unusual address.																																																																				
154	307	予知能力者生成の条件	76	0	0																																																																																																														
155	318	女神ヴェルジ	77	0	0																																																																																																														
156	308	第二世代のトラウマ	78	0	0																																																																																																														
157	165	飯沢大洋旅館	79	6	0					0	501	799	878	I think ours was the wagyu and the seasonal sashimi. Getting to eat beef and sashimi together, what a luxury!							107	1222	702	1258	Our room's on this top floor, right? To think it was the most expensive room...							181	1572	615	1633	I guess you read that as 'relaxed and unhurried'?							87	1661	701	1767	I like hot springs, but I can't stay in very long. I get light-headed right away.							90	2118	707	2266	With this much going on, I bet it gets crowded during Golden Week.							26	2984	777	3164	Oh! I love this kind of thing! Clams eaten like this are so good!																																														
158	108	湖のほとりの桜	80	0	0																																																																																																														
189	52	古郡良治の手紙	81	8	2					217	154	527	195	When this letter was written, the adults of the Kogori and Niimura houses could not go to the police. They should have; that they could not means...							509	207	697	247	I think I found this letter because it was left somewhere obvious in case of emergency. That is why he blurred it as 'that matter'. So he meant to negotiate something he did not want Kogori-senpai and Niimura-senpai to know.							254	360	468	402	If there is no lie in this wording, he put the children before themselves and went to negotiate with Mifuyu Niimura-san. What on earth is a negotiation for the children's sake? Even so, something about this letter snags oddly.							438	464	549	505	Yes, this is what snags. Not only Kogori-senpai; he worries about Niimura-senpai in just the same way. Because they grew up together from small...? Is that all?	Treating Kogori-senpai and Niimura-senpai as equals means... Hmm, if so, why did the Kogori and Niimura houses fall out? They were surely not on bad terms from the start, and a falling-out this bad means something that large happened between them. And after Eiichiro Niimura-san died, at that. And Kogori-senpai and Niimura-senpai do not know of it.						325	565	716	609	I see, so that was it. Niimura-senpai's phone has some device worked into it. Then the one who did it must be Kogori-senpai's father, the mobile phone engineer. But he was killed in the end. Yes, the Kogori house was being blackmailed over something. Then there was a weakness for it. From what I have read, Kogori-senpai and Niimura-senpai are that weakness.							185	722	579	765	But he was killed in the end. So the 'negotiation over that matter' must have been very heavy for Mifuyu-san. Until then she stood above them somehow, and this was a negotiation that would have reversed it.							92	875	495	915	Probably it means it is hard to attack Kogori-senpai while Niimura-senpai is beside her. Of course, if she learned her own mother was a murderer... I see, that is why the disguise was needed. If so, there was no accomplice: with one, no disguise would be needed and nothing would be exposed.							129	976	304	1019	Hmm, it seems the situation was one where Mifuyu-san's will alone decided everything. And by the time of the negotiation over that matter, every action of the culprit was a quick decision. Probably a sudden crime, yet deft for that. Did she foresee the negotiation? Hmm, it does not sit right...	What troubles me most is that a flayed body was made. That is impossible without much practice. Even if not on a human, would real experience of flaying an animal do? Ise-san said the Niimura family home is the Arata settlement. It sounds a very distinct culture; perhaps they have you butcher animals when you marry in.																							
237	157	地下倉庫の写真	82	2	0					247	78	587	412	It must have taken ages to grow. But if they harvested roots for Droga, it's a bit odd that just one root this pretty is left.							164	567	312	798	This door is kind of weird...																																																																																										
239	95	山籠目録	83	10	0					39	360	527	406	So I can't tell anyone what I saw or learned during the mountain seclusion, not even inside the settlement.							39	428	326	478	Not even anyone coming to check on me out of worry...							39	495	458	549	What they issue is a nata, a mace and two knives. For outerwear I use the hide of an animal I catch myself before the mountain seclusion. They did teach me how to make a fire.							39	562	436	611	It should be the tallest mountain in the Arata district. It's already winter; it'll surely be unimaginably cold.							39	628	548	678	They taught me how to use weapons, hand-to-hand combat, how to butcher animals and so on. The rest is just practice.							39	697	345	748	The basics, and more important than anything.							39	763	383	812	What could it be? Is there a hot spring or something?							39	831	325	878	............? Does it mean something different from the earlier 'Survive alone'? Does it mean someone might come?							39	896	404	947	Put the other way, does that mean there are that many animals?							39	965	762	1016	Is there some kind of strange happening? I think the person who wrote this was the Grand Witch-sama of Shiyo 710.		
240	161	回覧板	84	7	0					189	209	753	241	What's going on!? Who on earth did this!							140	243	742	276	This is terrible...! I have to let Natsumi-chan know before the thirteenth-year memorial service is over!							70	469	371	503	The only house north of here is the Niimura home. So that means nobody else has seen it yet? No, it could be a trap. If I don't pass it on, who knows what they'll do to me...!							74	534	126	565	Is that a mistake for 'southernmost'? So whoever wrote it was in a real hurry.							72	731	609	796	At this rate, even if the Niimura sisters stand up to them, they won't stand a chance.							71	796	514	828	What do they plan to do, taking her to a place like that?							70	863	425	899	Anonymous, huh... I see.																																			
241	200	14年目の真実	85	7	0					84	823	578	855	Hmm, ephedrine after all... It does look connected to this case.							202	909	365	950	Motoki Daiichi Hospital, so the autopsy was done at the hospital where my senpai are now. The doctors from back then might not be there anymore.							185	1262	754	1294	Looking into the hospital might tell me how things were back then, but I don't have that kind of time right now.							30	1466	746	1601	This is a tough one. If the National Police Agency is involved, the accident that killed Eiichiro Niimura-san must have been something really bad.							35	1646	503	1676	If there was an interim report, then at first even the National Police Agency didn't realize how bad it was. Then a substance like ephedrine turned up, and that's when it first came to light. So at the national level, do they know the cause not just of the ephedrine, but of my senpai's symptoms too?							301	1750	760	1780	So in a sense it's an infectious disease. Some unknown organism is getting into people somehow and doing harm. I'm curious about it, but right now I need a lead on treating Niimura-senpai.							43	1797	715	1831	And with that, the accident got swept under the rug. I see, this is worse than I thought. If what happened to my senpai ever goes public, there's no telling what the government will do. I need a solution fast, not just for Niimura-senpai, but to keep this from going public.																																			
245	203	古郡なつみからの年賀状	86	4	0					47	234	120	468	Oh, her address has changed. I'd better remember it, to make things easier when I write to her from now on.							9	11	374	102	So out in the world it's New Year's. I wonder how people welcome the new year these days.		裏					205	312	377	574	Maybe it's my age, but the small print is hard to read.		裏					4	321	206	477	She's moved into a big apartment building. It looks like Natsumi is standing on her own two feet just fine. I'm glad.		裏																																																																		
184	213	除籍通知書	87	0	0																																																																																																														
175	205	身元引受人について	88	1	0					0	276	274	518			拡大																																																																																																			
249	220	荒田集落調査報告書	89	0	0																																																																																																														
250	223	新村栄一郎の手紙	90	4	0					108	137	413	179	What!? What does this mean!?							229	343	569	387	No...! The time's already passed!							207	497	684	541	I've never once thought of it that way!							110	654	373	697	All the happiness I need is just being by Eiichiro's side...																																																																				
252	225	新村サクラの手紙	91	0	0																																																																																																														
258	230	五島絵梨奈のメモ⑫	92	10	0					19	40	683	90	Obasan calling me out is rare enough, but who'd have thought all this had been going on...							5	229	466	261	First impression on hearing it: it already smells fishy at this point. Did they really keep it from outsiders just to settle it inside the settlement?							589	405	773	433	This is strange too. To prove he isn't the culprit, a murder has to happen while he's under watch. So her father proved his innocence by sacrificing someone else. There's probably another intent behind this.							539	428	735	456	Odd too. With no murder at this point, Chigaya-san's father could be treated as the culprit. So the culprit's goal is likely dead simple: a motive like just 'wanting to keep killing the residents.' But why want that?							4	605	452	631	Small inconsistencies like these must be piling up and making the case so tangled. I'll have to list everyone's little contradictions and unknowns one by one...							4	850	549	880	Something's definitely there. A being that's stayed hidden somewhere all along. The moment you go by convenient-mystery rules like 'the culprit must appear early,' you've lost.							4	926	796	1026	Right, Kogori-senpai's precognition is, simply put, a paranormal phenomenon that should be denied. But it exists. She even says it's 'Niimura-senpai's dad's voice.' No way, she's no itako hearing the dead... Someone's just posing as her dad to make the precognition believable.							4	1098	481	1126	I see. Looked at this way, 'someone' is in a pretty tough spot too. Cornered, in other words.							257	1222	763	1251	Too sloppy to be a mistake. 'Someone' is killing people one after another, but is yet another being somehow trying to stop the killings?							4	1296	423	1325	First, a mood that's easy to talk in. Chigaya-san's bound to be nervous.		
259	232	五島絵梨奈のメモ⑬	93	3	0					220	913	697	942	Seen from another angle, does that mean a being equal to 'someone' was already around back then?							14	1047	785	1105	The opponent's intelligence is far beyond a human's. So someone like me might be no match for it. That's why it matters not to fight head-on, but to plan in secret like this.							9	1266	301	1372	Even if something like this happens, I mustn't be surprised. If it does, that's exactly what proves my reasoning right.																																																																															
262	237	オカルト雑誌『M』の考察	94	0	0																																																																																																														
266	242	新村エリカの置手紙	95	0	0																																																																																																														
302	174	五島桃子のメモ①	96	0	0																																																																																																														
303	176	五島桃子のメモ②	97	0	0																																																																																																														
304	177	五島桃子のメモ③	98	0	0																																																																																																														
305	178	五島桃子のメモ④	99	0	0																																																																																																														
306	179	五島桃子のメモ⑤	100	0	0																																																																																																														
307	182	五島桃子のメモ⑥	101	0	0																																																																																																														
308	183	五島桃子のメモ⑦	102	0	0																																																																																																														
309	185	五島桃子のメモ⑧	103	0	0																																																																																																														
315	193	五島絵梨奈のメモ⑪	104	7	1					16	21	553	56	As the days went by, all sorts of strange points came up, so this is just in case.							400	133	557	167	Still, why green? In the dream, Kotaro-san said 'that amount of melanin is what's stable,' but that doesn't quite sit right either. The reason the eyes are green... Hmm...							152	457	571	490	It's like a traffic accident. When it's 'I'm going to get hit by a car in 2 seconds!', you don't know what to do and your legs just freeze.							13	729	787	788	It only adds up if I felt no revulsion toward Kogori-senpai the whole time in the dream, so this is a clear contradiction. Why would such a weird contradiction come about?							127	1105	560	1138	Oh, right, just before we were attacked, Kogori-senpai said 'Haruka making a flayed body doesn't make sense skill-wise either.' So that's how I came up with the next suspect. But is that all...?							15	1264	668	1298	If someone was sending me signals, there's clearly too much extra in them. So they had no time to sort it? More beats less, after all. They could only send a jumbled mess. Just like a human would.							15	1780	368	1813	If there is someone, it'd have to be someone who knows the Arata settlement well and wants people with danger sense dead. So the Green-Eye Curse-Killing means sending some kind of signal, like danger sense, to make people kill?	Then the idea of a 'precognition loop' is wrong. There has to be something more deliberate. Something that gains from people with danger sense dying...																																		
9999	#N/A	#N/A	94																																																																																																																
