ID	登場順	表示	閲覧年月日	タイトル	解禁編	解禁シナリオID	解禁ID1	連動	分岐	ロック	解禁シナリオ	解禁人物	閲覧人物	形式	概要 cha 200	備考	解禁条件	リファレンス1	リファレンス2	リファレンス3	特殊1	特殊2	特殊3	文字数	ノード数	ポイント	データ1	データID1	配列1	データ2	データID2	配列2	データ3	データID3	配列3	横幅
95	1	1	Shiyo 800-05-06 13:00	Natsumi Kogori's Change of Address Notice	Meicho Arc [Clear Sign]	195	0				Dream Racing to the Past	Natsumi Kogori	Natsumi Kogori	object	The change-of-residence notice Natsumi Kogori submitted to Motoki Prefectural High School	備考	Natsumi Kogori remembers the incident of a month ago								3	5000										
53	2	2	Shiyo 800-03-01 15:10	70th Motoki Cherry Festival Poster	Jusatsu Arc [Killing by Curse]	85	0				April Sickness	Natsumi Kogori	Haruka Niimura	object	The cherry festival notice posted on the board in Central Park	備考	Haruka Niimura hands Natsumi Kogori a takoyaki								2	3500										
19	3	3	Shiyo 790-03-01 11:20	Natsumi Kogori's Kindergarten Album	Jusatsu Arc [Killing by Curse]	85	1				April Sickness	Natsumi Kogori	Natsumi Kogori	object	A group photograph from the spring outing to Central Park	備考	Natsumi Kogori vomits in the bathroom at home								1	2625										
1	4	4	Shiyo 800-04-08 06:59	Oha-Oha! Japan	Jusatsu Arc [Killing by Curse]	101	0				Morning of April 8	Natsumi Kogori	Unknown	scenario	The trivia segment of the morning news show 'Oha-Oha! Japan'	備考	Natsumi Kogori watches television							1383		2420	物リスト	0		物リスト	2		物リスト	3		
2	5	5	Shiyo 800-04-03 20:00	The New Smartphone 'Irokara'	Jusatsu Arc [Killing by Curse]	101	1				Morning of April 8	Natsumi Kogori	Natsumi Kogori	object	The manual for the smartphone Natsumi Kogori was bought to mark moving up a year	備考	Natsumi Kogori picks up her smartphone								9	9625										
45	6	6	Shiyo 799-08-08 09:00	Movie Review Site	Jusatsu Arc [Killing by Curse]	101	2				Morning of April 8	Natsumi Kogori	Natsumi Kogori	object	Reviews of the film Natsumi Kogori bought	備考	Natsumi Kogori picks up the DVD she bought								8	8750										
65	7	7	Shiyo 800-04-07 10:00	Natsumi Kogori's Student ID	Jusatsu Arc [Killing by Curse]	104	0				Omen	Natsumi Kogori	Natsumi Kogori	object	Natsumi Kogori's student ID card	備考	Natsumi Kogori falls asleep at Haruka Niimura's house				回転				1	2625										
66	8	8	Shiyo 800-04-07 10:10	Haruka Niimura's Student ID	Jusatsu Arc [Killing by Curse]	104	1				Omen	Natsumi Kogori	Haruka Niimura	object	Haruka Niimura's student ID card	備考	Natsumi Kogori falls asleep at Haruka Niimura's house				回転				1	2625										
5	9	9	Shiyo 796-09-30 08:30	A Birthday Celebration	Jusatsu Arc [Killing by Curse]	306	0				Rubberneckers	Erina Goto	Erina Goto	scenario	The birthday celebration held at morning assembly when Erina Goto was in elementary school	備考	Erina Goto meets her homeroom teacher from elementary school again							627		1750										
73	10	10	Shiyo 800-04-08 11:40	A Press Interview	Jusatsu Arc [Killing by Curse]	113	0				Curiosity	Natsumi Kogori	Unknown	scenario	Television footage covering the Central Park incident	備考	Natsumi Kogori and Haruka Niimura look at the high school board							659		1750	出来事リスト	2								
72	11	11	Shiyo 800-04-08 10:40	Erina Goto's Memo 1	Jusatsu Arc [Killing by Curse]	116	0				Little Detective	Natsumi Kogori	Erina Goto	object	A memo noting down the Central Park incident	備考	Erina Goto hears about Natsumi Kogori and Haruka Niimura's past								4	5250										
6	12	12	Shiyo 796-12-31 20:00	Paranormal Special! ～Uncanny! The Demon Flower Appears～	Jusatsu Arc [Killing by Curse]	116	1				Little Detective	Natsumi Kogori	Erina Goto	scenario	A supernatural feature broadcast in a year-end special	備考	Erina Goto talks about the goshinboku							846		1750	物リスト	7								
8	13	13	Shiyo 796-12-31 19:00	Paranormal Special! ～Can Telepathy Be Real!?～	Jusatsu Arc [Killing by Curse]	116	2				Little Detective	Natsumi Kogori	Unknown	scenario	A paranormal variety segment broadcast in a year-end special	備考	Natsumi Kogori thinks over her own intuition							1468		2569	物リスト	7								
301	14	14	Shiyo 800-04-08 13:05	A Secret Talk	Jusatsu Arc [Killing by Curse]	116	3				Little Detective	Natsumi Kogori	Unknown	scenario	What Haruka Niimura and Erina Goto said while Natsumi Kogori was away	備考	Natsumi Kogori goes to the restroom at Zahha							1469		2570										
76	15	15	Shiyo 800-04-08 13:20	Erina Goto's Memo 2'	Jusatsu Arc [Killing by Curse]	119	0				Warning	Natsumi Kogori	Erina Goto	object	A memo of what Natsumi Kogori dreamed	備考	Erina Goto takes down Natsumi Kogori's account of her dream								1	2625										
70	16	16	Shiyo 800-04-08 09:00	Cram School Notice	Jusatsu Arc [Killing by Curse]	119	1				Warning	Natsumi Kogori	Erina Goto	object	About the April 8 session at the cram school Erina Goto attends	備考	Erina Goto says the cram school is closed								3	4375	場所	6								
75	17	17	Shiyo 800-04-08 13:19	Erina Goto's Memo 2	Jusatsu Arc [Killing by Curse]	129	0			76	Small Yet Great Heartbeat	Erina Goto	Erina Goto	object	A memo of what Natsumi Kogori dreamed (before part of it was erased)	備考	Erina Goto tells Natsumi Kogori who the victims of the Central Park incident were								0	1750										
9	18	18	Shiyo 800-04-08 18:00	So Long as They Don't Do Anything Rash...	Jusatsu Arc [Killing by Curse]	154	0				Resolve	Erina Goto	Daijiro Ise	scenario	A conversation between police staff who saw the family of a victim of the Motoki-cho incident	備考	Daijiro Ise hears from the bereaved family of a Central Park victim							1015		1776										
91	19	19	Shiyo 800-04-09 05:00	The Motoki Daily	Jusatsu Arc [Killing by Curse]	157	0				Surveillance	Erina Goto	Unknown	object	The morning edition of the day after the Motoki-cho incident	備考	Erina Goto is beaten to death by someone								5	6125	新村美冬	1	1	物リスト	8					
313	20	20	Shiyo 1-07-01 20:00	The Jade-Eyed Girl	Jusatsu Arc [Killing by Curse]	157	1				Surveillance	Erina Goto	Unknown	letters	The written account of one who searched for a girl with green eyes	備考	Finish the first route of the Jusatsu Arc [Killing by Curse]				0				0											1073
32	21	21	Shiyo 796-12-03 16:30	Momoko Goto's Resume	Jusatsu Arc [Killing by Curse]	160	0				Niimura-san	Erina Goto	Momoko Goto	object	The resume Momoko Goto submitted to her part-time job	備考	Erina Goto arrives home								4	5250										
48	22	22	Shiyo 799-10-02 10:10	Class Reunion Invitation	Jusatsu Arc [Killing by Curse]	160	1				Niimura-san	Erina Goto	Saki Goto	object	The class reunion postcard sent to Erina Goto's mother Saki and her husband	備考	Erina Goto confirms her parents are safe				回転				1	2625										
84	23	23	Shiyo 800-04-07 21:15	Stolen Vehicle Report	Jusatsu Arc [Killing by Curse]	163	0				Suspect's Scream 1	Erina Goto	Daijiro Ise	scenario	A stolen vehicle report filed at the police station	備考	Erina Goto works out the grounds for Haruka Niimura not being the culprit							363		1750										
51	24	24	Shiyo 800-01-29 10:00	Juvenile Crime in Motoki-cho	Jusatsu Arc [Killing by Curse]	168	0				Suspect's Scream 2	Erina Goto	Daijiro Ise	scenario	Trends in juvenile crime in Motoki-cho and the measures against it	備考	Erina Goto finds Haruka Niimura outside the convenience store at night							1113		1947										
232	25	25	Shiyo 798-08-09 20:00	The Person on the Phone	Jusatsu Arc [Killing by Curse]	171	0				Vomiting	Erina Goto	Erina Goto	scenario	The voice on the phone of Momoko Goto, Erina Goto's older sister	備考	Momoko Goto comes home							353		1750	五島桃子	13								
7	26	26	Shiyo 800-04-08 12:15	Erina Goto's Memo 3	Jusatsu Arc [Killing by Curse]	171	1				Vomiting	Natsumi Kogori	Erina Goto	object	A memo noting down the Central Park incident	備考	Erina Goto hears about the curse from Haruka Niimura								3	4375										
23	27	27	Shiyo 790-04-09 04:30	Megasawa Newspaper 1	Jusatsu Arc [Killing by Curse]	171	2				Vomiting	Erina Goto	Unknown	object	A newspaper article on the case of children butchered in Megasawa City, Iizawa Prefecture	備考	Erina Goto hears about the curse from Haruka Niimura								8	8750	出来事リスト	10								
29	28	28	Shiyo 794-04-09 04:30	Megasawa Newspaper 2	Jusatsu Arc [Killing by Curse]	173	0				Proof	Erina Goto	Unknown	object	The Shiyo 794 butchery of teaching staff and PTA officers in Megasawa City, Iizawa Prefecture	備考	Erina Goto checks with Haruka Niimura about clothes for the funeral								6	7000	出来事リスト	11								
97	29	29	Shiyo 800-05-30 11:15	Recording of a Diagnosis	Jusatsu Arc [Killing by Curse]	177	0				Abandonment	Erina Goto	Daijiro Ise	scenario	The audio of a psychosomatic physician examining the girl who survived the Motoki-cho serial murders	備考	Erina Goto abandons all thought							787		1750										
30	30	30	Shiyo 781-11-24 08:00	The Memorial	Jusatsu Arc [Killing by Curse]	177	1				Abandonment	Erina Goto	Unknown	scenario	Mifuyu Niimura receives a memorial	備考	Erina Goto abandons all thought							261		1750	新村美冬	24								
314	31	31	Shiyo 718-04-01 21:00	Resolve for the Journey	Jusatsu Arc [Killing by Curse]	177	2				Abandonment	Erina Goto	Unknown	letters	A young person with troubles resolves to set out	備考	Finish the second route of the Jusatsu Arc [Killing by Curse]				1				0											1039
11	32	32	Shiyo 798-10-11 18:10	Thursday Is a Day Off	Jusatsu Arc [Killing by Curse]	164	0				Genius's Agitation	Erina Goto	Natsumi Kogori	scenario	The conversation on meeting Haruka Niimura on her way back from the hospital 1	備考	Natsumi Kogori agrees to be picked up by Erina Goto							823		1750	新村春花	41								
87	33	33	Shiyo 800-04-08 20:00	Natsumi Kogori's Written Record	Jusatsu Arc [Killing by Curse]	169	0				Infection	Erina Goto	Daijiro Ise	scenario	A conversation about the record of what was taken down from Natsumi Kogori, the victim's daughter	備考	Erina Goto and Natsumi Kogori leave the police station							379		1750										
13	34	34	Shiyo 800-04-08 19:30	Eiichiro Niimura's Death Certificate	Jusatsu Arc [Killing by Curse]	169	1				Infection	Natsumi Kogori	Daijiro Ise	object	The result of the death examination of Eiichiro Niimura, Haruka Niimura's father (a copy)	備考	Erina Goto and Natsumi Kogori leave the police station								4	5250										
36	35	35	Shiyo 797-04-09 14:30	Witness Interview	Jusatsu Arc [Killing by Curse]	169	2				Infection	Erina Goto	Haruka Niimura	scenario	Footage interviewing a witness to the third butchery case in Megasawa City, Iizawa Prefecture	備考	Natsumi Kogori and Erina Goto are attacked by someone							938		1750	出来事リスト	12								
182	36	36	Shiyo 10-04-01 21:00	The Head of the Exalted One	Jusatsu Arc [Killing by Curse]	169	3	190			Infection	Erina Goto	Unknown	letters	The written account of a man demoted to Kanto when he struck down a man of high birth	備考	Finish the third route of the Jusatsu Arc [Killing by Curse]				2															1111
12	37	37	Shiyo 790-04-08 13:00	Sis, Where Are You?	Jusatsu Arc [Killing by Curse]	131	0				Motoki Bishojo Appreciation Society	Erina Goto	Erina Goto	scenario	A memory from Erina Goto's early childhood	備考	Erina Goto rests in Central Park							1152		2016	場所	54								
35	38	38	Shiyo 798-04-03 09:15	Daijiro Ise's Police ID	Jusatsu Arc [Killing by Curse]	131	1				Motoki Bishojo Appreciation Society	Erina Goto	Daijiro Ise	object	Daijiro Ise's police ID	備考	Daijiro Ise shows Erina Goto his police ID								3	4375										
78	39	39	Shiyo 800-04-08 15:10	Suspicious Person Report	Jusatsu Arc [Killing by Curse]	137	0				Police Officer's Face	Erina Goto	Unknown	scenario	A report of a suspicious person posted on a social media site	備考	Daijiro Ise raises his voice at Zahha							305		1750	物リスト	2								
79	40	40	Shiyo 800-04-08 15:30	Hayabusa Delivery Call Log	Jusatsu Arc [Killing by Curse]	140	0				Confusion	Erina Goto	Unknown	scenario	A conversation between a service call center worker and Haruka Niimura	備考	Haruka Niimura hands a parcel to the delivery service							297		1750	場所	15								
34	41	41	Shiyo 797-03-16 05:30	Motoki Station Timetable	Jusatsu Arc [Killing by Curse]	141	0				Noh Mask	Natsumi Kogori	Unknown	object	The schedule of trains from Motoki Station toward Sakuraoka	備考	Natsumi Kogori and Haruka Niimura board a train				回転				0	1750	場所	55								
14	42	42	Shiyo 798-10-12 16:10	On the Way Back from the Hospital	Jusatsu Arc [Killing by Curse]	141	1			11	Noh Mask	Natsumi Kogori	Natsumi Kogori	scenario	The conversation on meeting Haruka Niimura on her way back from the hospital 2	備考	Natsumi Kogori asks Haruka Niimura to guard her							216		1750										
83	43	43	Shiyo 800-04-08 19:00	Erina Goto's Memo 4	Jusatsu Arc [Killing by Curse]	153	0				Far End of the Mountain	Natsumi Kogori	Erina Goto	object	A memo of what was gathered from Daijiro Ise and of her reasoning on it	備考	Natsumi Kogori and Haruka Niimura arrive at Sakuraoka Station								3	4375										
15	44	44	Shiyo 800-04-09 21:00	Erina Goto's Memo 5	Jusatsu Arc [Killing by Curse]	172	0				What I Can Do	Erina Goto	Erina Goto	object	A memo of her reasoning after the killing of Natsumi Kogori and Haruka Niimura	備考	Erina Goto urges Akane Kogori to turn herself in								4	5250										
4	45	45	Shiyo 800-04-20 21:00	Investigation Report on the Victim's Belongings	Jusatsu Arc [Killing by Curse]	172	1				What I Can Do	Erina Goto	Daijiro Ise	object	The results of the examination of Haruka Niimura's belongings	備考	Reach the 'What I Can Do' ending								8	8750										
10	46	46	Shiyo 310-08-01 10:00	The Horde of Demon-Gods	Jusatsu Arc [Killing by Curse]	172	2	191			What I Can Do	Erina Goto	Unknown	letters	A certain warlord's account of soldiers like demon-gods	備考	Finish the fourth route of the Jusatsu Arc [Killing by Curse]				3				0											2015
71	47	47	Shiyo 800-04-08 10:30	Ryoji Kogori's Death Certificate	Jusatsu Arc [Killing by Curse]	143	0				Reunion	Natsumi Kogori	Daijiro Ise	object	Flayed, then bled to death from a main artery torn open by crows	備考	Natsumi Kogori is shown Ryoji Kogori's body								3	4375										
20	48	48	Shiyo 798-10-12 19:00	I'm Worried... 1	Jusatsu Arc [Killing by Curse]	143	1			14	Reunion	Natsumi Kogori	Natsumi Kogori	scenario	The conversation with Akane Kogori after meeting Haruka Niimura on her way back from the hospital	備考	Haruka Niimura feels anger at Daijiro Ise							507		1750										
17	49	49	Shiyo 790-12-19 23:00	A Letter from His Student Days	Jusatsu Arc [Killing by Curse]	149	0				Profile of the Culprit	Natsumi Kogori	Daijiro Ise	object	A letter from the woman Daijiro Ise was seeing in his student days	備考	Haruka Niimura is disillusioned by Daijiro Ise's hobby								7	7875										
18	50	50	Shiyo 800-04-08 18:30	The Suspect and the Subject	Jusatsu Arc [Killing by Curse]	149	1				Profile of the Culprit	Natsumi Kogori	Daijiro Ise	scenario	On how to deal with the Kogori family, the bereaved of a victim	備考	Daijiro Ise leaves Natsumi Kogori and the others							475		1750										
22	51	51	Shiyo 800-04-08 23:40	Urgent Call	Jusatsu Arc [Killing by Curse]	151	0				Disappearance	Natsumi Kogori	Momoko Goto	scenario	A telephone call from the police	備考	Haruka Niimura disappears							1278		2236	五島桃子	2								
189	52	52	Shiyo 800-04-08 22:30	Ryoji Kogori's Letter	Jusatsu Arc [Killing by Curse]	204	0				Inner Conflict	Natsumi Kogori	Erina Goto	object	The letter Ryoji Kogori left behind	備考	Erina Goto turns her anger on Akane Kogori in a roundabout way							1310	8	8750										
16	53	53	Shiyo 310-04-20 23:00	Ginosuke's Diary 1	Jusatsu Arc [Killing by Curse]	204	1	127			Inner Conflict	Erina Goto	Unknown	letters	A very old diary. It appears to be from the Warring States period.	備考	Finish the fifth route of the Jusatsu Arc [Killing by Curse]				4				0											1176
55	54	54	Shiyo 800-03-16 14:15	Teach Me, Niimura-san!	Jusatsu Arc [Killing by Curse]	122	0				Talk About Dad	Natsumi Kogori	Haruka Niimura	scenario	A conversation with the classmate teaching her schoolwork	備考	Natsumi Kogori and Haruka Niimura talk about their fathers							775		1750	新村春花	42								
44	55	55	Shiyo 799-08-04 10:10	I am a bird!	Jusatsu Arc [Killing by Curse]	127	0				I'm Sorry.	Natsumi Kogori	Haruka Niimura	scenario	A review of Ultra Fizz Bomber uploaded by a famous foreign video poster	備考	Haruka Niimura falls for Natsumi Kogori's prank							1182		2068	物リスト	10								
37	56	56	Shiyo 800-04-08 15:00	The Scene of the Crime	Jusatsu Arc [Killing by Curse]	138	0				On the Run	Natsumi Kogori	Daijiro Ise	scenario	Investigation of a van left abandoned by the roadside	備考	Natsumi Kogori and Haruka Niimura meet up with Erina Goto							504		1750										
38	57	57	Shiyo 800-04-08 16:30	Take Care.	Jusatsu Arc [Killing by Curse]	147	0				The Maidens' Holy War ~Resistance~	Natsumi Kogori	Daijiro Ise	scenario	Daijiro Ise reports the situation at the Goto home to Akane Kogori	備考	Natsumi Kogori and Haruka Niimura take a bath at the Goto home							1024		1792										
24	58	58	Shiyo 798-10-13 10:00	I'm Worried... 2	Jusatsu Arc [Killing by Curse]	147	1			20	The Maidens' Holy War ~Resistance~	Natsumi Kogori	Natsumi Kogori	scenario	A conversation with Mifuyu, Haruka Niimura's mother	備考	Erina Goto raves about Haruka Niimura's figure							997		1750										
52	59	59	Shiyo 800-04-08 17:40	Sakura Sushi	Jusatsu Arc [Killing by Curse]	205	0				The Maidens' Holy War ~Demon of Fury~	Natsumi Kogori	Erina Goto	object	The introduction page for Sakura Sushi, a famous restaurant in Motoki-cho	備考	Natsumi Kogori plots revenge on Haruka Niimura and Erina Goto				動画				4	5250	場所	16								
312	60	60	Shiyo 800-04-08 20:00	Can't Get Close	Jusatsu Arc [Killing by Curse]	162	0				A New World	Natsumi Kogori	Erina Goto	scenario	Erina Goto talks about having Natsumi Kogori and the others stay over	備考	Momoko Goto goes out							468		1750										
25	61	61	Shiyo 797-08-01 19:00	Hysterical Strength	Jusatsu Arc [Killing by Curse]	162	1				A New World	Erina Goto	Erina Goto	scenario	A site she came across while researching to support Natsumi Kogori	備考	Erina Goto asks to support Natsumi Kogori							752		1750	物リスト	12								
26	62	62	Shiyo 798-04-09 19:00	The Volleyball Coach's Assessment	Jusatsu Arc [Killing by Curse]	162	2				A New World	Erina Goto	Erina Goto	scenario	The volleyball club coach's assessment of Natsumi Kogori	備考	Natsumi Kogori is cut in the tryouts for the starting lineup							1434		2509										
40	63	63	Shiyo 798-07-23 20:00	Shiyo 798 Junior High School Athletic Meet Results	Jusatsu Arc [Killing by Curse]	162	3				A New World	Erina Goto	Erina Goto	object	Results of a junior high girls' volleyball tournament held in Sawa Prefecture	備考	Natsumi Kogori is cut in the tryouts for the starting lineup								2	3500										
85	64	64	Shiyo 800-04-08 19:40	Erina Goto's Memo 6	Jusatsu Arc [Killing by Curse]	170	0				I Believed	Natsumi Kogori	Erina Goto	object	Erina Goto's thoughts on Daijiro Ise's visit	備考	Erina Goto drops the bug								4	5250										
39	65	65	Shiyo 800-04-08 20:30	Out of Contact	Jusatsu Arc [Killing by Curse]	170	1				I Believed	Natsumi Kogori	Daijiro Ise	scenario	On the unit that went out of contact	備考	Someone calls Natsumi Kogori							261		1750										
46	66	66	Shiyo 796-12-31 21:00	Paranormal Special! ~The Trumpet Heralding the End~	Jusatsu Arc [Killing by Curse]	206	0				I'm Sorry After All.	Natsumi Kogori	Erina Goto	scenario	A paranormal-phenomena feature aired as a year-end special program	備考	Natsumi Kogori comes face to face with the red person in Central Park							1237		2164	物リスト	71								
27	67	67	Shiyo 800-04-10 16:30	Eiichiro Niimura's Death Certificate: Additional Request	Jusatsu Arc [Killing by Curse]	202	0			13	Haruka and the Witch and the Shinigami	Natsumi Kogori	Daijiro Ise	object	Additional autopsy information on Eiichiro Niimura	備考	Reach the 'Haruka and the Witch and the Shinigami' ending								7	7875										
68	68	68	Shiyo 311-04-01 22:00	Those Who Hear the Voices of Demons	Jusatsu Arc [Killing by Curse]	202	1	128			Haruka and the Witch and the Shinigami	Natsumi Kogori	Unknown	letters	A letter saying that lately some among the retainers hear the voices of demons	備考	Finish Jusatsu Arc [Killing by Curse]				5				0											1440
209	69	69	Shiyo 342-06-01 22:00	Restrictions on the Use of Medicine	Jusatsu Arc [Killing by Curse]	202	2	138			Haruka and the Witch and the Shinigami	Natsumi Kogori	Unknown	letters	It seems to be about things that should be forbidden by the rule	備考	Finish Jusatsu Arc [Killing by Curse]				6															721
47	70	70	Shiyo 800-04-07 06:50	Lightning Thunder-Visit♪ Yukipin	Meicho Arc [Clear Sign]	84	0			1	Friend with April Sickness	Haruka Niimura	Unknown	scenario	The on-location segment of 'Oha-Oha! Japan'	備考	Haruka Niimura and Erina Goto go to the cherry-blossom festival							1630		3260										
49	71	71	Shiyo 800-04-07 09:10	Internal Medicine Exam	Meicho Arc [Clear Sign]	84	1				Friend with April Sickness	Haruka Niimura	Haruka Niimura	scenario	The conversation when Haruka Niimura went to the doctor with food poisoning	備考	Haruka Niimura brings Natsumi Kogori a gift							902		2000										
50	72	72	Shiyo 788-05-01 16:10	Mifuyu Niimura's Medical Certificate	Meicho Arc [Clear Sign]	87	0				The Day the Witch Was Born	Haruka Niimura	Mifuyu Niimura	object	The medical certificate issued when Mifuyu Niimura saw a psychosomatic medicine clinic	備考	Haruka Niimura looks back on her life in Megasawa City								3	5000	新村美冬	20								
54	73	73	Shiyo 789-11-17 16:00	Class 1-1 Report	Meicho Arc [Clear Sign]	87	1				The Day the Witch Was Born	Haruka Niimura	Midori Sasaki	object	A report submitted by Midori Sasaki, Haruka Niimura's homeroom teacher at the time	備考	Haruka Niimura looks back on her life in Megasawa City								4	6000										
221	74	74	Shiyo 790-04-10 13:00	The Culprit Is Me!	Meicho Arc [Clear Sign]	87	2				The Day the Witch Was Born	Haruka Niimura	Unknown	scenario	Police inquiries into the Megasawa City case	備考	Haruka Niimura looks back on her life in Megasawa City							992		2000										
56	75	75	Shiyo 800-03-26 17:00	Rumors about Rei Tanizaki	Meicho Arc [Clear Sign]	102	0				Paper Doll	Haruka Niimura	Haruka Niimura	scenario	A conversation Haruka Niimura had with two classmates	備考	Haruka Niimura reads an email from her homeroom teacher Rei Tanizaki							1730		3460										
59	76	76	Shiyo 800-04-08 12:20	Erina Goto's Memo 7	Meicho Arc [Clear Sign]	117	0				Let's Give Up	Haruka Niimura	Erina Goto	object	A memo Erina Goto wrote before arriving at the Niimura home	備考	Natsumi Kogori goes out shopping alone								6	8000										
60	77	77	Shiyo 800-04-08 12:20	Errand! Errand!	Meicho Arc [Clear Sign]	117	1				Let's Give Up	Haruka Niimura	Natsumi Kogori	scenario	What Natsumi Kogori thought about while out on an errand	備考	Haruka Niimura finishes consulting Erina Goto							907		2000										
57	78	78	Shiyo 800-04-01 00:00	Vulgar Posts	Meicho Arc [Clear Sign]	120	0				Only One Survives	Haruka Niimura	Haruka Niimura	scenario	Posts on the high-school message board one day	備考	Haruka Niimura is dragged into the battle of Russian-roulette takoyaki							2104		4208										
58	79	79	Shiyo 799-09-15 16:00	Dangerous Food	Meicho Arc [Clear Sign]	125	0			44	The Maidens' Holy War ~Prodigy~	Haruka Niimura	Natsumi Kogori	scenario	A video about Japan's dangerous foods	備考	Haruka Niimura wins the battle of Russian-roulette takoyaki							2681		5362										
61	80	80	Shiyo 800-04-08 14:00	Erina Goto's Memo 8	Meicho Arc [Clear Sign]	128	0				Alibi	Haruka Niimura	Erina Goto	object	A memo Erina Goto wrote about the alibis in the Megasawa City case	備考	Haruka Niimura begins to deny that the curse exists								5	7000										
62	81	81	Shiyo 800-04-08 14:30	Erina Goto's Memo 9	Meicho Arc [Clear Sign]	132	0				An Unplanned Murder	Haruka Niimura	Erina Goto	object	A memo Erina Goto wrote about the puzzling points of the Motoki-cho case	備考	The possibility emerges that Haruka Niimura is the real target								4	6000										
63	82	82	Shiyo 800-03-09 20:00	Parent-Teacher Meeting	Meicho Arc [Clear Sign]	132	1				An Unplanned Murder	Haruka Niimura	Haruka Niimura	scenario	A conversation among Haruka Niimura, Mifuyu Niimura and homeroom teacher Rei Tanizaki	備考	The possibility emerges that Haruka Niimura is the real target							1616		3232	新村美冬	21								
64	83	83	Shiyo 790-03-29 14:00	The Rule	Meicho Arc [Clear Sign]	134	0				The Arata Settlement	Haruka Niimura	Mifuyu Niimura	scenario	Mifuyu Niimura asks a certain person to commit a murder	備考	Erina Goto sees the Arata settlement as a danger							547		2000	新村美冬	25								
222	84	84	Shiyo 800-04-08 15:30	I'm a Witness!	Meicho Arc [Clear Sign]	148	0				The Head	Haruka Niimura	Erina Goto	scenario	Erina Goto's plea after rushing into the police station	備考	Mifuyu Niimura is arrested unharmed							539		2000										
67	85	85	Shiyo 800-04-13 10:00	Daijiro Ise's Written Apology	Meicho Arc [Clear Sign]	148	1				The Head	Haruka Niimura	Daijiro Ise	object	A written apology Daijiro Ise wrote	備考	Mifuyu Niimura is arrested unharmed								4	6000	伊勢大二郎	5								
223	86	86	Shiyo 800-05-05 18:00	An Accident? A Murder?	Meicho Arc [Clear Sign]	207	0				The Mysteries Left Behind	Haruka Niimura	Erina Goto	scenario	Momoko Goto talks about the accident that killed Eiichiro Niimura	備考	Natsumi Kogori, Haruka Niimura and Erina Goto spend a day off together							748		2000	五島桃子	12								
69	87	87	Shiyo 510-04-20 23:00	Picture of the Demon Flower	Meicho Arc [Clear Sign]	195	0		1		Dream Racing to the Past	Haruka Niimura	Unknown	object	It appears to be an old drawing	備考	Haruka Niimura sees an impossible sight through the gap in a door				回転				3	5000										
74	88	88	Shiyo 796-12-31 23:00	Paranormal Special! ～What Is a Zombie Really?～	Meicho Arc [Clear Sign]	195	1		1		Dream Racing to the Past	Haruka Niimura	Erina Goto	scenario	A supernatural feature broadcast in a year-end special	備考	The strange noise rings out across the whole area where Haruka Niimura lives							1362		2724	物リスト	7								
286	89	89	Shiyo 343-04-08 13:00	Those Who Leave Arata	Meicho Arc [Clear Sign]	195	2	139	1		Dream Racing to the Past	Haruka Niimura	Unknown	letters	The written account of one who came to leave the Arata settlement for a certain reason	備考	Finish the first route of the Meicho Arc [Clear Sign]				7															791
77	90	90	Shiyo 757-12-03 15:00	Tsubana Tonosaki's Diary	Wabigoto Arc [Apology]	13	0				A Best Friend and Then Family	Mifuyu Niimura	Tsubana Tonosaki	object	A diary written by Tsubana Tonosaki, Akane Kogori's mother	備考	As small children, Mifuyu Niimura and Akane Kogori promise to live their lives in Motoki-cho							593	1	3000										
80	91	91	Shiyo 773-05-08 15:00	Sins of a Past Life	Wabigoto Arc [Apology]	13	1				A Best Friend and Then Family	Mifuyu Niimura	Mifuyu Niimura	scenario	The funeral of Mifuyu Niimura's father	備考	Mifuyu Niimura becomes a high school student							924		2000										
81	92	92	Shiyo 778-11-22 01:10	Cheat Sheet	Wabigoto Arc [Apology]	208	0				Mirror (You)	Mifuyu Niimura	Akane Kogori	object	A memo Akane Kogori wrote for Mifuyu Niimura	備考	Akane Kogori hands Haruka Niimura a cheat sheet							593	5	7000										
224	93	93	Shiyo 773-03-25 08:00	A Lonely Send-Off	Wabigoto Arc [Apology]	208	1				Mirror (You)	Mifuyu Niimura	Eiichiro Niimura	scenario	Eiichiro Niimura leaving the Arata settlement	備考	Eiichiro Niimura walks away from Mifuyu Niimura							208		2000										
82	94	94	Shiyo 778-11-23 17:30	An Unusual Customer	Wabigoto Arc [Apology]	209	0				Mirror (Me)	Mifuyu Niimura	Unknown	scenario	A conversation between Primavera staff	備考	Mifuyu Niimura and Eiichiro Niimura leave Primavera							884		2000										
239	95	95	Shiyo 778-12-10 10:00	Mountain Seclusion Catalog	Wabigoto Arc [Apology]	210	0				Dream	Mifuyu Niimura	Mifuyu Niimura	object	The rules of the Arata settlement's marrying-in test, the 'Mountain Seclusion'	備考	Mifuyu Niimura takes the Arata settlement's test								10	12000										
88	96	96	Shiyo 781-08-21 13:30	Service from the Heart	Wabigoto Arc [Apology]	210	1				Dream	Mifuyu Niimura	Unknown	scenario	A conversation between Primavera staff	備考	Mifuyu Niimura and Akane Kogori receive Primavera's on-the-house service							809		2000										
225	97	97	Shiyo 781-11-24 16:00	An Angle on Happiness	Wabigoto Arc [Apology]	14	0				The New Families	Mifuyu Niimura	Akane Kogori	scenario	Akane Kogori learns of Mifuyu Niimura's stillbirth	備考	Akane Kogori proposes adoption to Mifuyu Niimura							1675		3350										
89	98	98	Shiyo 788-04-08 13:20	Witnesses to the Accident	Wabigoto Arc [Apology]	15	0			223	Cracks	Ryoji Kogori	Momoko Goto	scenario	A conversation between children who witnessed the accident and their mother	備考	Eiichiro Niimura dies							346		2000	五島絵梨奈	25		五島桃子	7					
90	99	99	Shiyo 790-04-06 17:30	Account of the Accident	Wabigoto Arc [Apology]	25	0				Two Years Later	Ryoji Kogori	Ryoji Kogori	object	An account of an accident caused by an employee of the company where Ryoji Kogori works	備考	Ryoji Kogori witnesses an accident involving a company car								7	9000										
93	100	100	Shiyo 790-03-01 18:30	Family Restaurant Opening Notice	Wabigoto Arc [Apology]	27	0				The Maidens' Holy War ~Duty~	Ryoji Kogori	Ryoji Kogori	object	A flyer announcing the opening of Zahha store No. 35	備考	Ryoji Kogori and Natsumi Kogori head to Zahha								7	9000										
92	101	101	Shiyo 790-04-10 11:30	a nice picture i drew of my friend	Wabigoto Arc [Apology]	27	1				The Maidens' Holy War ~Duty~	Ryoji Kogori	Erina Goto	object	A picture drawn at daycare drawing time, showing something fun that happened recently	備考	The battle of Russian-roulette takoyaki is settled								3	5000										
3	102	102	Shiyo 789-02-24 16:00	Rental Property Listing	Wabigoto Arc [Apology]	29	0				A Freezing Parent and Child	Ryoji Kogori	Mifuyu Niimura	object	An information sheet for the apartment where Mifuyu and Haruka Niimura live	備考	Ryoji Kogori learns where Mifuyu Niimura and the others are								3	5000										
226	103	103	Shiyo 780-08-15 13:00	Let's Quit Now...	Wabigoto Arc [Apology]	31	0				The Courage I Wished For	Ryoji Kogori	Mifuyu Niimura	scenario	Spotting Akane Kogori coming out of a pachinko parlor	備考	Ryoji Kogori learns the reason for Natsumi Kogori's gambling streak							1268		2536										
21	104	104	Shiyo 790-04-08 16:00	Mother-in-Law's Nagging	Wabigoto Arc [Apology]	31	1				The Courage I Wished For	Ryoji Kogori	Mifuyu Niimura	scenario	A conversation between Mifuyu Niimura and Eiichiro Niimura's mother	備考	Natsumi Kogori says something to Ryoji Kogori that sounds like danger sense							1097		2194	新村美冬	22								
42	105	105	Shiyo 790-03-12 15:00	The World of Magic and Sorcery	Wabigoto Arc [Apology]	32	0				Rubbing the Wrong Way	Ryoji Kogori	Haruka Niimura	object	A children's book about magic	備考	Mifuyu Niimura confesses her plan for the Megasawa City case								5	7000										
28	106	106	Shiyo 790-04-10 05:00	Megasawa Newspaper 3	Wabigoto Arc [Apology]	32	1				Rubbing the Wrong Way	Ryoji Kogori	Unknown	object	The morning paper reporting the fire in Nanami-cho, Megasawa City	備考	Only Natsumi Kogori survives								7	9000										
287	107	107	Shiyo 107-10-20 20:00	Battle Attire	Wabigoto Arc [Apology]	32	2	154			Rubbing the Wrong Way	Ryoji Kogori	Unknown	letters	On preparations for battle	備考	Finish the first route of the Wabigoto Arc [Apology]				8															897
158	108	108	Shiyo 343-07-01 20:00	The Cherry Tree by the Lake	Wabigoto Arc [Apology]	34	0	156			Seeing Off	Ryoji Kogori	Unknown	letters	A new place found by one who left the Arata settlement	備考	Finish the Wabigoto Arc [Apology]				9				0											927
227	109	109	Shiyo 790-04-07 20:40	The Silent Grandchild	Wabigoto Arc [Apology]	29	0		1		A Freezing Parent and Child	Ryoji Kogori	Tsubana Tonosaki	scenario	Natsumi Kogori, left in the care of the Tonosaki family	備考	Ryoji Kogori leaves Natsumi Kogori with the Tonosaki family							348		2000										
296	110	110	Shiyo 790-04-08 16:30	Did You Really Do It?	Wabigoto Arc [Apology]	237	0				Strange	Ryoji Kogori	Ryoji Kogori	scenario	A conversation in the shared toilet at Nanami-so after the Megasawa City case	備考	The first Megasawa City case occurs							522		2000										
86	111	111	Shiyo 668-06-14 23:00	The Flow of the Times	Meicho Arc [Clear Sign]	88	0	162			Bright Red ××	Mifuyu Niimura	Unknown	letters	A letter setting down what the Arata settlement should do as Japan's modernization approached	備考	Finish Meicho Arc [Clear Sign]				10				0											827
31	112	112	Shiyo 678-05-01 19:00	A Youth's Love Letter	Meicho Arc [Clear Sign]	88	1	163			Bright Red ××	Mifuyu Niimura	Unknown	letters	A letter written to a beloved, knowing the love could never be	備考	Finish Meicho Arc [Clear Sign]				11				0											1145
94	113	113	Shiyo 800-04-06 20:30	A Working Teacher's Raw Blog	Shigatsu Arc [Death Month]	78	0				The New Students' Representative Address	Natsumi Kogori	Rei Tanizaki	object	A blog written by Yoko Tazawa, Erina Goto's homeroom teacher	備考	Erina Goto gives the speech as representative of the new students								9	13750										
96	114	114	Shiyo 800-04-07 11:20	Receipt for the Gift	Shigatsu Arc [Death Month]	82	0				Haruka's Hometown	Natsumi Kogori	Akane Kogori	object	The receipt from buying the gift	備考	Natsumi Kogori is entrusted with a gift for the Arata settlement								3	6250										
98	115	115	Shiyo 790-04-02 14:30	The Complete Iizawa Prefecture Guidebook	Shigatsu Arc [Death Month]	83	0				Only Fun Things for Now.	Natsumi Kogori	Natsumi Kogori	object	A tourist guidebook to Iizawa Prefecture	備考	Erina Goto sees through what Natsumi Kogori is carrying								5	8750										
99	116	116	Shiyo 800-04-02 14:30	What Goes with Night Cherry Blossoms?	Shigatsu Arc [Death Month]	83	1				Only Fun Things for Now.	Natsumi Kogori	Haruka Niimura	scenario	A conversation on seeing the cherry trees start to bloom	備考	Haruka Niimura sees through what Erina Goto is carrying							821		2500										
100	117	117	Shiyo 798-05-07 16:00	Chigaya Niimura's Resume	Shigatsu Arc [Death Month]	89	0				Make-Believe Loveliness	Natsumi Kogori	Chigaya Niimura	object	The resume Chigaya Niimura submitted for her part-time job	備考	A friend of Chigaya Niimura sends photos from a drinking party								5	8750										
43	118	118	Shiyo 800-04-07 19:00	Goto's Rival?	Shigatsu Arc [Death Month]	90	0				The Welcoming Rite	Natsumi Kogori	Natsumi Kogori	scenario	On how much Erina Goto and Chigaya Niimura eat	備考	Natsumi Kogori savors the food of the Arata settlement							1156		2890	新村茅萱	2								
228	119	119	Shiyo 800-04-03 10:00	Preparing the Welcome	Shigatsu Arc [Death Month]	92	0				The Maidens' Holy War ~Apparition~	Natsumi Kogori	Erika Niimura	scenario	Erika Niimura seems to be preparing all sorts of outfits	備考	Erika Niimura does an impression of Erina Goto							492		2500										
229	120	120	Shiyo 800-04-03 10:00	Prank Welcome Plan!	Shigatsu Arc [Death Month]	94	0				Shared Murder	Natsumi Kogori	Kana Niimura	scenario	Kana Niimura thinking up a prank setup	備考	Kana Niimura jumps out of the ceiling							370		2500										
104	121	121	Shiyo 750-08-22 6:00	Iizawa Newspaper	Shigatsu Arc [Death Month]	94	1				Shared Murder	Natsumi Kogori	Unknown	object	A news article on the murder of an Iizawa prefectural government employee	備考	Erika Niimura tells a ghost story she lived through								4	7500	出来事リスト	42								
106	122	122	Shiyo 790-05-06 9:00	Haruka Niimura's Self-Introduction	Shigatsu Arc [Death Month]	96	0				The Charm	Natsumi Kogori	Haruka Niimura	scenario	Haruka Niimura introducing herself on transferring to Motoki Elementary School	備考	Haruka Niimura tells a ghost story							557		2500										
108	123	123	Shiyo 747-05-10 10:00	Occult Magazine 'M', June Shiyo 747 Issue	Shigatsu Arc [Death Month]	97	0				Motokizakura-sama 1	Natsumi Kogori	Unknown	object	A gossip article summing up bizarre murder cases	備考	Mifuyu Niimura tells a ghost story								3	6250	物リスト	20								
109	124	124	Shiyo 800-03-03 12:40	Occult Magazine 'M', July Shiyo 747 Issue	Shigatsu Arc [Death Month]	98	0			108	Motokizakura-sama 2	Natsumi Kogori	Natsumi Kogori	object	A gossip article compiling Motokizakura-sama stories	備考	Natsumi Kogori tells a ghost story								4	7500	物リスト	20								
112	125	125	Shiyo 791-04-05 20:00	Offering Flowers	Shigatsu Arc [Death Month]	214	0				The Goddess's Remains	Haruka Niimura	Unknown	scenario	Flowers offered in a dark place	備考	Haruka Niimura talks about Sakura Niimura's death							138		2500										
230	126	126	Shiyo 766-04-10 11:00	Dad's Death	Shigatsu Arc [Death Month]	215	0				The Shigatsu Curse	Natsumi Kogori	Unknown	scenario	The body of an Arata settlement resident is found	備考	Erika Niimura talks about the old people's suicides							671		2500										
142	127	127	Shiyo 800-04-07 23:15	Residents' Birth and Death Records	Shigatsu Arc [Death Month]	215	1				The Shigatsu Curse	Natsumi Kogori	Erina Goto	object	A residents' register recording the birth and death dates of the Arata settlement residents	備考	Erika Niimura shows the residents' register								1	3750										
113	128	128	Shiyo 800-04-07 23:30	The Gathering	Shigatsu Arc [Death Month]	216	0				Backup	Natsumi Kogori	Kengo Shirozaki	scenario	The residents are plotting something dangerous	備考	Haruka Niimura brings Kotaro Niimura							424		2500										
143	129	129	Shiyo 800-04-08 0:20	A Simple Timeline of the Arata Settlement	Shigatsu Arc [Death Month]	218	0				A Body That 'Is Dead'	Natsumi Kogori	Erina Goto	object	A timeline of events in the Arata settlement, written by Erina Goto	備考	Erina Goto writes a timeline								3	6250										
114	130	130	Shiyo 800-04-12 13:30	A Hunch It Will Go Unsolved	Shigatsu Arc [Death Month]	218	1				A Body That 'Is Dead'	Natsumi Kogori	Daijiro Ise	scenario	Security camera footage from Motoki Station	備考	Natsumi Kogori is attacked in the Arata settlement							450		2500										
33	131	131	Shiyo 198-07-01 20:00	The Green-Eyed Beast	Shigatsu Arc [Death Month]	218	2	169			A Body That 'Is Dead'	Natsumi Kogori	Unknown	letters	Precautions when killing a bear	備考	Finish the first route of the Shigatsu Arc [Death Month]				12				0											1131
115	132	132	Shiyo 800-01-01 20:00	Paranoia	Shigatsu Arc [Death Month]	219	0				Secret Base	Natsumi Kogori	Unknown	scenario	Someone is watching the sisters' quarrel	備考	Kana Niimura takes Natsumi Kogori and the others to the secret base							1071		2677										
116	133	133	Shiyo 795-04-04 7:00	Proof of Innocence	Shigatsu Arc [Death Month]	220	0				Blindfold	Natsumi Kogori	Kengo Shirozaki	scenario	A conversation while Kengo Shirozaki is watching Kotaro Niimura	備考	Erika Niimura talks about the watch on Kotaro Niimura							950		2500	出来事リスト	22		出来事リスト	45					
231	134	134	Shiyo 760-02-11 23:00	The Next Head	Shigatsu Arc [Death Month]	220	1				Blindfold	Natsumi Kogori	Erika Niimura	scenario	Told by the previous Grand Witch to take over	備考	Erika Niimura explains why she does not stop the suicides							1513		3782										
117	135	135	Shiyo 800-01-01 20:30	I'm a Grown-Up Now!	Shigatsu Arc [Death Month]	222	0			115	An Incomprehensible Will	Natsumi Kogori	Haruka Niimura	scenario	A scene from a New Year's banquet at the Niimura home	備考	Haruka Niimura talks about what Kengo Shirozaki is like							1055		2637										
118	136	136	Shiyo 800-04-07 23:25	The Entrance Ceremony Photo	Shigatsu Arc [Death Month]	223	0				The Amulet	Haruka Niimura	Mifuyu Niimura	object	A photo from when Mifuyu Niimura and Akane Kogori started elementary school	備考	Mifuyu Niimura gazes at a photo of old memories				回転				2	5000										
119	137	137	Shiyo 800-03-25 13:30	The Cafe Receipt	Shigatsu Arc [Death Month]	223	1				The Amulet	Haruka Niimura	Mifuyu Niimura	object	A receipt Mifuyu Niimura received at a cafe	備考	Mifuyu Niimura tells of the plan to switch places with Chigaya Niimura								3	6250										
120	138	138	Shiyo 800-01-01 20:40	Making Up	Shigatsu Arc [Death Month]	224	0			117	The Palm of the Hand	Natsumi Kogori	Mifuyu Niimura	scenario	The scene when Mifuyu Niimura and Kana Niimura talked at the Niimura main house	備考	Erina Goto suspects Kotaro Niimura							1963		4907										
233	139	139	Shiyo 795-08-13 16:30	Big Sister's Gallant Figure	Shigatsu Arc [Death Month]	225	0				Ambush	Natsumi Kogori	Kana Niimura	scenario	Watching Chigaya Niimura train with a nata and a mace	備考	Kana Niimura says she hunts with a nata and a mace							1140		2850										
234	140	140	Shiyo 800-04-08 00:00	The Witch Who Leads Astray	Shigatsu Arc [Death Month]	226	0				Forbidden Fruit	Haruka Niimura	Kengo Shirozaki	scenario	The residents lying in wait for Natsumi Kogori and the others at Arata Station	備考	The fight in front of Arata Station ends							1096		2740										
121	141	141	Shiyo 800-04-13 11:00	Something Lost	Shigatsu Arc [Death Month]	227	0				I Came to See You.	Erina Goto	Momoko Goto	scenario	Momoko Goto getting ready to go out at the washstand	備考	Erina Goto arrives at the Arata settlement alone							155		2500										
122	142	142	Shiyo 804-04-07 12:00	Missing Person Information	Shigatsu Arc [Death Month]	227	1				I Came to See You.	Erina Goto	Unknown	object	A poster about a high school girl who went missing 4 years ago	備考	Erina Goto arrives at the Arata settlement alone								0	2500	出来事リスト	47								
101	143	143	Shiyo 340-06-10 22:00	The Mountain Where Demons Dwell	Shigatsu Arc [Death Month]	227	2	171			I Came to See You.	Erina Goto	Foot Soldier	letters	Seems to be a diary written by someone close to the one called 'the Great Lord'	備考	Finish the second route of the Shigatsu Arc [Death Month]				13				0											1337
123	144	144	Shiyo 800-04-07 12:00	A Gap in Memory	Shigatsu Arc [Death Month]	228	0				Monkey (Mashira)	Natsumi Kogori	Erina Goto	scenario	Erina Goto lost in thought at the sight of something she does not remember	備考	Erina Goto shows the phone strap							585		2500										
124	145	145	Shiyo 800-04-07 17:10	A Lonely Welcome	Shigatsu Arc [Death Month]	229	0				Detour (Avoidance)	Natsumi Kogori	Chigaya Niimura	scenario	A conversation when Mifuyu Niimura came to Arata Station to pick up Chigaya Niimura	備考	Chigaya Niimura comes along the mountain road to meet them							758		2500	新村茅萱	32								
125	146	146	Shiyo 799-11-23 14:00	Like a 17-Year-Old Maiden!	Shigatsu Arc [Death Month]	230	0				The Last Chance	Natsumi Kogori	Haruka Niimura	scenario	The scene when Haruka Niimura went to buy winter clothes	備考	Natsumi Kogori brushes the dust off Haruka Niimura's clothes							847		2500										
141	147	147	Shiyo 800-01-01 00:00	Last Year's Results	Shigatsu Arc [Death Month]	230	1				The Last Chance	Natsumi Kogori	Daijiro Ise	object	The special page of the Motoki Bishojo Appreciation Society	備考	Chigaya Niimura talks about Erika Niimura's cosplay							786	5	8750										
126	148	148	Shiyo 800-01-02 8:00	Hangover Morning	Shigatsu Arc [Death Month]	230	2			120	The Last Chance	Natsumi Kogori	Chigaya Niimura	scenario	The scene on a hungover morning at New Year	備考	Chigaya Niimura resolves to tell her own deduction							1187		2967										
129	149	149	Shiyo 800-04-07 12:20	The Best Judgment	Shigatsu Arc [Death Month]	233	0				Boxes	Natsumi Kogori	Ryoji Kogori	scenario	The Kogori couple learn that Natsumi Kogori and the others missed their train	備考	Natsumi Kogori calls Ryoji Kogori							1115		2787										
130	150	150	Shiyo 772-03-01 16:20	The Reason for Kindness	Shigatsu Arc [Death Month]	234	0				Probing	Natsumi Kogori	Kotaro Niimura	scenario	A conversation between Eiichiro Niimura and Sakura Niimura in middle school	備考	Kotaro Niimura talks about how he and Sakura Niimura got together							487		2500	新村サクラ	5								
131	151	151	Shiyo 799-08-01 16:20	Arata's Living National Treasure	Shigatsu Arc [Death Month]	91	0				To the Cherry Tree	Natsumi Kogori	Kengo Shirozaki	scenario	Kana Niimura visits Kengo Shirozaki's workshop	備考	Kengo Shirozaki entrusts Natsumi Kogori with a knife							576		2500										
238	152	152	Shiyo 795-10-17 14:00	A Sudden Rejection	Shigatsu Arc [Death Month]	308	0				Proxy Sisters	Erina Goto	Erina Goto	scenario	Momoko Goto comes home from someone's funeral	備考	Kana Niimura has doubts about how the Goto sisters get along							854		2500	五島桃子	17								
132	153	153	Shiyo 800-04-07 23:00	Erina Goto's Memo 10	Shigatsu Arc [Death Month]	238	0				A Correct Contradiction	Natsumi Kogori	Erina Goto	object	A memo of what Erina Goto heard from Natsumi Kogori about the curse-killings	備考	Natsumi Kogori reports Kengo Shirozaki's story and the vision of the past								8	12500										
144	154	154	Shiyo 791-04-01 21:00	A Marital Quarrel	Shigatsu Arc [Death Month]	239	0				Branch	Natsumi Kogori	Unknown	scenario	The voices of a married couple quarreling, heard from somewhere in the Arata settlement	備考	Kengo Shirozaki leaves a cherry branch at the Niimura home							342		2500										
133	155	155	Shiyo 800-04-07 23:40	Good Night	Shigatsu Arc [Death Month]	239	1				Branch	Natsumi Kogori	Kengo Shirozaki	scenario	A conversation in front of Kengo Shirozaki's home	備考	Kengo Shirozaki leaves a cherry branch at the Niimura home							923		2500										
134	156	156	Shiyo 510-04-30 23:30	The Position of the Seal Stone	Shigatsu Arc [Death Month]	241	0				Roots	Natsumi Kogori	Unknown	object	An old book that looks like a map	備考	Natsumi Kogori sees tree roots underground								0	2500										
237	157	157	Shiyo 800-04-08 7:10	Photos of the Underground Storeroom	Shigatsu Arc [Death Month]	241	1				Roots	Natsumi Kogori	Erina Goto	object	Two photos taken in the underground storeroom	備考	Erina Goto takes photos of the underground storeroom								2	5000										
135	158	158	Shiyo 778-11-23 20:00	Life's Goal	Shigatsu Arc [Death Month]	242	0				Solved (Tentative)	Natsumi Kogori	Mifuyu Niimura	scenario	What happened the day after Eiichiro Niimura proposed	備考	Erina Goto forms a hypothesis about the curse-killings as a whole							1134		2835	新村美冬	29								
136	159	159	Shiyo 790-04-01 22:00	The Wonder Drug	Shigatsu Arc [Death Month]	243	0				Intimidation	Natsumi Kogori	Kotaro Niimura	scenario	Kotaro Niimura looking things up in the books in the storehouse	備考	Kotaro Niimura confesses to making Droga							614		2500										
137	160	160	Shiyo 776-03-21 13:30	How to Make Falsificaso	Shigatsu Arc [Death Month]	105	0				The Thirteenth-Year Memorial Service 2	Natsumi Kogori	Kotaro Niimura	object	A book describing how to make falsificaso	備考	Natsumi Kogori and Erina Goto recover from feeling ill								7	11250										
240	161	161	Shiyo 800-04-08 06:30	The Circular Notice	Shigatsu Arc [Death Month]	107	0				Encirclement	Natsumi Kogori	Kengo Shirozaki	object	The circular notice that came around to the Shirozaki home	備考	Natsumi Kogori and the others take refuge in the underground storeroom								7	11250										
140	162	162	Shiyo 790-04-17 14:00	An Unseen Memory	Shigatsu Arc [Death Month]	108	0				Spattered Bloodstains	Natsumi Kogori	Kana Niimura	scenario	Being held by someone, not long after birth	備考	Kana Niimura shows up looking well							777		2500										
111	163	163	Shiyo 310-04-30 23:05	The Remote Village	Shigatsu Arc [Death Month]	244	0	174			Let's Meet Again.	Haruka Niimura	Unknown	letters	A letter written as a diary by someone who strayed into a settlement deep in the mountains	備考	Finish Shigatsu Arc [Death Month]				14				0											860
208	164	164	Shiyo 352-04-20 23:00	The Eyeless Girl	Shigatsu Arc [Death Month]	244	1	176			Let's Meet Again.	Haruka Niimura	Unknown	letters	It appears to be the diary of someone who witnessed a girl's suicide		Finish Shigatsu Arc [Death Month]				15															974
157	165	165	Shiyo 800-04-25 18:30	Iizawa Taiyo Inn	Saigo no Koe Arc [Last Voice]	183	0				Sisters 1	Natsumi Kogori	Natsumi Kogori	object	Natsumi Kogori checks the inn's website ahead of time	備考	Natsumi Kogori arrives at the Iizawa Taiyo Inn								6	10000	場所	68								
145	166	166	Shiyo 800-04-28 07:10	This Path, I, Master!	Saigo no Koe Arc [Last Voice]	188	0				A Fading Star	Natsumi Kogori	Unknown	scenario	A segment of 'Oha-Oha! Japan' that introduces all kinds of professionals	備考	Natsumi Kogori talks with the fortune-teller							1861		4652										
235	167	167	Shiyo 800-04-25 11:10	All Sorts of Things About My Body	Saigo no Koe Arc [Last Voice]	184	0				Sisters 2	Haruka Niimura	Haruka Niimura	scenario	Haruka Niimura being examined at the hospital	備考	Haruka Niimura arrives at the Iizawa Taiyo Inn							467		2500										
152	168	168	Shiyo 800-04-30 23:40	Momoko Goto's Bankbook	Saigo no Koe Arc [Last Voice]	189	0				The Families Reborn	Erina Goto	Momoko Goto	object	Momoko Goto's bankbook	備考	Momoko Goto pours out her feelings toward Erina Goto				回転				5	8750										
153	169	169	Shiyo 800-05-04 15:00	Erina Goto's Letter	Saigo no Koe Arc [Last Voice]	191	0				A Decision for Happiness	Natsumi Kogori	Erina Goto	object	A letter Erina Goto wrote to Erika Niimura	備考	Erina Goto offers a letter to Erika Niimura								4	7500										
146	170	170	Shiyo 790-01-01 19:00	The Princess Song	Saigo no Koe Arc [Last Voice]	193	0				Goodbye	Haruka Niimura	Haruka Niimura	scenario	At New Year's, Haruka Niimura performs the Arata settlement's children's song	備考	Haruka Niimura visits her sister's grave							849		2500	物リスト	72								
210	171	171	Shiyo 305-04-20 22:00	Ginosuke's Diary 2	Saigo no Koe Arc [Last Voice]	194	0	178			The Last Voice	Natsumi Kogori	Unknown	letters	The written account of a doctor who by chance made a strange drug from the cherry trees		Finish Saigo no Koe Arc [Last Voice]				16															769
211	172	172	Shiyo 341-04-15 21:00	The Missing	Saigo no Koe Arc [Last Voice]	194	1	192			The Last Voice	Natsumi Kogori	Unknown	letters	A letter about those who went missing from the settlement		Finish Saigo no Koe Arc [Last Voice]				17															1393
147	173	173	Shiyo 804-04-01 18:00	Thank You for Everything	True Jusatsu Arc [Killing by Curse]	245	0		1		Memory × Revenge × Tumor	Momoko Goto	Momoko Goto	scenario	Momoko Goto's last day of work at Cafe Primavera	備考	Momoko Goto begins her revenge							624		5000										
302	174	174	Shiyo 800-05-05 22:00	Momoko Goto's Memo 1	True Jusatsu Arc [Killing by Curse]	245	1		1		Memory × Revenge × Tumor	Momoko Goto	Momoko Goto	object	A diary entry written a month after Erina Goto's death	備考	Momoko Goto leaves her memo behind at home								0	5000										
148	175	175	Shiyo 804-04-07 12:30	A Dark Tunnel, a Cramped Taxi	True Jusatsu Arc [Killing by Curse]	245	2				Memory × Revenge × Tumor	Momoko Goto	Kana Niimura	scenario	The taxi Sakura Niimura and the others are riding has broken down	備考	Momoko Goto meets Sakura Niimura and the others							318		5000	場所	33								
303	176	176	Shiyo 801-04-08 22:00	Momoko Goto's Memo 2	True Jusatsu Arc [Killing by Curse]	245	3		2	302	Memory × Revenge × Tumor	Momoko Goto	Momoko Goto	object	A diary entry written a year after Erina Goto's death	備考	Momoko Goto boards the train bound for Arata Station								0	5000										
304	177	177	Shiyo 801-09-30 22:00	Momoko Goto's Memo 3	True Jusatsu Arc [Killing by Curse]	245	4		3	303	Memory × Revenge × Tumor	Momoko Goto	Momoko Goto	object	A memo of her research into the Arata settlement	備考	Momoko Goto grows wary of Kana Niimura								0	5000										
305	178	178	Shiyo 801-10-01 22:00	Momoko Goto's Memo 4	True Jusatsu Arc [Killing by Curse]	245	5		4	304	Memory × Revenge × Tumor	Momoko Goto	Momoko Goto	object	A memo summing up what she knows about Droga	備考	Momoko Goto confesses everything to Kana Niimura								0	5000										
306	179	179	Shiyo 802-04-08 22:00	Momoko Goto's Memo 5	True Jusatsu Arc [Killing by Curse]	245	6		5	305	Memory × Revenge × Tumor	Momoko Goto	Momoko Goto	object	A memo setting out her next moves	備考	Kana Niimura is struck by murderous intent and attacks Sakura Niimura								0	5000										
236	180	180	Shiyo 790-04-20 16:00	The Vanished Daughter, the Vanished Color	True Jusatsu Arc [Killing by Curse]	245	7				Memory × Revenge × Tumor	Momoko Goto	Kotaro Niimura	scenario	Residents demanding to know why Chigaya Niimura disappeared	備考	Momoko Goto learns about the curse-killing							1066		5330										
149	181	181	Shiyo 804-04-07 22:00	The Quiet Mountain	True Jusatsu Arc [Killing by Curse]	245	8				Memory × Revenge × Tumor	Momoko Goto	Unknown	scenario	Two people talking in front of a campfire	備考	Sakura Niimura senses something wrong in the mountain's silence							76		5000										
307	182	182	Shiyo 802-05-05 22:00	Momoko Goto's Memo 6	True Jusatsu Arc [Killing by Curse]	245	9		6	306	Memory × Revenge × Tumor	Momoko Goto	Momoko Goto	object	A memo setting out ways to kill	備考	Kana Niimura's murderous intent vanishes								0	5000										
308	183	183	Shiyo 803-11-07 22:00	Momoko Goto's Memo 7	True Jusatsu Arc [Killing by Curse]	245	10		7	307	Memory × Revenge × Tumor	Momoko Goto	Momoko Goto	object	A memo recording what happened when she got the gun	備考	Momoko Goto escapes from the Niimura main house								0	5000										
150	184	184	Shiyo 804-04-07 23:00	One More Farewell	True Jusatsu Arc [Killing by Curse]	245	11			149	Memory × Revenge × Tumor	Momoko Goto	Mifuyu Niimura	scenario	A conversation just before Mifuyu Niimura arrives at the settlement	備考	Momoko Goto kills Kana Niimura and Haruka Niimura							557		5000										
309	185	185	Shiyo 804-04-06 22:00	Momoko Goto's Memo 8	True Jusatsu Arc [Killing by Curse]	245	12		8	308	Memory × Revenge × Tumor	Momoko Goto	Momoko Goto	object	A memo written the day before she went to the Arata settlement	備考	Momoko Goto kills every last resident of the settlement								0	5000										
151	186	186	Shiyo 804-04-07 23:30	The Culprit Who Led Her There	True Jusatsu Arc [Killing by Curse]	245	13			150	Memory × Revenge × Tumor	Momoko Goto	Mifuyu Niimura	scenario	It seems Mifuyu Niimura had confirmed that Momoko Goto came to Arata	備考	Momoko Goto kills herself							912		5000										
212	187	187	Shiyo 354-10-07 16:00	Worship the Goddess	True Jusatsu Arc [Killing by Curse]	245	14	41			Memory × Revenge × Tumor	Momoko Goto	Unknown	letters	About the goddess the Arata settlement is supposed to worship		Finish the first route of the True Jusatsu Arc [Killing by Curse]				18															828
213	188	188	Shiyo 341-04-30 21:00	The Fierce Sound and the Goddess	True Jusatsu Arc [Killing by Curse]	245	15	155			Memory × Revenge × Tumor	Momoko Goto	Unknown	letters	About an uncanny event residents say they experienced		Finish the first route of the True Jusatsu Arc [Killing by Curse]				19															1708
160	189	189	Shiyo 800-06-20 14:00	The Mayoral Candidate's Speech	True Jusatsu Arc [Killing by Curse]	246	0				The Maidens' Holy War ~Instinct~	Erina Goto	Unknown	scenario	A street speech by Choji Nakajima, candidate for mayor of Motoki-cho	備考	The townspeople see Erina Goto off							1635		8175										
161	190	190	Shiyo 804-05-30 16:00	Coming Home in Glory	True Jusatsu Arc [Killing by Curse]	246	1			160	The Maidens' Holy War ~Instinct~	Erina Goto	Unknown	scenario	Motoki-cho Mayor Choji Nakajima's press conference, streamed online	備考	Erina Goto heads to Tokyo by helicopter							790		5000										
214	191	191	Shiyo 728-11-25 01:00	Glory to Cerejeira	True Jusatsu Arc [Killing by Curse]	246	2	268			The Maidens' Holy War ~Instinct~	Erina Goto	Kichizo Mikogami	letters	The written account of one entrusted with leading a certain religious order		Finish the second route of the True Jusatsu Arc [Killing by Curse]				20															1284
215	192	192	Shiyo 477-01-06 11:00	Young People These Days	True Jusatsu Arc [Killing by Curse]	246	3	269			The Maidens' Holy War ~Instinct~	Erina Goto	Unknown	letters	A letter lamenting how the young people of the Arata settlement carry themselves these days		Finish the second route of the True Jusatsu Arc [Killing by Curse]				21															861
315	193	193	Shiyo 800-04-15 20:00	Erina Goto's Memo 11	True Jusatsu Arc [Killing by Curse]	247	0				Third Generation	Erina Goto	Erina Goto	object	A memo of her thoughts on the danger sense she experienced		Finish the third route of the True Jusatsu Arc [Killing by Curse]								7	22500										
288	194	194	Shiyo 481-11-25 01:00	Mother, I Am Sorry	True Jusatsu Arc [Killing by Curse]	247	1	270			Third Generation	Erina Goto	Unknown	letters	A letter setting down the troubles of a woman who became Grand Witch at a young age		Finish the third route of the True Jusatsu Arc [Killing by Curse]				22															826
217	195	195	Shiyo 482-03-20 00:00	I Offer My Life	True Jusatsu Arc [Killing by Curse]	247	2	272			Third Generation	Erina Goto	Unknown	letters	The suicide note of a young Grand Witch		Finish the third route of the True Jusatsu Arc [Killing by Curse]				23															1561
165	196	196	Shiyo 802-04-03 10:00	Talk at the Nurses' Station	True Jusatsu Arc [Killing by Curse]	248	0		1		The Flesh-Bound Mask	Natsumi Kogori	Unknown	scenario	Nurses talking about Haruka Niimura		Natsumi Kogori and Erina Goto leave the hospital room							719		5000										
166	197	197	Shiyo 802-03-28 18:00	Goto-senpai!	True Jusatsu Arc [Killing by Curse]	248	1		1		The Flesh-Bound Mask	Natsumi Kogori	Erina Goto	scenario	Erina Goto helping out the student council		Erina Goto visits Haruka Niimura in the hospital							863		5000										
168	198	198	Shiyo 802-04-04 19:50	The Legendary Star Girl	True Jusatsu Arc [Killing by Curse]	248	2		3		The Flesh-Bound Mask	Natsumi Kogori	Unknown	scenario	Izakaya regulars rating how Natsumi Kogori works		Natsumi Kogori works her part-time job							1397		6985										
243	199	199	Shiyo 802-04-06 09:00	Premonition	True Jusatsu Arc [Killing by Curse]	248	3				The Flesh-Bound Mask	Natsumi Kogori	Erina Goto	scenario	What happened when Erina Goto arrived at the station in Nagashiro City		Erina Goto backs out of the presentation contest							964		5000										
241	200	200	Shiyo 802-04-06 11:00	The Truth, 14 Years On	True Jusatsu Arc [Killing by Curse]	248	4			27	The Flesh-Bound Mask	Natsumi Kogori	Erina Goto	object	Additional autopsy findings on Eiichiro Niimura		Erina Goto visits Natsumi Kogori's hospital room								7	22500										
216	201	201	Shiyo 482-04-21 00:00	Condolences	True Jusatsu Arc [Killing by Curse]	248	5	273			The Flesh-Bound Mask	Natsumi Kogori	Unknown	letters	Letters from childhood friends to a Grand Witch who took her own life		Finish the fourth route of the True Jusatsu Arc [Killing by Curse]				24															1136
183	202	202	Shiyo 735-01-29 20:00	Last Words	True Jusatsu Arc [Killing by Curse]	248	6	274			The Flesh-Bound Mask	Natsumi Kogori	Hajime Shinozaki	letters	A letter from a Grand Witch to someone who had looked after her		Finish the fourth route of the True Jusatsu Arc [Killing by Curse]				25															1904
245	203	203	Shiyo 815-01-01 09:00	New Year's Card from Natsumi Kogori	True Jusatsu Arc [Killing by Curse]	305	0				Parasite Prison	Akane Kogori	Akane Kogori	object	A New Year's card sent by Natsumi Kogori		Akane Kogori heads for Natsumi Kogori's apartment building				回転				4	15000										
242	204	204	Shiyo 815-04-06 09:00	The Other Survivor	True Jusatsu Arc [Killing by Curse]	305	1				Parasite Prison	Akane Kogori	Natsumi Kogori	scenario	Natsumi Kogori goes to visit Akane Kogori		Akane Kogori is reunited with Natsumi Kogori							687		5000										
175	205	205	Shiyo 802-04-10 06:00	The Person Who Took Custody	True Jusatsu Arc [Killing by Curse]	305	2				Parasite Prison	Akane Kogori	Unknown	object	An article about a child who got lost near Toyotake Station		Akane Kogori and Natsumi Kogori resolve to head for the Arata settlement								1	7500										
246	206	206	Shiyo 806-05-20 09:00	A Strange Overture	True Jusatsu Arc [Killing by Curse]	305	3				Parasite Prison	Akane Kogori	Erina Goto	scenario	Erina Goto receives an invitation to the International Research Institute		Erina Goto is confirmed to be alive							1185		5925										
177	207	207	Shiyo 787-06-28 16:00	A Day in the Rainy Season	True Jusatsu Arc [Killing by Curse]	305	4				Parasite Prison	Akane Kogori	Akane Kogori	scenario	Natsumi Kogori and Haruka Niimura come home in the rain		Natsumi Kogori tells Akane Kogori a memory from her childhood							338		5000										
244	208	208	Shiyo 803-08-03 15:00	As Sisters	True Jusatsu Arc [Killing by Curse]	305	5				Parasite Prison	Akane Kogori	Natsumi Kogori	scenario	In the week she turns 20, Natsumi Kogori goes to visit Akane Kogori		Akane Kogori worries about Haruka Niimura and Mifuyu Niimura							1400		7000										
180	209	209	Shiyo 800-04-09 15:00	Self-Mastery	True Jusatsu Arc [Killing by Curse]	305	6				Parasite Prison	Akane Kogori	Sakura Niimura	scenario	A conversation between Haruka Niimura and Sakura Niimura after Mifuyu Niimura's death		Haruka Niimura tells of Mifuyu Niimura's death							1209		6045										
181	210	210	Shiyo 815-04-08 05:00	You Scared?	True Jusatsu Arc [Killing by Curse]	305	7				Parasite Prison	Akane Kogori	Unknown	scenario	A conversation in the special unit on its way to Motoki City		Akane Kogori hears gunshots							987		5000										
219	211	211	Shiyo 629-12-18 20:00	The Sealed Goddess	True Jusatsu Arc [Killing by Curse]	305	8	284			Parasite Prison	Akane Kogori	Unknown	letters	It appears to have been written by a young person of the Arata settlement		Finish the fifth route of the True Jusatsu Arc [Killing by Curse]				26															967
218	212	212	Shiyo 663-04-10 20:00	Happiness in the Next Life	True Jusatsu Arc [Killing by Curse]	305	9	276			Parasite Prison	Akane Kogori	Unknown	letters	A letter from the Grand Witch who killed an infant		Finish the fifth route of the True Jusatsu Arc [Killing by Curse]				27															954
184	213	213	Shiyo 801-10-10 15:00	Notice of Removal from Enrollment	True Jusatsu Arc [Killing by Curse]	250	0				Kill the Goddess Kill Them All	Haruka Niimura	Chigaya Niimura	object	A notice of removal from enrollment sent by the university Chigaya Niimura attends		Haruka Niimura is reunited with Chigaya Niimura								0	5000										
185	214	214	Shiyo 801-04-07 18:00	The Stone	True Jusatsu Arc [Killing by Curse]	250	1		5		Kill the Goddess Kill Them All	Haruka Niimura	Sakura Niimura	scenario	Sakura Niimura prepares for Mifuyu Niimura's first-anniversary memorial		Haruka Niimura hears Chigaya Niimura explain Verde							564		5000										
186	215	215	Shiyo 802-03-20 14:00	The Last Homeroom	True Jusatsu Arc [Killing by Curse]	250	2				Kill the Goddess Kill Them All	Haruka Niimura	Kana Niimura	scenario	What happens on the day Kana Niimura graduates from elementary school		Kana Niimura threatens Haruka Niimura							527		5000										
187	216	216	Shiyo 802-04-08 13:00	Volunteers at the Edge of Nowhere	True Jusatsu Arc [Killing by Curse]	250	3				Kill the Goddess Kill Them All	Haruka Niimura	Unknown	scenario	A conversation between the drivers of the train bound for Arata Station		Haruka Niimura boards the train							593		5000										
188	217	217	Shiyo 802-04-01 18:00	A Thief?	True Jusatsu Arc [Killing by Curse]	250	4		8		Kill the Goddess Kill Them All	Haruka Niimura	Chigaya Niimura	scenario	Kotaro Niimura is looking for something he lost		The strange figure in a hannya mask bursts into the meeting hall							300		5000										
247	218	218	Shiyo 802-04-08 17:00	Isolation of the Heart	True Jusatsu Arc [Killing by Curse]	250	5				Kill the Goddess Kill Them All	Haruka Niimura	Erina Goto	scenario	Erina Goto and Natsumi Kogori are abducted to the Arata settlement		Natsumi Kogori comes back to her senses							958		5000										
248	219	219	Shiyo 802-04-08 18:00	The Unwilling Guard	True Jusatsu Arc [Killing by Curse]	250	6		12		Kill the Goddess Kill Them All	Haruka Niimura	Kana Niimura	scenario	Kana Niimura keeps watch over Erina Goto		Kana Niimura turns out to be sane							1184		5920										
249	220	220	Shiyo 802-04-30 14:00	Arata Settlement Survey Report	True Jusatsu Arc [Killing by Curse]	250	7				Kill the Goddess Kill Them All	Haruka Niimura	Unknown	object	The results of the survey of the Arata settlement		The Arata settlement is destroyed								0	5000										
285	221	221	Shiyo 735-02-02 19:00	The Grand Witch's Death	True Jusatsu Arc [Killing by Curse]	250	8	275			Kill the Goddess Kill Them All	Haruka Niimura	Unknown	letters	A letter setting down thoughts on the Grand Witch's death		Finish True Jusatsu Arc [Killing by Curse]				28															827
289	222	222	Shiyo 735-02-15 19:00	Righteous Guidance	True Jusatsu Arc [Killing by Curse]	250	9	277			Kill the Goddess Kill Them All	Haruka Niimura	Kichizo Mikogami	letters	Notes by someone who realized the true danger of Droga		Finish True Jusatsu Arc [Killing by Curse]				29															1286
250	223	223	Shiyo 773-03-24 10:00	Eiichiro Niimura's Letter	Eden no Sakura Arc [Eden's Cherry]	254	0				Servile Self-Love	Eiichiro Niimura	Sakura Niimura	object	A letter Eiichiro Niimura wrote to Sakura Niimura		Eiichiro Niimura leaves the Arata settlement				オーパーツ				4	15000										
251	224	224	Shiyo 780-06-10 18:00	A Happy Reunion	Eden no Sakura Arc [Eden's Cherry]	256	0				Out of Love...	Sakura Niimura	Sakura Niimura	scenario	Eiichiro Niimura and Mifuyu Niimura have come home for the wedding ceremony		Sakura Niimura, half dreaming, looks back on the past							968		5000										
252	225	225	Shiyo 790-04-04 20:00	Sakura Niimura's Letter	Eden no Sakura Arc [Eden's Cherry]	256	1				Out of Love...	Sakura Niimura	Sakura Niimura	object	A letter Sakura Niimura wrote to Mifuyu Niimura		Sakura Niimura tells Kotaro Niimura what Mifuyu Niimura came to her about								0	5000										
253	226	226	Shiyo 790-04-05 09:00	A Gift of Death	Eden no Sakura Arc [Eden's Cherry]	256	2				Out of Love...	Sakura Niimura	Sakura Niimura	scenario	Sakura Niimura is taking a package to the delivery depot		Sakura Niimura sends a package to Mifuyu Niimura							292		5000										
254	227	227	Shiyo 790-04-09 00:00	The End of the Nightmare	Eden no Sakura Arc [Eden's Cherry]	257	0				The Tenth Spring	Chigaya Niimura	Chigaya Niimura	scenario	Chigaya Niimura, wishing for Sakura Niimura's death		Chigaya Niimura looks back on her murderous intent toward her mother							510		5000										
256	228	228	Shiyo 800-03-29 09:00	The Group-Date Post-Mortem	Eden no Sakura Arc [Eden's Cherry]	258	0				Woman to Woman	Chigaya Niimura	Unknown	scenario	The guys trading notes on social media the day after the group date		Chigaya Niimura looks back on what happened at the drinking party							1346		6730										
257	229	229	Shiyo 791-04-02 02:00	Reunion with Mom	Eden no Sakura Arc [Eden's Cherry]	260	0				A Mother's 'Aura'	Chigaya Niimura	Chigaya Niimura	scenario	A conversation with a woman who appeared in a dream		Chigaya Niimura foresees her own death							533		5000										
258	230	230	Shiyo 800-03-31 21:00	Erina Goto's Memo 12	Eden no Sakura Arc [Eden's Cherry]	263	0				The Master of Contradictions	Chigaya Niimura	Erina Goto	object	A memo of her advance reasoning on the curse-killings		Erina Goto comes to Tokyo								10	30000										
297	231	231	Shiyo 800-04-01 06:00	In a Dream 1	Eden no Sakura Arc [Eden's Cherry]	263	1				The Master of Contradictions	Chigaya Niimura	Erina Goto	scenario	What happened in a dream		Erina Goto gives Chigaya Niimura advice							231		5000										
259	232	232	Shiyo 800-04-01 20:00	Erina Goto's Memo 13	Eden no Sakura Arc [Eden's Cherry]	264	0				The Baton of the Heart	Chigaya Niimura	Erina Goto	object	A memo of Erina Goto's 5W1H questions about what Chigaya Niimura knows		Erina Goto questions Chigaya Niimura								3	12500										
260	233	233	Shiyo 800-04-04 18:00	A Farewell	Eden no Sakura Arc [Eden's Cherry]	264	1				The Baton of the Heart	Chigaya Niimura	Chigaya Niimura	scenario	Chigaya Niimura meets a friend from school		Chigaya Niimura heads for the Arata settlement							1215		6075										
261	234	234	Shiyo 800-04-06 20:00	Clumsy Concern	Eden no Sakura Arc [Eden's Cherry]	265	0				Those Who Appeared and Those Who Vanished	Haruka Niimura	Erina Goto	scenario	What happened at the Goto house the day before the departure		Erina Goto heads for the Arata settlement							1072		5360										
267	235	235	Shiyo 800-04-07 10:00	Something Unfamiliar	Eden no Sakura Arc [Eden's Cherry]	265	1				Those Who Appeared and Those Who Vanished	Haruka Niimura	Unknown	scenario	A baffling hole is found in the settlement		Natsumi Kogori foresees the destruction of Motoki-cho							524		5000										
298	236	236	Shiyo 800-04-07 07:00	In a Dream 2	Eden no Sakura Arc [Eden's Cherry]	265	2			297	Those Who Appeared and Those Who Vanished	Haruka Niimura	Haruka Niimura	scenario	What happened in a dream		Haruka Niimura heads for the Arata settlement							202		5000										
262	237	237	Shiyo 780-08-11 20:00	Analysis of Occult Magazine 'M'	Eden no Sakura Arc [Eden's Cherry]	266	0				Fledgling Heroes	Haruka Niimura	Unknown	object	A site summing up the baffling points of the occult magazine 'M'		Haruka Niimura and the others reason about Motoki-cho's urban legend								0	5000										
263	238	238	Shiyo 800-04-07 19:00	An Oversight?	Eden no Sakura Arc [Eden's Cherry]	270	0				Moonlight on the Rafters ~Generations~	Haruka Niimura	Kana Niimura	scenario	Haruka Niimura decides to go search the underground storeroom		Kana Niimura, searching the underground storeroom							522		5000										
299	239	239	Shiyo 800-04-07 07:00	In a Dream 3	Eden no Sakura Arc [Eden's Cherry]	269	0			298	Shigatsu Youka ~Vanity~	Natsumi Kogori	Natsumi Kogori	scenario	What happened in a dream		Natsumi Kogori arrives at the Arata settlement							203		5000										
264	240	240	Shiyo 800-04-07 16:45	The Reason Not to Search	Eden no Sakura Arc [Eden's Cherry]	271	0				Shigatsu Youka ~Stolen Sight~	Natsumi Kogori	Kana Niimura	scenario	Kana Niimura, standing still on a mountain path in Toyotake		Natsumi Kogori hears a strange sound in the Arata settlement							177		5000										
265	241	241	Shiyo 800-04-07 21:30	Even Between Close Friends...	Eden no Sakura Arc [Eden's Cherry]	278	0				The Trumpeter of the Apocalypse ~Wandering~	Erina Goto	Erika Niimura	scenario	Kotaro Niimura is proposing a round of thank-you visits		Erina Goto examines the burnt ruins of the storehouse							228		5000										
266	242	242	Shiyo 800-04-07 22:30	Erika Niimura's Note	Eden no Sakura Arc [Eden's Cherry]	291	0				The Trumpeter of the Apocalypse ~Legend~	Erina Goto	Erika Niimura	object	A note left for Kotaro Niimura		Erina Goto and Erika Niimura set out to search for Chigaya Niimura								0	5000										
300	243	243	Shiyo 800-04-13 07:30	夢の中で④	Eden no Sakura Arc [Eden's Cherry]	303	0			299	ようこそ、元木町へ！	古郡なつみ	古郡なつみ	scenario	夢の中の出来事について会話する		糸姫のかんざしを中央公園に埋める							1103		5515										
295	244	244	Unknown Date	あとがき	Eigo Kaiki Arc [Eternal Recurrence]	313	0				未来へ馳せる夢	新村春花	/VAR/	scenario	本作制作者のコメント		新村春花が元の世界に帰る							2490		0										
0	245	245												blank																						
0	246	246												blank																						
0	247	247												blank																						
0	248	248												blank																						
0	249	249												blank																						
0	250	250												blank																						
0	251	251												blank																						
0	252	252												blank																						
0	253	253												blank																						
0	254	254												blank																						
0	255	255												blank																						
0	256	256												blank																						
0	257	257												blank																						
0	258	258												blank																						
0	259	259												blank																						
0	260	260												blank																						
0	261	261												blank																						
0	262	262												blank																						
0	263	263												blank																						
0	264	264												blank																						
0	265	265												blank																						
0	266	266												blank																						
0	267	267												blank																						
0	268	268												blank																						
0	269	269												blank																						
0	270	270												blank																						
0	271	271												blank																						
0	272	272												blank																						
0	273	273												blank																						
0	274	274												blank																						
0	275	275												blank																						
0	276	276												blank																						
0	277	277												blank																						
0	278	278												blank																						
0	279	279												blank																						
0	280	280												blank																						
0	281	281												blank																						
0	282	282												blank																						
0	283	283												blank																						
0	284	284												blank																						
0	285	285												blank																						
0	286	286												blank																						
0	287	287												blank																						
0	288	288												blank																						
0	289	289												blank																						
0	290	290												blank																						
0	291	291												blank																						
0	292	292												blank																						
0	293	293												blank																						
0	294	294												blank																						
0	295	295												blank																						
0	296	296												blank																						
0	297	297												blank																						
0	298	298												blank																						
0	299	299												blank																						
0	300	300												blank																						
190	301	1	Shiyo 729-03-15	Orders to Analyze Droga		0	0						Unknown	report	This appears to be a report compiled by a certain religious organization.	備考								579		0										
191	302	2	Shiyo 729-04-11	Arata Settlement Survey Findings		0	0						Unknown	report	This appears to be a report compiled by a certain religious organization.	備考					リバース			458		0										
127	303	3	Shiyo 729-05-01	Comparison of Methods of Use		0	0						Unknown	report	This appears to be a report compiled by a certain religious organization.	備考					ターン			693	0	0										
128	304	4	Shiyo 729-06-10	Test Report on Droga Administration Experiments		0	0	193					Unknown	report	This appears to be a report compiled by a certain religious organization.	備考								2106	0	0										
138	305	5	Shiyo 730-04-01	Side Effects of Droga		0	0	194					Unknown	report	This appears to be a report compiled by a certain religious organization.	備考					リバース			568	0	0										
139	306	6	Shiyo 730-04-07	Experiments in Creating Precognitives		0	0	195					Unknown	report	This appears to be a report compiled by a certain religious organization.	備考					ターン			615	0	0										
154	307	7	Shiyo 730-04-16	Conditions for Creating Precognitives		0	0	196					Unknown	report	This appears to be a report compiled by a certain religious organization.	備考					ダークネス			290	0	0										
156	308	8	Shiyo 730-04-18	Trauma in the Second Generation		0	0	197					Unknown	report	This appears to be a report compiled by a certain religious organization.	備考					リバース			675	0	0										
162	309	9	Shiyo 730-09-30	Constituents of Droga		0	0	198					Unknown	report	This appears to be a report compiled by a certain religious organization.	備考					ターン			475		0										
163	310	10	Shiyo 730-10-10	On the Native Habitat of the Arata Cherry		0	0	199					Unknown	report	This appears to be a report compiled by a certain religious organization.	備考					ターン	リバース		742		0										
169	311	11	Shiyo 731-01-09	Extending the Generations		0	0	200					Unknown	report	This appears to be a report compiled by a certain religious organization.						ターン	リバース		876		0										
171	312	12	Shiyo 731-03-02	Change in Research Policy		0	0	201					Unknown	report	This appears to be a report compiled by a certain religious organization.						ズーム			279		0										
174	313	13	Shiyo 731-03-25	Post-Mortem of the Third Generation		0	0	202					Unknown	report	This appears to be a report compiled by a certain religious organization.						ターン	ズーム		386		0										
176	314	14	Shiyo 731-04-19	Old Records and the Jade-Eye Curse-Killing		0	0	203					Unknown	report	This appears to be a report compiled by a certain religious organization.						ファントム			547		0										
178	315	15	Shiyo 731-06-23	Past Events in the Arata Settlement		0	0	204					Unknown	report	This appears to be a report compiled by a certain religious organization.									744		0										
192	316	16	Shiyo 731-07-20	The Arata Incident		0	0	205					Unknown	report	This appears to be a report compiled by a certain religious organization.						ミラー			962		0										
41	317	17	Shiyo 731-10-04	The Descent of the Goddess		0	0	206					Unknown	report	This appears to be a report compiled by a certain religious organization.	備考					ミラー	リバース	ターン	686	0	0										
155	318	18	Shiyo 731-12-16	The Goddess Verde		0	0	207					Unknown	report	This appears to be a report compiled by a certain religious organization.	備考					ファントム	ズーム		557	0	0										
268	319	19	Shiyo 732-05-21	Fourth Generation Experiments		0	0	279					Unknown	report	This appears to be a report compiled by a certain religious organization.									1747												
269	320	20	Shiyo 732-06-30	A Study of Arata Cherry Propagation		0	0	280					Unknown	report	This appears to be a report compiled by a certain religious organization.									2499												
270	321	21	Shiyo 733-03-30	Methods of Suppressing the Urge to Kill		0	0	281					Unknown	report	This appears to be a report compiled by a certain religious organization.						ミラー	ターン		1036												
272	322	22	Shiyo 733-05-06	Treating the Curse-Killing		0	0	282					Unknown	report	This appears to be a report compiled by a certain religious organization.									1556												
273	323	23	Shiyo 733-08-02	The Role of the Spores		0	0	283					Unknown	report	This appears to be a report compiled by a certain religious organization.						リバース			1177												
274	324	24	Shiyo 734-02-11	How the Eyes Turn Green		0	0	290					Unknown	report	This appears to be a report compiled by a certain religious organization.						ターン			768												
284	325	25	Shiyo 734-06-02	The Fourth Generation		0	0	291					Unknown	report	This appears to be a report compiled by a certain religious organization.						ファントム	ダークネス		768												
276	326	26	Shiyo 734-12-07	Three Characteristics		0	0	292					Unknown	report	This appears to be a report compiled by a certain religious organization.									1629												
275	327	27	Shiyo 734-12-07	The Purpose of Falsificacao		0	0	293					Unknown	report	This appears to be a report compiled by a certain religious organization.						ファントム	ミラー		501												
277	328	28	Shiyo 735-01-09	External Release of the Reports		0	0	294					Unknown	report	This appears to be a report compiled by a certain religious organization.									476												
0	329	29												blank																						
0	330	30												blank																						
193	331	1	Shiyo 678-04-08 12:00	The Life of an Accomplished Woman: The Dream		0	0						Kikyo	side tale	The story of a girl living in Tokyo	備考	Unknown							1529		0										
194	332	2	Shiyo 678-04-08 12:10	The Life of an Accomplished Woman: The Meeting		0	0			193			Kikyo	side tale	The story of a girl living in Tokyo	備考	Unknown							1184		0										
195	333	3	Shiyo 678-04-08 12:30	The Life of an Accomplished Woman: Farewell		0	0			194			Kikyo	side tale	The story of a girl living in Tokyo	備考	Unknown							1117		0										
196	334	4	Shiyo 678-05-08 19:00	The Life of an Accomplished Woman: A Heavy Heart		0	0			195			Kikyo	side tale	The story of a girl living in Tokyo	備考	Unknown							2144		0										
197	335	5	Shiyo 678-05-08 19:30	The Life of an Accomplished Woman: A Light Heart		0	0			196			Kikyo	side tale	The story of a girl living in Tokyo	備考	Unknown							1104		0										
198	336	6	Shiyo 678-05-08 19:40	The Life of an Accomplished Woman: The Current		0	0			197			Kikyo	side tale	The story of a girl living in Tokyo	備考	Unknown							913		0										
199	337	7	Shiyo 678-05-08 19:50	The Life of an Accomplished Woman: Longing		0	0			198			Kikyo	side tale	The story of a girl living in Tokyo	備考	Unknown							1360		0										
200	338	8	Shiyo 678-05-08 20:00	The Life of an Accomplished Woman: A Pipe Dream		0	0			199			Kikyo	side tale	The story of a girl living in Tokyo	備考	Unknown							1519		0										
201	339	9	Shiyo 678-06-08 10:00	The Life of an Accomplished Woman: Resolve		0	0			200			Kikyo	side tale	The story of a girl living in Tokyo	備考	Unknown							1031		0										
202	340	10	Shiyo 678-06-08 14:00	The Life of an Accomplished Woman: Her True Face		0	0			201			Kikyo	side tale	The story of a girl living in Tokyo	備考	Unknown							1002		0										
203	341	11	Shiyo 679-06-15 10:00	The Life of an Accomplished Woman: Full-Fledged		0	0			202			Kikyo	side tale	The story of a girl living in Tokyo	備考	Unknown							1446		0										
204	342	12	Shiyo 679-06-15 18:00	The Life of an Accomplished Woman: The Mission		0	0			203			Kikyo	side tale	The story of a girl living in Tokyo	備考	Unknown							1444		0										
205	343	13	Shiyo 680-03-01 13:00	The Life of an Accomplished Woman: Suspicion		0	0			204			Kikyo	side tale	The story of a girl living in Tokyo	備考	Unknown							945		0										
206	344	14	Shiyo 685-09-15 16:00	The Life of an Accomplished Woman: The Secret		0	0			205			Kikyo	side tale	The story of a girl living in Tokyo	備考	Unknown							903		0										
207	345	15	Shiyo 685-09-15 17:00	The Life of an Accomplished Woman: The Threat		0	0			206			Kikyo	side tale	The story of a girl living in Tokyo	備考	Unknown							1681		0										
279	346	16	Shiyo 685-09-15 17:20	The Life of an Accomplished Woman: Accepting Contradiction						207			Kikyo	side tale	The story of a girl living in Tokyo									1452												
280	347	17	Shiyo 685-09-16 15:00	The Life of an Accomplished Woman: The Tide of the Times						279			Kikyo	side tale	The story of a girl living in Tokyo									1299												
281	348	18	Shiyo 729-03-20 11:00	The Life of an Accomplished Woman: The Conditions						280			Kikyo	side tale	The story of a girl living in Tokyo									2103												
282	349	19	Shiyo 729-03-29 12:00	The Life of an Accomplished Woman: Anxiety and Hope						281			Kikyo	side tale	The story of a girl living in Tokyo									574												
283	350	20	Shiyo 735-01-11 10:00	The Life of an Accomplished Woman: 6 Years						282			Kikyo	side tale	The story of a girl living in Tokyo									705												
290	351	21	Shiyo 735-01-11 11:00	The Life of an Accomplished Woman: The Truth						283			Kikyo	side tale	The story of a girl living in Tokyo									1619												
291	352	22	Shiyo 735-01-28 10:00	The Life of an Accomplished Woman: The Finishing Touch						290			Kikyo	side tale	The story of a girl living in Tokyo									944												
292	353	23	Shiyo 735-01-29 22:00	The Life of an Accomplished Woman: The Dream's End						291			Kikyo	side tale	The story of a girl living in Tokyo									1066												
293	354	24	Shiyo 735-01-29 22:30	The Life of an Accomplished Woman: His Wish						292			Kikyo	side tale	The story of a girl living in Tokyo									1179												
294	355	25	Shiyo 735-02-04 20:00	The One Who Learned Everything						293			Hajime Shinozaki	side tale	The story of someone who was researching a certain drug									11302												
0	356	26												blank																						
0	357	27												blank																						
0	358	28												blank																						
0	359	29												blank																						
0	360	30												blank																						
