ID	人物古郡なつみ	解禁編古郡なつみ	ロック古郡なつみ	古郡なつみ cha 295	人物新村春花	解禁編新村春花	ロック新村春花	新村春花 cha 390	人物五島絵梨奈	解禁編五島絵梨奈	ロック五島絵梨奈	五島絵梨奈 cha 352	人物古郡茜	解禁編古郡茜	ロック古郡茜	古郡茜 cha 359	人物新村美冬	解禁編新村美冬	ロック新村美冬	新村美冬 cha 510	人物古郡良治	解禁編古郡良治	ロック古郡良治	古郡良治 cha 338	人物五島桃子	解禁編五島桃子	ロック五島桃子	五島桃子 cha 238	人物新村栄一郎	解禁編新村栄一郎	ロック新村栄一郎	新村栄一郎 cha 493	人物伊勢大二郎	解禁編伊勢大二郎	ロック伊勢大二郎	伊勢大二郎 cha 296	人物新村茅萱	解禁編新村茅萱	ロック新村茅萱	新村茅萱 cha 43	人物新村夏菜	解禁編新村夏菜	ロック新村夏菜	新村夏菜 cha 43	人物新村幸太郎	解禁編新村幸太郎	ロック新村幸太郎	新村幸太郎 cha 43	人物新村サクラ	解禁編新村サクラ	ロック新村サクラ	新村サクラ cha 43	人物新村エリカ	解禁編新村エリカ	ロック新村エリカ	新村エリカ cha 43	人物城崎健吾	解禁編城崎健吾	ロック城崎健吾	城崎健吾 cha 43	人物以仁王	解禁編以仁王	ロック以仁王	以仁王 cha 43	人物源宗綱	解禁編源宗綱	ロック源宗綱	源宗綱 cha 10	人物糸	解禁編糸	ロック糸	糸 cha 31	人物後白河糸織	解禁編後白河糸織	ロック後白河糸織	後白河糸織 cha 43
0	st85	呪殺編		・2003年　七月二九日生　身長161cm。佐波県立元木高校に通う2年生。桜の咲く時期に体調を崩す四月病と言う体質で、桜の花を毛嫌いしている。隣に住む新村春花は幼少期からの唯一無二の親友であり、互いに信頼し合っている。	st85	呪殺編		・2002年　四月三〇日生　身長166cm（2020年時）。佐波県立元木高校に通う3年生。親友である古郡なつみの隣の部屋に住んでおり、言葉遣いも行動、格好もどちらかと言えば男っぽい。いつも古郡なつみを気にかけており、彼女が苦しむことがあれば、何とかしてそれを取り除こうと試みる。	st203	呪殺編		・2004年　九月三〇日生　身長140cm（2020年時）。佐波県立元木高校に通う1年生。未知のことに興味を示し、それを解き明かすことを趣味としている。	st85	呪殺編		・1978年一〇月一五日生　身長160cm（2020年時）。古郡なつみの母親。夫は電子機器技術者の古郡良治。パートタイマーとして昼は勤労、夜は家事をこなしている。古郡なつみの四月病のことをよく知る人物の1人で、今は四月病を治すよりもどのようにそれと付き合っていくかを考えている。	st101	呪殺編		・1978年一二月　三日生　身長163cm（2020年時）。新村春花の母親。古郡家の隣に住み、古郡茜とは幼少の頃からの親友。40歳を過ぎても20歳が着るような服装をしているため、そろそろ無理が出てきているようである。また、言葉遣いもその反動で妙におばさんくさい。	st85	呪殺編		・1978年　六月一一日生　身長178cm（2020年時）。携帯電話を開発している企業の技術者で、あちこち出張に行く機会が多く、古郡なつみはそれに不満を持っているようである。	st160	呪殺編		・2000年　三月三日生　身長160cm（2020年時）。五島絵梨奈の姉で、五島家の長女。妹の五島絵梨奈とは、仲が良くないらしい。	st208	詫言編		・1978年　五月二七日生　身長155cm（1998年時）\n荒田集落出身元木町在住。低身長、肥満体、醜男、さらに引っ込み思案で決断力がないという欠点を集めたような男。双子の兄がいるらしく、同じ姿なのに性格は正反対でいつか兄のようになりたいと思っていた。しかしそれもなかなかうまくいかず、新村美冬の前で失態をさらして自身にさらに失望する。そんな卑屈な姿を見た新村美冬は、自分によく似ていると思い、価値観が近い点や外見ではなく中身を見てくれる彼に対して好意を持つようになる。新村栄一郎が元木町に来た理由は不明。	st131	呪殺編		・1990年　一月二一日生　身長179cm（2020年時）。元木警察署に勤務する警察官で階級は警部補。\n\n・どうやら少女趣味があるらしく、五島絵梨奈を目の前にしてひどく焦ったり色めき立ったりと落ち着かない行動を見せる。	人物新村茅萱			2000年　五月一八日生　身長169cm（2020年時）	人物新村夏菜			2009年　八月　一日生　身長135cm（2020年時）	人物新村幸太郎			1978年　五月二七日生　身長155cm（2020年時）	人物新村サクラ			1978年　四月　七日生　身長159cm（2020年時）	人物新村エリカ			1949年一二月一六日生　身長158cm（2020年時）	人物城崎健吾			1970年　二月　四日生　身長168cm（2020年時）	人物以仁王			1151年　五月二六日生　身長170cm（1180年時）	人物源宗綱			生没年不明	人物糸			1170年生　身長132cm（1180年時）	人物後白河糸織			2003年　一月一〇日生　身長165cm（2020年時）
1	st104	呪殺編		・やや気弱な性格であり、ホラーや犯罪等の話が苦手。その辺を新村春花に甘えて慰めてもらうことも多く、世話になってばかりで申し訳ないと常々感じている。	st104	呪殺編		・好奇心は強めで、怖いもの見たさでホラーや犯罪等の話に首を突っ込みたがる。しかし実際は小心者で、いざその話になると誰よりも怖がるらしい。	st306	呪殺編		・子供のように小柄で、よく小学生と間違えられる。天才少女を自負するほどに頭脳明晰で、元木町ではちょっとした有名人である。しかし、小学生時代は今と違って陰気な児童だったらしく、久しぶりに彼女に会う人は陽気な姿を見て驚くのだ。	st154	呪殺編		・夜遅くなるという連絡は、実は皮剥ぎ死体事件関連で警察署にしばらくいることになる、という意図があった。夫の古郡良治がその被害者であり、娘に被害者が断定されるまでは伝えたくないと思っていたようだ。	リファレンス	呪殺編		・新村春花とともに、失踪。その行方は分かっていない(リファレンス『元木日報』より)	st154	呪殺編		・中央公園で発見された皮剥ぎ死体は古郡良治であった。そうなると、彼がどのような経緯で殺害されたのか、またどうして出張に行くと嘘をついたのか（勤務先に確認したところ、当時出張するという事実はなかった）が不明である。（呪殺編『決意』より）	リファレンス	呪殺編		・高校を入学後半年で退学し、以降はフリーターをしている。しかし、中学時代に英検2級、漢検準1級を取得するなど、学業はかなり優秀だった。	st209	詫言編		・自宅に押し入ってきた新村美冬とやり取りを重ねていくうちに徐々に落ち着いて対応できるようになり、そのまっすぐで真面目な性格、いざという時頼りになりそうという理由から新村美冬はすっかり惚れ込んでしまう。彼もそれに気づいたようで、出会った次の日にプロポーズし、受け入れられる。(詫言編『鏡(わたし)』より)	st137	呪殺編		・彼なりに少女趣味にはポリシーがあるようで、絶対に手を出すことはせず、愛でつつも健全な美少女の育成に努めているらしい。	人物新村茅萱				人物新村夏菜				人物新村幸太郎				人物新村サクラ				人物新村エリカ				人物城崎健吾				人物以仁王				人物源宗綱				人物糸				人物後白河糸織			
2	st116	呪殺編		・桜の咲く時期、つまり四月病を患う時期だけ人の危険を察知できるというおかしな能力がある。	st116	呪殺編		・昔から元木町に住んでいたが、幼少の頃、一時的に元木町から引っ越した。そして3年前に父親が海外転勤となり、母親の新村美冬とともに元木町に戻ってきた。(呪殺編『小さな探偵』より)	st116	呪殺編		・古郡なつみと新村春花とは気の置けない仲らしく、先輩と後輩という関係でありながら、持ち前の思考力でよく相談に乗っている。小柄ながらかなりの大食漢で、ちょっとやそっとの量では、彼女の胃をいっぱいにすることはできない。陽気な性格でありながら、考えるときは非常にまじめで、何よりも論理的な視点を重視しながら思考する。	st173	呪殺編		・古郡家で何者かに殺害される。腹部に何本ものナイフが突き刺さった状態であった。（呪殺編『証明』より）	st177	呪殺編		・古郡家で、何者かに頭部を鈍器で殴打されたようで死亡していた。（呪殺編『証明』より）	st143	呪殺編		・2020年四月三日に、古郡なつみ、新村美冬、五島絵梨奈に進級・進学祝いで自身が設計した最新のスマートフォンをプレゼントした。古郡なつみのスマートフォンには彼のおどけた姿を獲った写真が残っているが、それが最後の写真である。（呪殺編『再会』より）	リファレンス	呪殺編		・不仲であるはずの妹、五島絵梨奈が警察に保護されていると聞き、すぐにアルバイトを早退する。また五島絵梨奈を悪く言う者を許せないなど、表面的な態度とは裏腹に、そこまで妹を嫌っているわけではないようだ。（リファレンス『緊急連絡』より）	st14	詫言編		・古郡家から養子を迎えようかどうか悩む新村美冬に対し、古郡茜の視点から意見を述べる。2人のより強い絆と信頼関係のためには、養子を迎えた方がいいのではないかと提案する。結果、新村美冬もすぐに断るのではなく、何度も話し合い、互いが納得できる答えを探すことにする。(詫言編『新しい家族たち』より)	st153	呪殺編		・有事の際は真剣に事件の解決と被害者の救出に力を入れるなど、勤務態度は極めて真面目である。それだけに部下や周囲からの信頼も厚く、さらに若さと容姿で女性の人気もあるのだが、彼の趣味を知るとほぼすべての女性が幻滅する。	人物新村茅萱				人物新村夏菜				人物新村幸太郎				人物新村サクラ				人物新村エリカ				人物城崎健吾				人物以仁王				人物源宗綱				人物糸				人物後白河糸織			
3	st154	呪殺編		・父親である古郡良治が殺害された際、ショックを受けるも同じように悲しんでくれた新村春花を気遣うなど、気弱な中にも自分を見失わない精神的な強さも持っている。（呪殺編『決意』より）	st171	呪殺編		・紙人形を作り、古郡家3人に呪いをかけたと主張する。こうすると呪いを解くことはできず、四月八日に必ず死ぬと言う。自信を女ケ沢市事件の犯人であると言い、過去に6人呪い殺した。しかし五島絵梨奈はそれに懐疑的であり、新村春花が殺したと思い込んでいるにすぎないと推測する。(呪殺編『嘔吐』より)	st157	呪殺編		・古郡なつみの父、良治が殺害されたことで、少しでも古郡なつみの役に立ちたいとの思いから、自ら犯人を探し出すことを決意するも、直後、五島絵梨奈自身も何者かによって殺害された。（呪殺編『監視』ルート）	st172	呪殺編	st204	・五島絵梨奈によると、古郡茜は何か過ちを犯したらしく、自首を強く勧められた。彼女はそれに従い自首してしまう。（呪殺編『私にできること』ルート）	st172	呪殺編		・桜岡で古郡なつみと新村春花を追い回していた死神の正体と思われたが、自宅の火事により焼死体で発見された。彼女が死神なのかどうかは不明。（呪殺編『私にできること』より）	st70	明徴編		・新村美冬から新村春花、古郡なつみの携帯に盗聴器を仕掛けるよう依頼(半分強要)されるが、自身の技術ではその要望を満たせないことから、それを逆手に取り新村春花を取り返す算段を立てる。そして身の危険覚悟で、新村美冬に交渉することにする。(明徴編『細工』より)	st204	呪殺編		・警察署で妹と再会した際、黙って彼女に胸を貸すなどし、そこからさほどの不仲さは感じられない。むしろ、妹を心配して警察署に急いで駆け付けたところを見ると、内心では妹と良好な関係を築きたいと思っているようにも感じ取れる。（呪殺編『葛藤』より）	st15	詫言編		・古郡なつみが飛ばした風船を取ろうと木に登って転落。その際、古郡なつみが下敷きになりそうだったので身をよじるも、不運なことにそれが原因で首を柵に貫かれて絶命する。その際、どこからか轟音が魑ｴ繧企涸縺阪√◎縺ｮ縺帙＞縺ｧ蠖ｼ縺ｯ鬩壹＞縺ｦ謇九ｒ貊代ｉ縺帙※縺励∪縺｣縺溘?縺ｧ縺ｯ縺ｪ縺?°縺ｨ縺ｮ隕区婿繧ゅ〒縺阪ｋ縲?(詫言編『罅』より)	人物新村茅萱	呪殺編		・自身が女ケ沢市事件の犯人だと思い込んでいる新村春花に、彼女の『呪い』に乗じて他の真犯人が仕組んでいると説明。ようやく、新村春花は長年苦しめられていた思いから解放されることになる。これにより、新村春花は彼にほのかな好意を抱くも、やはり少女趣味を知ってひどく幻滅したようだ。（呪殺編『犯人像』より）	人物新村夏菜				人物新村幸太郎				人物新村サクラ				人物新村エリカ				人物城崎健吾				人物以仁王				人物源宗綱				人物糸				人物後白河糸織							
4	st149	呪殺編		・2008年、自信が飛ばしてしまった風船を取ろうとした春花の父、新村栄一郎が木から落ちて死亡したが、幼かったためかその時の記憶はない。	st173	呪殺編		・法要の際には能面と大きな羽織ものを着けるのが常識と思っている。\n\n・古郡家で発生した惨殺事件を目撃し、心の支えであった古郡なつみや母親を亡くす。それにより誰が犯人だろうが、呪いであろうがなかろうがどうでもいいと言い残し、自分の首にナイフを突き刺す。（呪殺編『証明』より）	st158	呪殺編		・中学時代、古郡なつみとの出会いは人生観を変えるものだったようだ。	st204	呪殺編		・五島絵梨奈によると、古郡茜は何か過ちを犯したらしく、自首を強く勧められた。彼女はそれに従い自首してしまう。（呪殺編『私にできること』ルート・『葛藤』ルート）	st151	呪殺編		・新村美冬は死神の格好で古郡なつみと対峙。古郡なつみから新村栄一郎の件で謝罪を聞くも、『そう言う問題ではない』と返す。そして新村春花とともにマンションの屋上から飛び降り、姿を消してしまう。（呪殺編『失踪』より）	st88	明徴編		・新村美冬に新村春花を返してくれるよう交渉するが、予想通りあっさりと決裂する。この時点で携帯電話に仕掛けた細工という切り札を持っていたが、警戒した新村美冬に先手を打たれて殺害される。女ケ沢市事件に倣い、できるだけ残酷な殺し方になるよう、全身の皮を剥され、とどめも刺させず苦しみながら絶命する。(明徴編『真っ赤な××』より)	st138	呪殺編		・採用条件の厳しい喫茶店『プリマベラ』で働いている。その勤務態度及び立ち振る舞い、容姿どれをとっても完璧で、彼女を目的で通い詰める常連客も多い。					人物新村茅萱				人物新村夏菜				人物新村幸太郎				人物新村サクラ				人物新村エリカ				人物城崎健吾				人物以仁王				人物源宗綱				人物糸				人物後白河糸織							
5	st151	呪殺編		・死神の正体を知り、新村美冬に対して過去の過ちを詫びるも、それだけの問題ではないと、さらに根深い現実の一片を突き返される。（呪殺編『失踪』より）	ast119	呪殺編		・ピザが好物で、イタリアンのイベントがあれば自転車に乗ってかけつける。	st171	呪殺編		・新村春花から自身が女ケ沢市事件及び中央公園の事件の犯人であると主張し、それに対して論理的な観点から否定を試みる。（呪殺編『嘔吐』より)	st206	呪殺編		・五島家に侵入し、警察から銃撃を浴びて死亡する。しかしなぜ五島家に侵入したのかはっきりせず、また異常な跳躍や動体視力は、明らかに人間の能力からかけ離れたものであった。（呪殺編『やっぱり、ごめんね。』より）	st202	呪殺編		・どのような結末を迎えたのかは不明であるが、少なくとも元木町から姿を消している模様。失踪直前、古郡茜とどのようなやり取りがあったのかは定かではない。（呪殺編『春花と魔女と死神』より）	st208			・新村美冬と新村栄一郎を引き合わせる場を用意したが、両者とも終始緊張気味でなかなか和やかな雰囲気にならず困惑し続ける。(詫言編『鏡(あなた)』より)	人物五島桃子								人物新村茅萱				人物新村夏菜				人物新村幸太郎				人物新村サクラ				人物新村エリカ				人物城崎健吾				人物以仁王				人物源宗綱				人物糸				人物後白河糸織							
6	st205	呪殺編		・自身の体型にコンプレックスがあるようで、バカにされると手が付けられないほどに怒り狂う。いくらのお寿司が好き。	st141	呪殺編		・死神がもうすぐ襲ってくると主張し、古郡なつみに死を宣告する。しかし、古郡なつみから大きく失望され、今度は逆に死神から古郡なつみを守ることを決意する。(呪殺編『能面』より)	st177	呪殺編		・古郡家で発生した惨殺事件で生き残ったが、皆を失ったことで気力を失い、また自身の無力感からすべての思考を放棄してしまう(呪殺編『放棄』より)	st128	明徴編		・五島絵梨奈によれば、夫の古郡良治とともに女ケ沢市事件を実行した犯人であるとのことである。新村美冬と彼女の仲であれば、事情によっては犯行に手を貸すこともあるのではないかとの見解である。（明徴編『アリバイ』より）	st148	明徴編		・新村春花が張った罠にはまり、なすすべなく逮捕されてしまう。その直前、何かおかしな薬を使おうとしていたようである。(明徴編『長』より)	st25			・新村江一郎死亡事故から2年後、これまで通り元木町で生活していたが、古郡なつみの四月病という問題を抱え続けていた。また古郡なつみの危機警告には素直に従うことにしている。(詫言編『二年後』より)	人物五島桃子								人物新村茅萱				人物新村夏菜				人物新村幸太郎				人物新村サクラ				人物新村エリカ				人物城崎健吾				人物以仁王				人物源宗綱				人物糸				人物後白河糸織							
7	st162	呪殺編		・中学時代バレー部に所属しており、五島絵梨奈のサポートもあって目を見張るほどの上達を見せた。目標のためにあきらめず努力を続ける姿に五島絵梨奈は強い感銘を受け、その尊敬の念を受けることになる。	st172	呪殺編		・死神が運転する自動車にはねられ昏睡状態となるも、2022年時では意識を取り戻したかのような描写が見られる。(呪殺編『私にできること』より)	st169	呪殺編		・古郡なつみが何者かに首を切られた際、古郡なつ縺ｿ縺ｮ繧医≧縺ｪ逶ｴ諢溘′蛯吶ｏ縺｣縺溘°縺ｮ繧医≧縺ｪ謠丞?縺後≠繧?。(呪殺編『感染』より)	st207	明徴編		・やはり五島絵梨奈の推理通り、女ケ沢市事件の実行犯で新村美冬が捕まった直後に逮捕された。しかし、現段階ではそこまでして新村美冬に肩入れした理由は不明、神隠し的な手法についても謎が残る。(明徴編『残された謎』より)	st207	明徴編		・面会に来た新村春花に対して、自身が母親として失格であると評するも、激昂した新村春花にそれは間違いであると否定される。それどころか、新村美冬以上の母親などおらず、これまで愛情をこめて育ててくれたことに心から感謝している、と述べられる。(明徴編『残された謎』より)	st27			・ザッハでのロシアンたこ焼き勝負で、いかにして自分が負けるかばかりを滑稽なほどに考えていた。確かに年端もいかない少女たちに極悪香辛料を食べる大人はそう多くないだろうが、結局ロシアンたこ焼きをキャンセルしなかったことを考えれば、ある意味で娘を過保護気味に育ているとも言える。(詫言編『乙女の聖戦～義務～』より)	人物五島桃子								人物新村茅萱				人物新村夏菜				人物新村幸太郎				人物新村サクラ				人物新村エリカ				人物城崎健吾				人物以仁王				人物源宗綱				人物糸				人物後白河糸織							
8	st202	呪殺編		・元木町事件から2年後の2022年、行方不明となった新村春花を探すべく、五島絵梨奈とともに荒田集落へ向かっていた。五島絵梨奈に荒田集落のことを調べてもらい、そこが危険な場所であることは承知の上のようだ。元木町事件をきっかけに危険予知能力を残しつつ四月病は寛解している。(呪殺編『春花と魔女と死神』より)	st138	呪殺編		・辛いものとコーヒーが嫌いらしい。一応、それらを克服しようとする姿勢は見せるものの、やはりなかなか難しいようだ。	st131	呪殺編		・警察官である伊勢大二郎と出会い、互いに事件に関する情報を交換することになる。（呪殺編『元木美少女同好会』より）	st13	詫言編		・新村美冬とは幼少期からの唯一無二の親友。新村美冬の甘えん坊な性格を受け止めつつ、人として成長できるようにアドバイスやフォローを惜しまない。(詫言編『親友、そして家族』より)	st13	詫言編		・出生時に母親、高校に入学する頃に父親を亡くし、天涯孤独の身となる。もともと甘えん坊な性格であったことから、親友の古郡茜に依存するような付き合い方をしていたが、それを全身で受け止めてもらっていた。しかしながら、そのような甘えた性格はよくないと思い、早く自立して家族を持ちたいと思うようになる。\n\n・服装や姿勢を変えることで異性から好意的に見られるようになるが、結局その変化についていけず戸惑うままに何年も過ぎてしまう。(詫言編『親友、そして家族』より)	st28			・新村美冬からの手紙を見て、どちらにしても彼女に会わないことには新村春花の命も危ないと考え、女ケ沢市へ行くことにする。(詫言編『女ケ沢市』より)	人物五島桃子								人物新村茅萱				人物新村夏菜				人物新村幸太郎				人物新村サクラ				人物新村エリカ				人物城崎健吾				人物以仁王				人物源宗綱				人物糸				人物後白河糸織							
9	st120	明徴編		・新村春花すら知らなかったが、かなりのギャンブラー気質。五島絵梨奈に体型をバカにされた腹いせに、スリーサイズ、カップ数、体重のネット公開を賭けてザッハのロシアンたこ焼き勝負を持ちかける。（明徴編『生き残るのは一人』より）	st202	呪殺編		・元木町の事件の後、父親の実家がある荒田集落へ引っ越すも、以来音信不通となる。(呪殺編『春花と魔女と死神』より)	st153	呪殺編		・桜岡で死神に襲われている古郡なつみと新村春花を救出するために、伊勢大二郎とともに現場へ急行する。その間も電話で随時適切な指示を出そうと試みる。（呪殺編『山の果て』より）	st210	詫言編		・古郡良治とともに新村美冬と新村栄一郎を引き合わせたのだが、出会った次の日に結婚の約束をしてしまうとはさすがに予想外だったようだ。それでも彼女の決断を尊重し、祝いの言葉を述べる。1年間新村美冬が荒田集落に行ったときは、かなり寂しい思いをしていたようだ。しかし新村美冬が元木町に住み続けると聞いて安心し、さらに同時期に子供を身ごもることになる。(詫言編『夢』より)	st208	詫言編		・価値観や考え方、非常によく似ている新村栄一郎と出会ったことで、初めて恋心を知ることになる。新村栄一郎は低身長、肥満、不細工、さらに引っ込み思案で決断力のない性格で、一般的に見てモテるタイプではないのだが、そのような欠点よりも自分の中身をまっすぐ見てくれることが彼女の心をつかんだようである。(詫言編『鏡(あなた)』より)	st29			・古郡なつみを女ケ沢市へ連れて行くかどうか非常に悩むが、警告を受け入れ連れて行くことにする。(詫言編『凍える親子』より)																																																				
10	st125	明徴編		・ザッハのロシアンたこ焼きでブラック・デス・デビル・ペッパー（通称BDDP）を引き当て、数十分間トイレに立てこもるほどのダメージを受けた。なお、BDDPのスコヴィル値（辛さを示す単位）は1600万スコヴィルである。普通の人間は死ぬので良い子も悪い子も真似しないように。（明徴編『乙女の聖戦～鬼才～』より）	st87	明徴編		・女ケ沢市の小学校では家庭の事情を面白がる心ないクラスメイトにいじめられる。以後、本格的に呪いに興味を持つようになり、さらにそれを不気味に思ったり、バカにするクラスメイトにいじめられていた。(明徴編『魔女が生まれた日』より)	st202	呪殺編		・元木町事件から2年たった2022年、古郡なつみとともに荒田集落へ向かう電車に乗っていた。行方不明の新村春花を探すためである。どうやら彼女は荒田集落がどれほど危険な場所か承知のようであるが、古郡なつみが向かうと決めた以上、逃げ腰になりつつも確固たる決心で行動を共にする。(呪殺編『春花と魔女と死神』より)	st14	詫言編		・新村美冬が死産したことを受け、古郡良治と相談した結果、自身の子を新村家に養子に出すことを提案する。(詫言編『新しい家族たち』より)	st209	詫言編			st30			・想像以上に困窮している新村家に愕然としつつも、殺人依頼については何としても避けようと交渉を続ける。しかし、新村美冬にあらゆる面で先手を打たれ、殺害を実行するよりないのか、と葛藤するようになる。(詫言編『死神の掟』より)													人物新村茅萱			2000年　五月一八日生　身長169cm（2020年時）	人物新村夏菜			2009年　八月　一日生　身長135cm（2020年時）	人物新村幸太郎			1978年　五月二七日生　身長155cm（2020年時）	人物新村サクラ			1978年　四月　七日生　身長159cm（2020年時）	人物新村エリカ			1949年一二月一六日生　身長158cm（2020年時）	人物城崎健吾			1970年　二月　四日生　身長168cm（2020年時）	人物以仁王			1151年　五月二六日生　身長170cm（1180年時）	人物源宗綱			生没年不明	人物糸			1170年生　身長132cm（1180年時）	人物白川フィオ			2003年　一月一〇日生　身長165cm（2020年時）
11	st136	明徴編		・新村春花から父親である古郡良治の死を知らされるも、それはさらなる惨劇を防ぐために必要な情報であると理解し、全面的に協力する。この逆境になればなるほど精神的な強さを発揮する点は、新村春花も称賛している。（明徴編『私は着やせするタイプ』より）	st114	明徴編		・紙人形が現れたことで古郡なつみに迫る危険を察知する。古郡なつみを連れて公園を調査するか、自宅に五島絵梨奈を招いて相談するか迷っていたようだ。これが実はこれが呪殺編と明徴編に分かれる大きな分岐点であり、その後の展開に大きな影響を及ぼす。(明徴編『五島の疑惑』より)	st307	明徴編		・2018年より桜祭りの大食い大会に参加し、優勝し続けている。他の成人男性を寄せ付けないほどの圧倒的な実力ではあるが、さすがに全国チャンピオンを前にすると最初から勝とうという気は起きなかったようだ。しかしながら、そのような無気力状態の試合でも、チャンピオンの気を引くには十分であった。(明徴編『乙女の聖戦～女王～』より)	st29	詫言編		・新村美冬と2年ぶりの再会を果たし、出会えたことを心から喜んでいたが、それゆえ、新村美冬の計画をそのまま実行してしまうのではないかと古郡良治に懸念される。(詫言編『凍える親子』より)	st210	詫言編		・1年間荒田集落で試練を受けた後、新村栄一郎と結婚し、身ごもる。古郡茜もほぼ同時期に妊娠し、互いに将来の家族たちとの生活を夢見、語り合う。それが自分がずっと理想としていた家族の形と一致し、まさに幸せの絶頂期と言えるだろう。(詫言編『夢』より)	st31			・古郡なつみと新村美冬のやり取りを見て、新村美冬の本心をぼんやりと悟る。それであれば、殺人ではなく本当に新村美冬が望むものを与えるべきだと考え、古郡茜とともに殺人を思いとどまる。しかしその日の夕方、古郡なつみから殺人を思いとどまったことを否定する発言をされ、自分のしたことが本当に正しかったのかを疑問視する。(詫言編『私が望んだ勇気』より)													人物新村茅萱				人物新村夏菜				人物新村幸太郎				人物新村サクラ				人物新村エリカ				人物城崎健吾				人物以仁王				人物源宗綱				人物糸				人物白川フィオ			
12	ast195	明徴編		・ゴールデンウィーク最終日、新村春花と新生活を始めていた。しかしその夜、桜のないはずの季節に突如危険予知ともとれる発言をする。（明徴編『過去へ馳せる夢』より）	st125	明徴編		・初めはロシアンたこ焼きの戦いを嫌がっていたが、攻略方法を見出したり場の空気に飲まれたりとなかなか楽しんでいたようである。どうやら、周囲に流されやすいタイプのようだ。(明徴編『乙女の聖戦～鬼才～』より)	st114	明徴編		・新村春花は五島絵梨奈に紙人形や女ケ沢市事件のことを相談しようとしていたが、何らかの形で既にその意図を読み取っていたようだ。（明徴編『五島の疑惑』より）	st31	詫言編		・新村美冬と古郡なつみの接触を経て、古郡良治とともに新村美冬の本心を確認し殺人を思いとどまる。せっかく女ケ沢市に来たから、観光してみてはどうかと古郡良治に提案する。(詫言編『私が望んだ勇気』より)	st14	詫言編		・子供を死産してしまい、子供を産めない身体になって憧れていた家族を持つという夢が断たれてしまった。しかし、周囲からの勧めで古郡家の子供を養子に迎えることを決意する。新村春花は、彼女とは血のつながりのない親子である。(詫言編『新しい家族たち』)	st32			・新村美冬から殺人を実行したと見せかけ、計画した経緯を聞き出す。しかしそれが新村美冬の逆鱗に触れ、目の前で家族を惨殺され、自身も絶命する。(詫言編『逆撫で』より)													人物新村茅萱				人物新村夏菜				人物新村幸太郎				人物新村サクラ				人物新村エリカ				人物城崎健吾				人物以仁王				人物源宗綱				人物糸				人物白川フィオ			
13	st14	詫言編		・新村春花の妹――実の姉妹として生を受ける。（詫言編『新しい家族たち』より）	st128	明徴編		・四月八日の回忌を利用したアリバイ工作の話を聞き、ようやく女ケ沢市事件は呪いではなくトリックである可能性、そして母親である新村美冬が主犯であることを受け入れ始める。(明徴編『アリバイ』より)	st117	明徴編		・新村春花の話を聞き、何とか役に立てるよう働きかけると返答する。しかし、その後の彼女の行動は説明もなく何もかもが意味不明で、新村春花だけでなく古郡なつみにも少なからずおかしなことばかりしていると思われているようだ。（明徴編『あきらめましょう』より）	st32	詫言編		・計画を台無しにされたことにより怒り狂い、古郡なつみに襲い掛かろうとした新村美冬を止めようとしたが、それが余計に新村美冬の怒りを買い、鉈で斬首される。(詫言編『逆撫で』より)	st15	詫言編		・目の前で新村栄一郎が首を柵に貫かれる瞬間を目撃してしまい、この時から心に影ができ始める。古郡なつみが新村栄一郎に対して何かやったのだろうと疑う。事故から約1月後、新村春花を連れて元木町を去る。(詫言編『罅』より)	ast32			・激昂した新村美冬を止めようとした古郡茜を制止する。結果、古郡なつみをかばった新村春花がその攻撃を受けることになる。(詫言編『逆撫で(新ルート)』より)													人物新村茅萱				人物新村夏菜				人物新村幸太郎				人物新村サクラ				人物新村エリカ				人物城崎健吾				人物以仁王				人物源宗綱				人物糸				人物白川フィオ			
14	st15	詫言編		・2008年、自分が飛ばした風船がきっかけで新村栄一郎の死を目の当たりにするも、何が起きたのか理解できなかった。また直後に古郡良治や新村美冬に対して危険察知の予言をし、何かおかしな変化が起きたのではないかと勘繰られた。（詫言編『罅』より）	st136	明徴編		・これ以上の惨劇を防ぐ鬼才的なアイディアが浮かんだらしい。それは新村春花だからこそ、他の誰にもできない方法であるそうだ。(明徴編『私は着やせするタイプ』より)	st125	明徴編		・ロシアンたこ焼きの勝負で最初に脱落。それは目の前の確率計算だけで勝負をしていたためにザッハ側の心理を忘れ、その精神的な未熟さが露呈した結果だ、と古郡なつみは興奮気味に分析している。(明徴編『乙女の聖戦～鬼才～』)	st33	詫言編		・新村美冬が2年間行方不明になっても、本気で探そうとせず放っておいたことを詫びる。今度こそ見捨てずずっと守り続けると誓い、元木町へ一緒に帰るよう促す。(詫言編『詫言』より)	st30	詫言編		・新村美冬は心の療養のために女ケ沢市に引っ越したものの、まともに働くこともできず貧しい生活を強いられていた。さらに新村春花の脅威となっているクラスメイトを殺害する計画を打ち立て、アリバイ工作のために古郡夫妻に協力を依頼する。(詫言編『死神の掟』より)	st33			・古郡なつみに新村栄一郎が死亡した経緯を聞かれてしまい、焦って言い聞かせようとするが、彼女が新村美冬へ謝罪している姿を見て思いとどまる。最終的に新村美冬の心から完全に影が消えたことを見届けると、1人新村栄一郎へ供養の言葉を投げかける。(詫言編『詫言』より)													人物新村茅萱				人物新村夏菜				人物新村幸太郎				人物新村サクラ				人物新村エリカ				人物城崎健吾				人物以仁王				人物源宗綱				人物糸				人物白川フィオ			
15	st25	詫言編		・2008年の事故により四月病に悩まされながらも、無事に小学生となった。（詫言編『二年後』より）	st148	明徴編		・盗聴器を使った罠と祖母のモノマネで新村美冬を捕獲することに成功する。(明徴編『長』より)	st207	明徴編		・新村美冬を捕えることはできたものの、盗聴器のトリックや本当のターゲットについてはその推理が外れていた。いくら五島絵梨奈が天才少女と言われていても、その推理すべてが正しいわけではなく、このようにどこかほころびは出てくる。しかしながら最低限見誤ってはいけない部分だけは押さえていたので、より凄惨な結末を迎えずに済んだと言えるだろう。(明徴編『残された謎』)					st32	詫言編		・古郡夫妻が依頼した殺人を行わなかったことに激怒し、古郡なつみを除く全員を殺害し自身も焼身自殺する。焼身自殺した理由は、体内に残留する薬の成分を隠滅するためだという。(詫言編『逆撫で』より)	st34			・2020年、新村栄一郎の十三回忌参列が特別に許可されたものの、古郡なつみの警告により代理で彼女を行かせる。しかしながら、どのような危険が待ち受けているのか不明なため、娘を荒田集落へ行かせることを不安視しているようだ。(詫言編『見送り』より)													人物新村茅萱				人物新村夏菜				人物新村幸太郎				人物新村サクラ				人物新村エリカ				人物城崎健吾				人物以仁王				人物源宗綱				人物糸				人物白川フィオ			
16	st27	詫言編		・小学1年生の時、既に五島絵梨奈と会っていたが、呪殺編・明徴編の様子を見る限り、そのことは2人とも覚えていないらしい。（詫言編『乙女の聖戦～義務～』より）	st207	明徴編		・事件後、新村美冬と対面。母親失格と自信を蔑む新村美冬に対して激怒し、いかにこれまで助けられたかを訴える。例え殺人を犯そうが、それが自分のためであったのであれば縁を切ることなどできないと言い、これからも彼女を母親として認め続けることを宣言する。(明徴編『残された謎』より)\n\n・幼少期から祖母のモノマネを練習させられていたらしく、それが奇遇にも事件解決につながった。(明徴編『残された謎』より)									st33	詫言編		・新村春花を誤ってハンマーで殴ってしまい正気を取り戻すが、激しい罪悪感と嫌われる恐怖心で呆然としてしまう。しかし、古郡なつみから新村栄一郎死亡事故についての謝罪を受け、さらに新村春花を助けるために自分ができる精一杯の提案を聞くにつれ、徐々に心が動き始める。続けて新村春花からクラスメイトを呪った本当の理由を聞かされ、自分のしていたことがいかに愚かであったかを思い知ることになる。最後に古郡茜より元木町に戻ることを促され、心の影を取り払うことができた。(詫言編『詫言』より)	ast29			・やはり殺人が起こるかもしれない現場に娘を連れていくことはできないとの考えで、古郡なつみを連れて行かなかった。(詫言編『凍える親子(新ルート)』より)													人物新村茅萱				人物新村夏菜				人物新村幸太郎				人物新村サクラ				人物新村エリカ				人物城崎健吾				人物以仁王				人物源宗綱				人物糸				人物白川フィオ			
17	st29	詫言編		・新村美冬に呼ばれ女ケ沢市に行く際、自身は祖父母の元に預けられることになったが、新村春花を助けるために自分も女ケ沢市に行かなくてはならないと食い下がった。（詫言編『凍える親子』より）	ast195	明徴編		・古郡なつみが新村家に引っ越してきた日の夜、古郡なつみがドロー繧ｬ縺ｨ縺?≧阮ｬ繧堤匱隕九＠縺溘→遏･繧峨＆繧後ｋ縲ゅ◎縺ｮ逶ｴ蠕後∝､ｧ縺阪↑髻ｳ繧?ｷｱ螟懊?譚･險ｪ閠?↓繧医ｊ縲∝ｽｼ螂ｳ縺ｮ驕句多縺ｯ縺ｾ縺滉ｸ霆｢縺吶ｋ縺薙→縺ｫ縺ｪ繧九?(明徴編『過去へ馳せる夢』より)									st70	詫言編		・新村美冬は古郡家を監視するために元木町に戻っていた。しかしながら心が回復したとは言い難く、自分たちの生活を守るために躍起になっている。女ケ沢市でのことから新村春花がいじめに合わないかどうかをひどく心配しており、それがエスカレートして新村春花と古郡なつみの携帯に盗聴器を組み込むよう、古郡良治に依頼する。(詫言編『細工』より)	st236			・古郡茜は新村美冬と新村春花を助けるために、ターゲットの殺害を決意する。古郡良治は最後まで迷っていたが、ここまできたら墓まで一緒、と考え彼もまた殺害を決意する。(詫言編『最悪の決意』より)													人物新村茅萱				人物新村夏菜				人物新村幸太郎				人物新村サクラ				人物新村エリカ				人物城崎健吾				人物以仁王				人物源宗綱				人物糸				人物白川フィオ			
18	st31	詫言編		・新村春花、美冬と再会し、全身で喜びを表現した。新村美冬はなつみに対して憎悪に似た視線を送っていたものの、無邪気に再会を喜ぶ姿を見て、ほんのわずかだけ新村美冬の表情が緩む。（詫言編『私が望んだ勇気』より）	st14	詫言編		・古郡家の長女として生を受けるが、すぐに新村家に養子に出された。しかしその事実は、成人するまで知らされないことになっている。（詫言編『新しい家族たち』より）									st88	明徴編		・古郡良治から新村春花を返してもらうよう交渉されるが、それを即時一蹴する。しかし、今後どのような手で交渉あるいは脅迫されるか不安視し、四月八日を明日に控えたその日のうちに古郡良治を殺害し、古郡家もろとも消してしまおうと目論む。女ケ沢市事件に倣い、新村美冬ができる範囲で古郡良治を凄惨な死体――つまり皮剥ぎ死体にし、古郡茜、古郡なつみも四月八日のうちに殺害しようと試みる。これがうまくいけば新村春花を連れて荒田集落へ逃げ込むつもりでいるが、失敗したら新村春花と心中するつもりのようだ。(詫言編『真っ赤な××』より)																	人物新村茅萱				人物新村夏菜				人物新村幸太郎				人物新村サクラ				人物新村エリカ				人物城崎健吾				人物以仁王				人物源宗綱				人物糸				人物白川フィオ			
19	ast32	詫言編		・怒りをあらわにした新村美冬に対して、新村春花のために怒りを納めるよう説得するも、それが逆に怒りを買ってハンマーで撲殺されそうになる。しかし新村春花がなつみをかばい、その餌食となってしまった。（詫言編『逆撫で』より）	st33	詫言編		・新村美冬が殺人を企てたのは、自分の呪いのせいであると認識し、そのことを詫びる。そもそもいじめっ子に呪いをかけたのは、自身がいじめから逃れるためというよりも、いじめを案じる母親の心身が再び弱ることを恐れたからである。（詫言編『詫言』より）																																																																				
20	st33	詫言編		・新村家が元木町から消えてしまった真相を知り、新村美冬に対して真正面から向き合い、過ちを詫びる。新村美冬の冷たい言葉に一歩も引かず、新村春花、古郡茜とともに互いの心を理解し、真の和解を迎える。（詫言編『詫言』より）																																																																								
21																																																																												
22																																																																												
23																																																																												
24																																																																												
25																																																																												
26																																																																												
27																																																																												
28																																																																												
29																																																																												
30																																																																												
31																																																																												
32																																																																												
33																																																																												
34																																																																												
35																																																																												
36																																																																												
37																																																																												
38																																																																												
39																																																																												
40																																																																												
41																																																																												
42																																																																												
43																																																																												
44																																																																												
45																																																																												
46																																																																												
47																																																																												
48																																																																												
49																																																																												
50																																																																												
51																																																																												
52																																																																												
53																																																																												
54																																																																												
