ID	分岐	連番	タイトル	閲覧年月日	解禁編	解禁人物	元連番	元タイトル	元編	元解禁人物	文字数1	文字数2	リファ1	リファ2	リファ3	裏1	裏2	裏3	裏解禁値1	裏解禁値2	裏解禁値3	追加値	特殊2	特殊3	特殊4	コア文字数
0	0	158	Self-Blame	Shiyo 800-04-08 19:10	Jusatsu Arc [Killing by Curse]	Haruka Niimura	173	Proof	Jusatsu Arc [Killing by Curse]	Erina Goto	3522	0														0
1	0	85	April Sickness	Shiyo 800-04-07 16:00	Jusatsu Arc [Killing by Curse]	Akane Kogori					2681	0	rk189													0
2	0	104	Omen	Shiyo 800-04-08 08:20	Jusatsu Arc [Killing by Curse]	Akane Kogori	140	Confusion	Jusatsu Arc [Killing by Curse]	Natsumi Kogori	3042	0														0
3	0	170	I Believed	Shiyo 800-04-08 20:30	Jusatsu Arc [Killing by Curse]	Momoko Goto	189	生まれ変わる家族たち	Saigo no Koe Arc [Last Voice]	Natsumi Kogori	5056	0	rk22													0
4	0	173	Proof	Shiyo 800-04-08 21:00	Jusatsu Arc [Killing by Curse]	Mifuyu Niimura	32	Rubbing the Wrong Way	Wabigoto Arc [Apology]	Erina Goto	8878	0														0
5	0	102	Paper Doll	Shiyo 800-04-08 06:30	Meicho Arc [Clear Sign]	Chigaya Niimura	105	The Thirteenth-Year Memorial Service 2	Shigatsu Arc [Death Month]	Haruka Niimura	3456	0	rk21													0
6	0	239	枝	Shiyo 800-04-07 23:50	Shigatsu Arc [Death Month]	新村幸太郎	249	Birthday Trap!	True Jusatsu Arc [Killing by Curse]	Natsumi Kogori	1433	0	rk240													0
7	0	240	水	Shiyo 800-04-08 06:00	Shigatsu Arc [Death Month]	新村幸太郎				Natsumi Kogori	3175	0	rk112			239			5							0
8	0	242	解明（仮）	Shiyo 800-04-08 07:30	Shigatsu Arc [Death Month]	新村幸太郎				Natsumi Kogori	2696	0	rk112			240			5							0
9	0	107	包囲網	Shiyo 800-04-08 10:40	Shigatsu Arc [Death Month]	新村幸太郎				Natsumi Kogori	8820	0				242			5							0
10	0	111	覚醒	Shiyo 800-04-08 11:30	Shigatsu Arc [Death Month]	新村幸太郎				Natsumi Kogori	9194	0				107			5							0
11	0	255	翠眼呪殺	Shiyo 800-05-05 04:44	Saigo no Koe Arc [Last Voice]	Chigaya Niimura				Erina Goto	2665	0				111			5				終わり			0
12	0	213	The Succession Rite	Shiyo 800-04-07 22:10	Shigatsu Arc [Death Month]	Chigaya Niimura	259	Hidden Things	Eden no Sakura Arc [Eden's Cherry]	Natsumi Kogori	4927	0	rk126													0
13	0	217	'Setup'	Shiyo 800-04-07 23:50	Shigatsu Arc [Death Month]	Kengo Shirozaki					3718	0	rk142	rk113		213			5							0
14	0	218	A Body That 'Is Dead'	Shiyo 800-04-08 00:10	Shigatsu Arc [Death Month]	Erina Goto	313	Dreams Cast toward the Future	Eigo Kaiki Arc [Eternal Recurrence]	Natsumi Kogori	12065	0				217			5							0
15	2	218	A Body That 'Is Dead'	Shiyo 800-04-08 00:10	Shigatsu Arc [Death Month]	Haruka Niimura				Natsumi Kogori	12424	0										5				0
16	3	218	A Body That 'Is Dead'	Shiyo 800-04-08 00:10	Shigatsu Arc [Death Month]	Erina Goto				Natsumi Kogori	11731	0										8				0
17	4	218	A Body That 'Is Dead'	Shiyo 800-04-08 00:10	Shigatsu Arc [Death Month]	Haruka Niimura				Natsumi Kogori	7208	0										11	終わり			0
10000	10	10000																								
