シナリオ名	ID	連番	編名	シナリオ解禁	シナリオ値	好感度	リファ解禁	リファ値	話題解禁	話題値	話題選択	話題選択値	ロック	ロック値	1回	抜粋	鍵	選択	Aページ	Bページ	Cページ	Dページ	Eページ	キャプション1	A1 cha 158	A2 cha 168	A3 cha 160	A4 cha 166	A5 cha 162	A6 cha 159	A7 cha 142	A8 cha 133	A9 cha 110	キャプション2	キャプション3	キャプション4	キャプション5	好感度1	好感度2	好感度3	好感度4	A評価	B評価	C評価	D評価	B1 cha 170	B2 cha 168	B3 cha 162	B4 cha 148	B5 cha 140	B6 cha 160	B7 cha 140	B8 cha 136	B9 cha 120	C1 cha 152	C2 cha 172	C3 cha 156	C4 cha 165	C5 cha 180	C6 cha 180	C7 cha 168	C8 cha 130	C9 cha 106	D1 cha 120	D2 cha 169	D3 cha 176	D4 cha 159	D5 cha 150	D6 cha 160	D7 cha 146	D8 cha 155	D9 cha 110	E1 cha 136	E2 cha 156	E3 cha 168	E4 cha 166	E5 cha 150	E6 cha 136	E7 cha 130	E8 cha 142	E9 cha 138
四月病	499	000	Jusatsu Arc [Killing by Curse]	st85	5				282	2									3	2	3	6	0	事典にめっちゃ怖いやつがいたんだけど！！！！	お、落ち着いてください/VAR/様。事典に怖いやつ……？	もしかしたら、この世界のある要素がうっかり無関係の場所に入り込んでしまったのかもしれませんね。	不手際があり大変失礼いたしました。もうそのようなことはないよう、完全にロック致しますので。							うん、もう出てこないようにして！	でも面白いからそのままでいいよ	あれって何だったの？										承知致しました。もう事典で突然おかしなものが割り込んでくることはありませんのでご安心ください。	ただ、もし/VAR/様の気が変わることがあればロックを緩めますので、再度お声掛け下さい。								まあ、/VAR/様って豪胆なのですね。	かしこまりました。では得体のしれぬものの割り込みを許すようにしておきます。	もし出ないようにしたい場合は、再度お声掛け下さい。							どうやら真・呪殺編『メガミゴロシミナゴロシ』に登場したサクラさんのミイラだったようですね。	それが当初わたくしが案内する予定のなかったシーンまで出てきてしまい、事典がおかしなことになってしまいました。	まあ……あれです、/VAR/様からご報告を受けた後にわたくしもこっそり見てみたのですが……。	驚き過ぎて地団駄踏んでしまいました……。	わたくしはもう見たくはありませんので……もしまたご覧になりたい場合は、どうぞ/VAR/様お一人でお楽しみください。	間違っても、わたくしを誘おうだなんて思わないでくださいませ。												
四月病	500	001	Jusatsu Arc [Killing by Curse]	st85	3				0	2									4	2	1	0	0	いつからこの世界にいる？	…………。	2020年五月五日からです……。	/VAR/様はすでにご存知ですからね。今さら隠す意味もございません。	もしわたしくが最初に今の様に申し上げていたら、わたくしの正体、お分かりでしたか？						絶対わかる！	多分分からなかった											はえ……さすが/VAR/様ですね……。それだけでお分かりになるなんて……。	まあ、ここまでたどり着いた方です。あながち、嘘とも思えないのが/VAR/様の怖いところですわ。								ああ、でしょうね……。そりゃそうです。																										
四月病	501	002	Jusatsu Arc [Killing by Curse]	st85	3				1	2						2			3	4	4	0	0	好きな食べ物は？	好きな食べ物……。そうですね、これと言って特筆すべきものはありませんが……。	なんて以前はお話ししていた気もしますが……。	ピザです！　ピザ！　あれこそ究極！　あれこそ至高！　超炭酸ボンバーと合わせて無敵でございます！							太るよ？	相変わらずで安心した											う……。	あ、でも永劫回帰編で髪を伸ばしたわたくしを見る限りだと、なかなかいいスタイルだったと思いません？	ふふ、好きなものだからこそ、いつまでもおいしく食べられるよう自己管理が大事なのです。	たまに食べるから最高、たまに食べるから飽きない。ここでは食事をしていませんから、今から自分の世界で食べるのが楽しみですわ。						ふふ、何があろうと人間の好みなんてそうそう変わるでもありませんわ。	もちろん荒田の食事も素晴らしいものです。しかしあれはいわば日常的な食事。	ピザのようにたまに食べるものであるからこそ価値が生まれるのです。	もし毎日ピザを食べていたら、さすがに飽きてしまうかもしれませんしね。																							
四月病	502	003	Jusatsu Arc [Killing by Curse]	st85	5	2			2	2									2	9	9	3	0	素顔を見たい	…………。	/VAR/様、もしかしてそんなにわたくしの顔、好みですか？								すごく好き！	そうでもない	やっぱり血が怖い										/大文字/ふぁー	能面つけていてよかったです。今、絶対に変な表情になっていましたから……。	あの……まあ、たで食う虫も好き好きってどこかのリファレンスでもありましたからね。	/VAR/様の好みって、わたくしにはいまだによく分かりません。	うう……今になってそんなこと言わないで下さいよ……。どれだけ/VAR/様への好感度が高いかお分かりでしょ？	わ、わたくしは立木三日！　案内人でございます！　お客様とのそのような関係は……。	あ、/VAR/様はそこまではおっしゃっていませんでしたね……。	あーもう終わり！　次！　次の話題に行きましょう！	さて、にゃんの話を	あー……ですよね……。	わたくし、あまり鏡とか見る方でもないですし。	自分ですら自分の顔にあまり興味がないのだから、他の人なんてなおさらだと思います。	まあでも、お母さんは「人間は中身！　外見だけの女になっちゃだめ！」って言いますし。	かといってそんなに中身に自信があるわけでもないですけどね。	お母さんがチガ姉に言っていたように「無理にモテようとせず、自然な自分を好きになってくれる人と出会うのを待つ」のがいいでしょうね。	って、わたくしの顔の好き嫌いを聞いただけなのに、わたくしどうして自分の恋愛観まで語ってるんだろう……。	はあ……わたくし、今になっても思い込みが激しい性格直らないようですね……。	だから紙人形で盛り上がっちゃうんだな、きっと……。	うう……やっぱりまだ慣れませんよね……。この能面の方がまだ美観に優れているといいましょうか……。	そう言った意味では、やはり最初にこの格好で現れたのは正解だったと思います。	血まみれのわたくしが突然現れたら、/VAR/様はもっと引いていたかもしれませんし……。															
四月病	503	004	Jusatsu Arc [Killing by Curse]	st85	5				3	2						1			2	3	7	0	0	/立木/はどこから来たの？	…………。	佐波県佐波郡元木町長嶺台120-10レボハイツ306号室より参りました。								こうして見るとめっちゃ普通	家の周りには何があるの？											まあ……普通ですよね。そりゃ中身はただの人間ですから。	当時はもっとすごい場所から来たと思われたかもしれませんが、ある意味この世界の方がすごい場所です。	ここはわたくしと/VAR/様が唯一出会える場所。元木町も好きですが、この世界はそう言った意味ではわたくしにとってもとても大切な場所です。							そうですね、事典にない場所であれば……。	最近近くに保育園ができましたね。元木町の人口増加で、やはりそう言った施設の需要も高まっております。	時々たくさんの保育園児を見かけますわ。とてもかわいいです。よちよち歩きの子供たちを見ると、わたくしも足を止めてにやにやしてしまいます。	あ……別にわたくし、そういう趣味があるわけではございませんので。ただかわいいなあと。	ほ、ほんとにそう言う趣味じゃないですからね！？　小さい子ってかわいいって思うだけですから！　どこかの少女好き刑事とは違いますから！	…………。	わたくし、何を焦っているんだか……。																				
四月病	504	005	Jusatsu Arc [Killing by Curse]	st85	5				4	2						1			8	0	0	0	0	私がシナリオを見ている間、何をしている？	まあ、今だから正直に申し上げます。	最後の声編までは、ただただ切ないばかりでした。幸せな道程を顧みていたとは言っても、だんだんとなつみを殺したという実感がわいてきたのです。	だから、ここにお客様をお招きしたことをちょっと後悔していました。もうあのなつみには会えないし、元の生活は戻ってこないのだと。	その分、わたくしが素顔をさらしてからは謎を追おうと必死でしたね。何がわたくしをここまで追い詰めたのか知りたくて。	でもふたを開けてみれば、それぞれの切ない心情があるのみ。大きな野望とか悪意が働いていたわけでもない。	そのような個人的な心情があのように大きな出来事へと変わってしまう。人間の恐ろしさを痛感しました。	人間の心とは美しくもあり、恐ろしいものです。そこに愛や正義が絡んできたらなおさらです。	人類が正しくあろうとする倫理は、きっと永遠のテーマでしょうね。																																																	
前兆	505	006	Jusatsu Arc [Killing by Curse]	st104	5				5	2						1			3	5	4	4	6	シナリオって全部でどれくらいあるの？	呪殺編は46、192852文字。明徴編は20、90998文字。詫言編は20、99120文字、死月編は57、278081文字。	最後の声編は10、58017文字。真・呪殺編は7、518444文字。真・明徴編は2、3118文字。エデンの桜編は53、355445文字。永劫回帰編は5、文字数はざっくりと１0000文字ほど。	合計161万字ほどです。これは裏ルートやリファレンス、事典、雑談、システムテキストは含んでいないので、全合計は240万字ほどでしょうか。							裏ルートはどこまで増える？	すごく長かった	まだまだ物足りない	裏ルートってそもそも何？									どこまで増えるか……。	ご存じのように、この世界のことはわたくしも/VAR/様以上には分かりません。	この世界は/VAR/様の意識も反映される世界になったのです。	何らかの形で、はっきりと、分かりやすくその意思を明示していただけると増えるかもしれませんわ。	どのようにしてその意思をはっきりをお示しいただくかは/VAR/様にお任せいたします。					そうですね、わたくしもまさかここまで世界が広がるとは思ってもいませんでした。	しかし、ご存じのようにまだまだ知られていない秘密があるようです。	それがいつ、どのような形でわたくしたちの前に現れるのかは分かりませんが……。	/VAR/様がそのさらなる真相を知りたいと言う意思を持ち続ける限りは、この世界にも変化の余地があるでしょう。						あらまあ、/VAR/様ってば貪欲ですわね。	でもそこまでこの世界を楽しんでいただけたなんて、嬉しい限りですわ。	この世界は今も少しずつ変わってきているようです。裏ルートが登場したり、このようにわたくしとの話題が増えたり。	どのようにこの世界が変わっていくかは、末永く見守っていただきたいと存じます。						すでにご覧いただいたシナリオを別の人物の視点からご覧いただけるようですね。	それゆえ、本編だけでは分からなかった裏事情までもはっきりと明示されると思いますわ。	また視点を変えるだけでなく、今まで明かされなかった秘密なども隠されているようです。	ごくまれに、裏ルートであっても本編以上に深く難解なシナリオも登場するかと思いますが……。	まあ、裏ルートはここまでこの世界を気に入っていただいた/VAR/様へのご褒美みたいなものです。	あくまでもおまけと認識していただければと思います。			
前兆	506	007	Jusatsu Arc [Killing by Curse]	st104	5				6	2									2	5	2	0	0	いつまで/立木/はここにいるつもり？	もうお分かりと思いますが、/VAR/様がわたくしの存在を望まれる限り居続けます。	例えわたくしが別の次元に行こうとも、元の世界に帰ろうとも、/VAR/様がわたくしに会いたいと思われるなら、永遠に。								/立木/を縛りつけている気がする	私に会えてうれしい？											そうですね、/VAR/様の視点ではそのように見えるでしょう。	しかしこの世界は、/VAR/様がいなくなると途端に時が止まります。	ですので、わたくしがずっと/VAR/様を待ちぼうけしているわけではありませんし、逆にわたくしは常に/VAR/様とご一緒していると認識しております。	ですから縛りつけているだなんて考えず、いつでもいらしてください。	/VAR/様もわたくしの大切な方ですから。					もちろんでございます。最初から最後までお付き合いいただき、わたくしのことをいつも気にかけて下さったのです。	/VAR/様がいらっしゃることこそ、わたくしにとって最上の喜びでございます。																									
始動	507	008	Jusatsu Arc [Killing by Curse]	st203	5				7	2									4	5	7	7	0	そもそもここはどういう世界？	…………。	もしかしたら、それが1番の謎なのかもしれませんわ。	以前はここはわたくしの夢の中のようなもの、とお話ししましたし、実際に夢とも大きな差はないようにも思えます。	わたくしにはここがどこなのかという定義づけはできませんが……。/VAR/様はどのようにお考えですか？						/立木/の夢と私の意識がつながっている	死月妖花が関係している	まったく別の何かが原因										まあ……わたくしと/VAR/様の意識が……。	ちょっと恥ずかしいですわね。でも実際にこうしてわたくしと/VAR/様がつながりを持っているのは……。	うーん……やっぱり/VAR/様だからこそ、わたくしの意識とつながったのでしょうか。他の誰でもない/VAR/様だからこそ。	…………。	ちょ、これくらいにしましょう……。さすがにこれ以上お話しするには恥ずかしいです……。					死月妖花によるもの……？	ふむ、確かに死月妖花には幻影を見せる力があり、現実のわたくしは第三世代のまま。	つまり、死月妖花のせいである可能性も否定できないですわ。	しかしいくら死月妖花でも、別次元の出来事を見せつけるなんてこと、可能なのでしょうか。	それにエデンの桜編のような流れを見たからこそ、わたくしの次元の死月妖花を滅ぼすことも可能。	死月妖花が原因と考えるには、なかなか不可解なこともございます。しかし、100%違うと言い切れないのもまた恐ろしいですわね。	まだ死月妖花には残された謎があるのかもしれません。			まったく別の原因……。となると……。	ふむ、/VAR/様は『水槽の脳』という概念をご存知でしょうか。	わたくしの肉体は脳しか残っておらず水槽内で管理され、夢の中で様々な非現実的な光景を知覚認識するという仮説です。	つまり、この世界のわたくしも元の世界のわたくしも仮想現実を見せられているに過ぎず、もはや肉体は存在しない。ただのモルモットでしかないということです。	あら？　そうなるとこの世界におられる/VAR/様もわたくしと同じ水槽に入っているということに？	/VAR/様がご覧になっている現実が本当に現実なのかどうか、それを証明する手立てはございません。	もしそうなら、わたくしと半永久的に同じ水槽で生きていくことになるでしょう。											
始動	508	009	Jusatsu Arc [Killing by Curse]	st203	5				8	2									2	2	4	6	0	眠くならないの？	まあ……現実のわたくしはずっと眠っていますからね。寝ようと思っても寝られるものではないと思います。	じゃあ仮に、/VAR/様がいらしたときにわたくしが眠っていたらどうなさいますか？								邪魔しないよう帰る	そっと起こす	寝顔を見続ける										あら、そんなお気遣いしていただかなくても……。	わたくしは今でも/VAR/様にこの世界を楽しんでいただくためにおりますから、どうぞ遠慮なく起こしてください。								そうですね、そうしていただけるのがベストと思いますわ。	ただ……あの……本編では語られないことなのですが……。	わたくし、だいぶ寝起きが悪いらしくて、/VAR/様に少々失礼な態度を取ってしまうかもしれません……。	あの、決して悪気があるわけではございませんので、どうかそこのところを寛大に受け止めていただけますと幸いです。						…………。	…………。	/大文字//揺れ/セクハリャでございますわ！	/VAR/様、この世界は数々の不可解な謎を追い求める場所にあるのです。わたくしなどただの案内人でございます。	/揺れ/わたくしをメインでお考えになるのはおよしなさい！　/VAR/様の破廉恥！	はあ……。												
野次馬	509	010	Jusatsu Arc [Killing by Curse]	st306	5				9	2									4	8	6	0	0	この世界はいつの時代？	この世界の時間軸……。これは永遠の謎かもしれませんね。	この世界では最も古いもので平安時代、そして西暦2100年の未来も閲覧することができます。	やはりこの世界はわたくしの中の夢とお思い頂くのがしっくりきますね。	夢の世界であれば、時間軸はおろか、次元も何もかも思いのままですし。						夢の中をのぞかれて恥ずかしくない？	自分の夢を自由に操れる？											え？	ああ……そうですね、こういう世界であればそこまで恥ずかしいとは思いませんが……。	ただわたくし、どういうわけか時々、全裸で街の中で放り出される夢を見ます。	どんな経緯でそのようなことになったのかも分かりません。全裸で街に降り立つところからスタートなのです。	ネトゲの無課金ユーザーですらそんな扱いされませんのに……。	あ、あれですよ、別に欲求不満とかではございません！　どういうわけかそう言う状況でひどく焦ってしまう夢を見ると言うだけで……。	何か、友達にこういう話をすると結構受けるんですけど、/VAR/様と2人でお話しするとなかなか恥ずかしいものがありますね。	ま、まあ、ですからこの世界はわたくしの夢みたいなものです。		ああ、確か明晰夢とか言われるものですね。夢であることを自覚し、夢の中の世界で何も気にせず立ち振る舞えるという。	明晰夢では何をしてもいいわけですから、想像力の育成にはとてもいいと聞いたことがあります。	ただ、わたくしは明晰夢を見ることはほとんどありません。起きてようやく夢だったのかと気づくことばかりです。	でもこの世界は、厳密には夢とはちょっと異なるようですね。わたくしが自由に立ち振る舞うことはできませんし、/VAR/様の意思も反映される世界。	ふむ、どちらかと言えば/VAR/様の夢に近いようにも思えますわ。もともと/VAR/様はここで展開されるストーリーにご興味がありお越し下さった。	とはいえ、/VAR/様の想像もしなかった出来事や変化がこの世界にはあったでしょうし、やはりこの世界の定義づけはなかなか難しいようです。																					
野次馬	510	011	Jusatsu Arc [Killing by Curse]	st306	5				10	2									3	9	8	0	0	/立木/はここの物語とどういう関係？	正直、特に関係があるというわけではありません。	なんて、以前はそのように申し上げましたね。	今にしてみればお恥ずかしい。ご存じのように関係大あり、超大ありです。							当初は素性を明かさずに終わろうとした？	素性を明かすまでは話を振り返って幸せな気分だった？											当初はその予定でした。正直、/VAR/様にとってわたくしの素性などご興味ないだろうと思いまして……。	しかし/VAR/様がわたくしと雑談がしたいと不意におっしゃるものでしたから……。少し戸惑いましたね。	/VAR/様と言葉を交わすうちに、ここまでご一緒していただける人なら素性を明かしてもいいのではないかと、心のどこかで思っていました。	でもやはり、最後までその勇気はなかったです。	わたくしがなつみを殺した事実を知られてしまった時、踏ん切りがつきました。	もし/VAR/様があそこまで真相を知ろうとしなかったら……わたくしはどうしていたのでしょうね。	次のお客様が現れるまで待っていたのか、それとも罪悪感に耐えきれず永遠にこの世界で独りだったのか。	それは何とも言えませんが、今となって/VAR/様に素性を明かして本当に良かったと思っております。	何よりここまでお付き合いしていただいたわけですから。感謝の念に絶えませんわ。	途中まではそうでした。少しずつ惨劇を回避し、わたくしが歩んだ道程を共に振り返り……。	しかしそううまくいくものではありませんでした。だんだんわたくしがしたことに近づくにつれて、今この道程を振り返り何の意味があるのかという疑問の方が大きくなり――。	『最後の声』編に到達する頃には、どうすればいいのか分からなくなっておりました。	同時に、ここまでご一緒していただけた/VAR/様に、わたくしがしたことを知られるのが余計に怖くなりました。	誰かと一緒に振り返ると幸福な気分を共有できるどころか、もっとつらい思いをしてしまう。	だから『最後の声』編が終わったら、/VAR/様には早々にお引き取り願おうと考えるようになってしました。	もし/VAR/様が再びいらして下さらなかったら、今頃わたくしはどうなっていたのでしょうね。	ですから/VAR/様にはただただ感謝するばかりです。こうして真相を知った今も、わたくしに会いに来て下さるわけですから。																			
好奇心	511	012	Jusatsu Arc [Killing by Curse]	st113	5				11	2						6			5	0	0	0	0	リファレンスを上手に見るコツは？	うーむ……今さらではありますが、そうですね……。	おそらく『これは何を意味していたのか？』と思われたリファレンスもあったかと思います。特に人物が『不明』になっているもの。	人物不明の中には、解禁当初は明かせなかったけど既に名前が登場している人物による視点という場合も多々ございます。	それと日時ですね。日時がいつなのかによっても見方が大きく変わると思われます。	人物と日時、この2点を念頭に入れて再度見返してみると思わぬ発見があるかもしれませんわ。																																																				
好奇心	512	013	Jusatsu Arc [Killing by Curse]	st113	5				12	2						2	2		7	0	0	0	0	特別な操作方法はある？　1	この時点でお話しできることと言えば……。ちょっとシステム的なお話になってしまいますが――。	快適なプレイのために、裏でいくつかセーブデータが生成されています。セーブデータの容量が大きくなりますと、ロード時間がわずかばかり伸びてしまいます。	これらシステムセーブデータを/VAR/様の手で消すことはできませんが、特殊な操作で容量を軽減することが可能です。	ゲーム起動→save.datファイルを消す→ゲームを終了、としてください。セーブデータがかなり小さくなるはずです。	ただし、直接セーブデータを触るので、どのようなトラブルが起こるかは分かりません。あくまで自己責任でお願い致します。	セーブデータのバックアップは決してお忘れなきよう。	まあ、容量を軽減したところでまたすぐにシステムセーブデータが生成されるのであまり意味はないんですけどね。																																																		
小さな探偵	513	014	Jusatsu Arc [Killing by Curse]	st116	5				512	2						2	2		4	0	0	0	0	特別な操作方法はある？　2	セーブデータのバックアップは取っていますでしょうか？　save.datファイルがセーブデータです。	万一に備えて、このsave.datファイルをコピーして保存すればその時点のデータのバックアップを取ることが可能です。	コピーしたデータの名前は好きにつけて頂いて構いませんし、ゲームフォルダ内に置いておいても何ら問題はございません。	なるべくバックアップデータを取っておいた方がよろしいかと思いますので、ぜひお試しください。																																																					
小さな探偵	514	015	Jusatsu Arc [Killing by Curse]	st116	5				513	2						2			3	0	0	0	0	特別な操作方法はある？　3	本作はオートセーブなので、ゲームを閉じても最新の状態が保存されます。	逆に言えば、前の状態で保存することが不可能です。	もし前の状態でオートセーブさせたくない場合は、Windowsのタスクマネージャーでプロセスの強制終了をお選びください。オートセーブされずにゲームが終了します。																																																						
警告	515	016	Jusatsu Arc [Killing by Curse]	st119	5	10			15	2							2		3	8	7	7	0	何か面白い話して①	ええ……ここへ来てそのようなことを……。	じゃあせっかくなので、わたくしがお話しできる限りの本作の制作秘話をご紹介したいと存じます。	何についてお話ししましょうか？							シナリオをどうやって作ったか	1番苦労したこと	キャラ設定										あとがきでも触れられていましたが、ほとんど行き当たりばったりな作り方です。その時思うことを適当につらつらと書いていき――。	正直、制作者もどんなストーリーになるのか全然分からない状態で作られていきました。プロットというのも存在しません。	当初はわたくしとなつみだけが登場していましたが、唐突な思い付きで『 中央公園でおバカなちびっこ後輩に出会う』ことにしました。それが五島です。	ですからその時の気まぐれな思い付きがなかったら五島は存在していなかったかもしれませんね。	『おバカな後輩』と言いましたが、当初は五島はすごくバカな設定でした。しかし凡人以下の3人が話をしていても、全然話に収集がつかず――。	なので五島はまた唐突に天才少女という設定が盛り込まれました。五島と言う存在がいれば、謎がすいすい描けると言うわけです。	なので呪殺編がある程度進むと五島視点で話が進んでいきます。これは完全に制作者が楽をするためですね……。	まあ、最後の最後までこんなノリでこの世界のシナリオは作られていきました。制作者から見れば割とツギハギだらけのシナリオなんです。		1番苦労したのはほかでもない『これ』です。	ええ、雑談です。システム構築も話題ネタの書き出しも泣きそうになるくらいに大変だったそうですわ。	何しろ500個もわたくしとの雑談ネタを考えなくてはいけないわけですからね。時々水増しっぽい話題をねじ込んでしまったことで力量不足を感じているようです。	制作者がよく例えるのですが『合コン相手に500個も話題を考えられるか？』と。わたくしにとっては「何を言っているんだこいつは」状態ですが、まあとにかく大変だったそうです。	2018年の秋ごろは、2か月ほどただひたすらわたくしとの話題ネタの書き出しに従事していたようです。	ちなみに雑談のテキスト量は25万字ほどです。これは呪殺編の1.3倍に相当する分量です。	仮にわたくしにボイスが当てられたら、計算上音声の再生時間は13時間以上なるそうです。			そうですね、登場キャラも多いので全員はご紹介できませんが……。	では、コスプレババアであるわたくしの祖母、新村エリカについてご紹介しましょう。	祖母の話が初めて出てきたのは明徴編、わたくしは祖母のモノマネをしてお母さんを捕まえることに成功しました。	この時制作者は思ったそうです。「新村春花がモノマネできるなんてご都合主義にもほどがある」と。	当初祖母のキャラ設定はいかにも怪しい集落の長で、それこそ本当に諸悪の根源的な考えを持つ人物でした。	しかしモノマネの件でその設定が大きく変更され、ご存じのようなコスプレとアニメ好き、さらに平和主義者な人物になりました。	こんな感じで、キャラ設定もシナリオの都合でどんどんと変えられていきました。											
警告	516	017	Jusatsu Arc [Killing by Curse]	st119	5	10			515	2							2		2	9	6	6	6	何か面白い話して②	そうですね……ここまで来るとやはり制作秘話くらいしか語ることがございませんね……。	ではこれらは大きくキャラ設定が変更された人物たちですので、どのように変わったか解説いたしましょう。								新村春花	新村夏菜	城崎健吾	五島桃子									わたくし、新村春花のキャラ設定の変遷について解説致します。	当初はなつみの家の隣に住む友人というだけで、それ以上の設定は何もございませんでした。	ですのでなつみと年齢も口調も性格もほとんど同じ。イメージカラーが青である以外は本当に何の個性もなかったのです。	制作者もそれじゃさすがにまずいと思い、無理やり男言葉を使わせ、髪も短くしてなつみとの差別化を図ったとのことです。	ちなみに制作当初は、わたくしとなつみと五島は、今よりも年齢が4歳下でした。わたくしは中二で、五島は小六ですね。	ただこれだと複雑な話をわたくしたちに理解させるのは難しいと言うことになり、今の年齢設定に引き上げられました。	こうしてみると、高校生と言うのは制作上本当に都合のいい年齢層なのだと、痛感してるようです。	ちなみに胸が大きい理由は、わたくしの中の人が判明してお辞儀させたときに谷間を見せたかったからだそうです。本当にそれだけの理由らしいです。	まったく……私の身にもなってみろよ……。	では、わたくしの従妹である夏菜のキャラ変遷について解説致します。	当初、夏菜はチガ姉の母親で幸太郎さんの妻でした。サクラさんの位置にいたわけです。わたくしからすれば夏菜伯母さんってことになります。	夏菜伯母さんの時はサクラさんの様に死月編ルートでも故人ではなく、お母さんと同じく外部からやって来た嫁だったわけですが……。	夏菜伯母さんの個性があまりにもなさ過ぎるのと、死月編そのものが絶望的に面白くないと言う判断で、大規模な工事が行われました。	これにより夏菜伯母さんの位置にサクラさんが入り、名前だけが残って従妹の夏菜が登場するようになりました。	子供の夏菜になったのはいいのですが、五島とのキャラ分けがひどく大変だったみたいで、敢えて2人が長く一緒にいるようにしてキャラ分けのポイントを探っていたそうです。				城崎さんもかなりキャラが変わった人物ですが、当初から最後までぶれないテーマに沿って描かれました。	そのテーマとは『ザ・モブキャラ』です。	死月編第三ルートまでは、新村家を除く荒田の住人が誰一人登場していなかったので、モブ住人の代表として描かれたのが城崎さんです。	しかしなつみと2人でバギーでコンビニに行くことで徐々に設定が追加され、最初の呪殺で奥さんを亡くした、住人たちの疑心暗鬼について解説するようになり――。	そうなってくると、かなり善良なキャラでなくてはいけなくなり、住人たちに狙われていることをなつみに密告したりと要所要所で重要な役を担うようになりました。	それでもストーリーの前面に出てくることはなく、あくまでも脇役という感じですけどね。				五島桃子は当初、高校を辞めてふらふらと遊び歩き、男もとっかえひっかえなギャル設定でした。	ですので、今のようなひょうひょうとした人物像とはかなりかけ離れていますね。当初の設定も多少残ってはいますが、その辺は五島の思い込みである部分も多いです。	ただそんなキャラだとどうしてもあの人物群に絡ませづらいということで、妹を突き離し孤立しがちで不器用な性格に変更されました。	そんな性格であっても親はしっかりとしつけて育てたので、他人に対する礼儀は忘れず、猫をかぶればプリマベラでも看板娘を名乗れるような二重人格的な人物に仕立てられています。	さらにストーリーに絡ませやすいように、妹のことが大好きだけどなかなか近づけないという特徴も付け加えられました。	実は制作者が1番気に入っているキャラが五島桃子だそうです。だから登場頻度の割にイラストが多いのでしょうね。			
小さくも大きな鼓動	517	018	Jusatsu Arc [Killing by Curse]	st129	5	10			516	2									1	7	7	8	8	何か面白い話して③	では今度は、人物以外の要素についてどのような経緯で作られたかを解説致しましょうか。									ドローガ	能面	荒田集落	案内人									ストーリー上、ドローガがどれほど重要なものはご存じでしょうが、実はこれ、かなり後から追加された要素です。	呪殺編第三ルートを覚えていますでしょうか。五島の幻覚ではありましたが、死神がなつみに突進して首を切るというラストを迎えます。	なつみたちと出会った死神がどんな手口で殺害に及ぶのか制作者が考えていたところ「面倒だから高速ダッシュで殺してしまえ！　トリックは後から考える！」と思ったそうです。	ですので、その名残で呪殺編ではドローガの効果がはっきりと分かるシーンがほとんどございません。屋上から飛び降りる、銃弾をかわすくらいのものです。	2016年二月に公開された試作版の時点では、ドローガはそもそも設定にはなかったものです。	まあそれで女ケ沢市事件のトリックも適当なまま詫言編に入り、お母さんからそのトリックを解説させるギリギリで「薬にしておこう」と……。	なので、序盤は割と力技と言うか、ノリで押し切る的なシナリオ運びが多いのです。			なぜこの世界では能面が使われているのか、ですが……。	特に理由はなく、死神のキャラデザの段階で「骸骨のお面よりも日本的な方がインパクトがあるんじゃないか？」ということでとりあえず能面を着けさせたそうです。	ですので、死神が能面を着ける理由を考えるのは相当苦労したそうですわ。荒田集落の伝統的な格好と言っても、じゃあなぜそれが伝統になったのか。	ちょうど戦国時代あたりで実際に能面が流行るようになったので、その頃に能面を着ける風習ができたとし、ならばその頃に荒田集落で大きな事件があったはずだと。	その大きな事件がドローガの発明とそれによる最初の荒田事変です。	ストーリー上、翠眼呪殺を防ぐためのアイテムであるというのが本当の理由なのですが、この設定も糸姫がとらわれた死月妖花に対抗するためにはどうすればいいだろう？　と考えられたものです。	まあ、偶然にも危険予知をするには顔を見るか声を聞くかという縛りが当初からあったので、それに助けられたわけですね。制作者は自分の設定に大変感謝したそうです。			荒田集落という場所の設定は、かなり初期の時点で決まっておりました。	まず女ケ沢市事件は数年おきに発生しており、そのアリバイ工作としてお父さんの法要が利用されていました。	ですので、仏教の三回忌や七回忌だけでなく、十年祭もある神道の文化も混じった集落である必要があったのですが……。	さらにそこに『死神』という西洋の文化も必要になってくるので、多文化を取り入れる傾向がある割に閉鎖的な集落、という土台部分が出来上がりました。	室町時代に宣教師がやって来たり、その他色々な思想を持った人々が来たり。こうしていくと、古今東西の文化の結晶が荒田集落ということになります。	しかし山奥の集落に人々が土着するには場所としての魅力が必要。昔の人々であれば食料に困らない場所がいいかと考えました。	そうなるときっと、侵略の脅威にたびたび襲われていただろうなあと。こうして閉鎖的でありながら多文化的、好戦的という設定に落ち着きました。	この作品にしては珍しく、あまり設定変更がなされなかったですね。		案内人であるわたくしは、2016年二月公開の試作版では存在していませんでした。	試作版で色々と感想をいただいたのですが、急にエンディングを迎えて唐突感があるとか、どんな流れでストーリーが進行するのか分かりにくいというのがありまして……。	そのような部分を改善すべく、案内人が登場しました。	じゃあラストはどうなるのか？　案内人は何者なのか？　という疑問が次々と出てきて、それならば主要登場人物の誰かにしようと。	というわけで、わたくし新村春花に白羽の矢が立ったのです。	その設定のためにわたくしがなつみを刺し殺すというシナリオまで追加されて……。本当にひどい制作者です。	試作版でそのような感想をいただかなかったらわたくしは存在しておりませんし、このように/VAR/様と雑談することもなかったでしょう。	レビューを下さった方々には本当に頭が上がりませんわ。	
小さくも大きな鼓動	518	019	Jusatsu Arc [Killing by Curse]	st129	5	15			427	2									3	7	9	0	0	ご趣味は？	おお……ここへ来てわたくしの趣味をご紹介とは……。	そう言えば本編でもわたくしの趣味に関わる描写はほとんどありませんでしたね。	でも、これが趣味！　って言えるものはなかなか思いつきませんが……。							中二病的な呪いが好きなんでしょ？	コスプレでしょ？											ちょちょちょ、それは……。	そう言うのはとっくに卒業してますから……。	わたくしの中では中二病と言う意識は今でもございません。小学生時代にちょっと興味を持ったと言うだけで……。	でも女ケ沢市事件が起きた場合ですと、中学生になっても呪いでクラスメイトを殺そうとしていましたものね……。	わたくしはそのルートで生きてきていないので何とも言えませんが、中二病と言うよりは本当にお母さんを助けたいという思いが強かったのだと思います。	まあそれで呪い殺していいと言うわけでもございませんが……。	ちょっと話が逸れてしまいましたが、今はそう言うのは完全にわたくしの中からはなくなっていますから。			…………。	……………………。	まあ……確かに趣味と言えば趣味かも知れません……。	でもあれですよ？　自分で服を作ったりはしませんし、あくまでもばあちゃんからもらったものを着て1人で喜んでるくらいでして……。	ましてお母さんにもばれたくありませんしね。お母さんからなつみのお母さんへ伝わり、なつみに伝わり、さらに五島にまで広まってしまったら……。	わたくし、もう元木町で生きていけないかもしれません。	/VAR/様、分かっておられると思いますが、ここで釘刺しておきます。	もしなつみや五島がまたこの世界に紛れ込むようなことがあっても、絶対に言わないで下さいよ！？	絶対ですよ！？																		
決意	519	020	Jusatsu Arc [Killing by Curse]	st154	5	10			19	2									2	3	3	4	0	立木三日って本名？	本名？	もちろん！　わたくしの本名は！								新村春花！	立木三日！	なんだっけ？										Yes! 新村春花です！	なんだかこの格好で本名を名乗るのって、変な感じが致しますね。	/VAR/様におきましても、この格好なら案内人とか立木三日の方がしっくりくるのでは？							お……そうきましたか……。	なるほど、この格好であれば立木三日の方がしっくりくるかもしれませんね。	わたくしもこの格好の方が案内人として気合いが入りますわ。							ちょ……！　ひどい……。	む、/VAR/様のことだからきっとそうやってわたくしの反応を楽しんでいらっしゃるのでしょう？	/VAR/様はわたくしのことをよくご存じとお思いでしょうけど、その分わたくしも/VAR/様のことが分かるのですよ？	このような冗談を言える仲になるなんて、最初は想像もできませんでしたわ。														
決意	520	021	Jusatsu Arc [Killing by Curse]	st154	5	10			20	2									2	3	7	0	0	家族はいる？	わたくしの認識では、やっぱり新村栄一郎と新村美冬が家族ですね。	もちろん古郡家も大事な存在です。それこそ家族のように過ごしてきましたから。								古郡家の家族になりたいと思う？	初めて養子と知った時はどう思った？											正直思いません、というより想像ができませんね。明日から古郡家で家族として過ごせと言われましても……。	まあ仮にそうなったとしたらそのうち慣れていくとは思います。でもやっぱりお母さんはいつまでもわたくしの母親です。	お母さんはもちろん、お父さんだっていつまでもわたくしの家族です。例え別の家に行くことになっても、それだけは変わりませんわ。							わたくしが聞いたのは荒田の地下倉庫で幸太郎さんから聞かされた時でしたからね。大変な時だったので、聞いたばかりの時は正直「どうでもいい」と思いました。	それにその後はなつみが病院に運ばれて行きましたから、それどころではなかったです。	でも徐々に落ち着いてきて自分の生い立ちを知っていくうちに……そうですね……。	お母さんへの情愛がさらに深まりました。	お母さんはわたくしが実の娘でなくても、それ以上にかわいがってくれていたと思います。ましてわたくしを守るためにクラスメイトを殺す決意までしたのです。	もちろん殺すのはダメですが、わたくしはもしかしたら実の娘以上に愛情を注がれていたのではないかと。そのように思うようになりました。	だから養子と知ってコンプレックスになることもありませんし、今まで以上の仲になっていけると思いますわ。お母さんだけでなく、古郡家の面々とも。																				
監視	521	022	Jusatsu Arc [Killing by Curse]	st157	12	10			21	2						1			4	6	3	6	0	普段はどんな格好をしている？	それはもうご存知でしょうから……そうですね……。	なつみからニットワンピをもらう前の話をしましょうか。	わたくしは私服でスカートのようなものは持っておらず、パーカーやショートパンツのようなものばかりでしたね。よく言えばボーイッシュとでもいうのでしょうか。	女の子らしい服装って、わたくしにはあまり合わないような気がしていましたので、無意識のうちにそう言う格好の方が多くなっていました。						ニットワンピも似合ってる	その時の格好も見てみたい	夜寝るときはどんな格好？										まあ、それは嬉しいですわ！　あのニットワンピ、とても気に入っていますので！	でも、今となってはなつみの血で汚れてしまいました。	わたくしのいた世界になつみはもういませんし、同じようになつみからプレゼントしてもらうことも二度とありませんが……。	あ、申し訳ありません、ここへ来て暗い話をしてしまって……。	そう言えばお気づきでしょうか？　わたくしのニットワンピとなつみのスクールセーターってデザインが似ているんですよ？	選んだのがなつみですからね。だから色以外はどことなく似たものになっております。				そうですねえ、家にあるのでお見せすることは可能ですが……。	しかし/VAR/様にお見せするとなると、どんなコーディネートがいいか色々と考えてしまいますわね……。	その辺がわたくしの中で決まりましたら、機会を見てお見せしたいと存じます。							寝るときですか？　わたくしは基本的に――。	あ、この感じ……。	/VAR/様、またそうやってわたくしにセクハラして反応を楽しむつもりでしょう？	ふふ、でもその手には乗りませんわ。だってわたくし、寝るときはジャージでございますから。	あらあら、/VAR/様がっかりなさったかしら？　ジャージですよ？　何の色気もないジャージ。	ふふん、たまにはこれくらいかえしてやらないと。												
監視	522	023	Jusatsu Arc [Killing by Curse]	st157	12	10			22	2									2	5	6	6	4	休日は何をしている？	家で1人でダラダラしているか、学校の友達と出かけますね。	お母さん、仕事が忙しいので週末でも昼間はあまり家にいないんですよね。								1人でダラダラとは？	古郡なつみや五島絵梨奈とは会わない？	学校の友達ってどんな人？	新村美冬とは家ではあまり会わない？									うーん……そう言われると、家で何をしていたのかあまり思い出せないんですよね……。	/VAR/様にもそういう経験ございませんか？　休みの日に家にいたら何をしていたわけでもなく、いつの間にか夕方になってしまったとか。	適当にネットで遊んだり、テレビを見てるくらいですね。	あーでもお母さんがいない時は家事はなるべくするようにしていますね。掃除も洗濯も炊事も。	お母さんが働いているのに、何も手伝いしないのも気が引けますから。					まったく会わないわけではないですが、逆に平日に会うことが多いです。	学校でもそんなに会わないですが、登下校の時に一緒になることが多いです。特になつみとは毎日一緒に登校していますし。	下校時に一緒になったら、ザッハに行ったり駅の方に足を伸ばしてみたり。まあ、何か特別にするわけでもないですけどね。	ほら、よく言うじゃないですか、本当に仲のいい人とは沈黙が続いても気まずくならないって。	だから3人でザッハに行っても、3人で無言でスマホをいじってるってことも珍しくありませんわ。	だから何と言いますか、わざわざ週末に時間を合わせて会う必要もないかなあと。会おうと思えばすぐに会えますしね。				主にクラスメイトですね。リファレンスなんかで、わたくしがクラスメイトとザッハで勉強しているのご覧になりませんでしたか？	わたくし、基本的に派閥とかがあまり好きではないので、特に女子とはなるべく全員と接するようにしています。	八方美人だなんて思う人がいるかもしれませんが、わたくしはそれでもいいと思っております。やましい気持ちでみんなと仲良くしているわけではございませんし。	まあでも、中には1人でいるのを好む子もいますからね。そう言う子の場合は適切な距離感を保つようにしています。	少し話が逸れましたが、週末にクラスメイトと会う場合は特にメンバーが決まっているわけでもありません。	その時々に時間の合うメンバーで行きたいところに行くような感じです。				お母さんは出張でもない限りは朝と夜は大体家にいますね。だから会わないってことではありません。	お母さん、自分で会社を興してから忙しいけどどこか楽しそうですので、家にいないからと言って寂しいってこともございません。	むしろお母さんが帰ってきたときにゆっくり休めるよう、家の中をきれいにするのが好きです。時間があれば夕飯の支度もしますし。	でもお母さん、あんな人だから「家政婦みたいなことしなくていいの！」なんて言うんですけどね。わたくしは好きでやっているので。					
決意	523	024	Jusatsu Arc [Killing by Curse]	st154	8				98	2							2		2	8	8	7	9	書簡リファレンスって何？	本編では語りきれない過去の人々が書き残した書物です。非常に重要なことが書かれているのはご存じのとおりです。	しかしながら、現時点でも何のことを言っているのか分かりにくいものもいくつかございますね。その中のいくつかをわたくしの方から解説致します。								No.31　やんごとなき者の首	No.164　失踪者たち	No.192　命を捧げます	No.222　大魔女の死									これについてはエデンの桜編『心をあなたに。』で少しだけ触れられておりました。	荒田集落を去った以仁王が、書簡のように平氏の残党に殺害されてしまったということです。	不運なことに、当時の元木の地には皇居で仕えていた者がおりました。彼は平清盛の兵力を考えて裏切ってしまったのです。	清盛からどれほどの褒美をもらえるかと期待し、以仁王を討ち取ったのですが……。	書簡が書かれたのは1188年。この時はすでに清盛は逝去しておりました。	ですから褒美などもらえるはずもなく、時代は源氏の方へと傾いておりました。	ですから彼がどうなったのかは定かではありませんが、もしかすると処刑されたのかもしれませんね。	当時は地方まで情報が行き渡らなかったので、彼は清盛の死を知らずに以仁王を討ち取ってしまったのでしょうね。		1599年に荒田の住人によって書かれたもののようです。	同様のことが真・呪殺編『メガミゴロシミナゴロシ』でも起きています。つまり、第四世代となってしまった人々のことが書かれているのです。	1598年に最初の翠眼呪殺が起こり、それが住人たちと宣教師たちとの戦いに発展。ドローガが使われていたので新しい第二世代第三世代が誕生してしまったのです。	戦いで生き残った人たちの中にも当然第一世代第二世代がいたわけですが、第三世代となった人々を埋葬したときに胞子を取り込んでしまったのでしょう。	結果、彼らは死月妖花の胞子に冒され、第三世代の死体を腐敗するまで愛で、1年後に完全に死月妖花の苗床になってしまった。	そして彼らは繁殖に適した場所へ移動し、死月妖花に子実体となってしまった。	死体が消えたのは、おそらく花びらに触れ、死体が栄養として消化されてしまったからです。真・呪殺編『パラサイト・プリズン』でも見られた現象です。	このように、死月妖花の繁殖過程が記された書簡なのです。		この書簡では、死月妖花に対抗する手段が書かれています。当時の若き大魔女がふとしたことから第三世代となってしまいました。	自分の血が死月妖花にダメージを与えられると何らかの方法で気付き、自分の血をすべて使って死月妖花を倒そうとした。	しかし糸姫が言っていたように、人間1人だけの血液量では足りず、彼女は命を落としたものの、完全に撃退するには至らなかった。	ただ死月妖花へもダメージも決して小さいものではなかったようで、またしばらくの間、繁殖するために動きを潜めたのだと思われます。	このような祖先の知恵と犠牲があったため、2020年でようやく死月妖花を倒すことに成功したわけです。	おそらく、書簡に書かれている以上に壮絶な出来事だったことでしょうね。わたくしもどのような流れで起きたのか見てみたいものです。	ちなみにNo.87『妖花之図』は犠牲になった大魔女の仲間によって作られたものです。			荒田集落の人口は少ないとはいえ、全員が全員、同じことを考えているわけではございません。	当該書簡では、ドローガを禁止しヴェルジのミイラを封印した桔梗さんを憎んでいた者が書いたのでしょう。	そもそも、これまで信仰していた対象を捨てるなんて簡単ではございません。	大魔女である桔梗さんの指示とはいえ、少なからず反抗心を持った人もいたはずです。	まして狩りの大事な道具であるドローガまで奪われたのですから、敵愾心を持つのも無理な話ではございません。	魅了とは恐ろしいものです。偶像であれ道具であれ、急に奪われたとあっては憎しみも残してしまう。	書き手は表立って行動はしなかったでしょうけど、荒田集落は一枚岩ではないというのを象徴しているのだと思います。	しかし、エデンの桜編ではみんなが一丸となって、死月妖花を滅ぼしました。	ですから、たとえ考え方に違いはあっても、根の部分ではみんながつながっているのだと信じております。
決意	524	025	Jusatsu Arc [Killing by Curse]	st154	8				523	2									2	8	6	9	9	レポートリファレンスって何？	セレジェイラ聖教に所属していた篠崎ハジメ氏によって書かれたドローガの人体実験の報告書です。	こちらも先ほどと同じく、分かりにくいものを解説致しましょう。								一瞬の危険予知	若年者の呪殺への抵抗	四月病の正体	緑の目になる理由									一瞬の危険予知――具体例を挙げると真・呪殺編『サード・ジェネレーション』で五島に起きたことです。一瞬だけ荒田集落で起こる事態を予知しました。	これはNo.22『呪殺の治療』に記載されています。ドローガに感染するには頭部粘膜で感染者の血液に1ml以上触れる必要があります。	しかし1mlに満たない場合は数秒以内に胞子は代謝によって排出されてしまい、感染は不完全なものとなってしまいます。	あの時五島の起きたのがこの症状であり、感染から排出までのわずか数秒の間にあれだけの危険予知をしたわけです。	ただ、危険な目に遭う人物以外の情報も多く知ることができたのは、正規の危険予知能力からはかなり外れた現象です。	そもそも危険予知とは、死月妖花が御使と意思疎通をするのが本来の使い方です。つまり死月妖花が知る範囲であれば感染者に情報を送ることが可能。	だから荒田のことや将来の危険予知の情報がごちゃまぜの状態になってしまい、さらに胞子にとっては死を意味する体外への排出まで起きようとしていた。	このような極めてイレギュラーな状況が重なったために、あのような危険予知ができたのだと思われます。		通常翠眼呪殺とは、第三世代に思考の暇すら与えずに危険予知能力者を殺害させます。	わたくしがなつみを殺したり、真・呪殺編『キオク×復讐×腫瘍』の五島桃子のような感じです。殺意に抵抗することすらできませんでした。	しかし真・呪殺編『キオク×復讐×腫瘍』の夏菜や、ヴェルジのミイラとなったトミはその殺意に抵抗し、逃げ出したり自殺したりする余地がありました。	なぜこのような差ができたのかはNo.21の殺人衝動の抑制方法に記載されています。	概ね15歳以下の者は神経系が大人よりも未発達なために、死月妖花による殺人衝動も完全なものではないようです。	ですから、約3割の確率でその殺意に抵抗することができるそうです。まあ、それでも最終的には対象を殺すことになってしまうようですが。				そもそも四月病とは何なのか。それについてもレポートに書かれております。No.8第二世代のトラウマです。	これによると、トラウマが非常に起こりにくい状況で第二世代に感染させても、その時の状況が再現されることで体調不良、つまり四月病に陥ったとのことです。	ですから、四月病とはトラウマではなく死月妖花によって引き起こされたものであると断言できるでしょう。	ただ、第二世代が感染時に何らかの心的ダメージを負った場合は四月病が寛解するケースもあります。死月編ルートのなつみのように。	これはおそらく四月病をトラウマに擬態させていたためと思われます。なつみが私のお父さんの死を受け入れたのに、それでもトラウマが続くなんて不自然ですから。	そもそも死月妖花にとって四月病が必要な理由は、第二世代の身の安全の確保であると考えられています。	第二世代は感染を広げる第三世代を産む者であり、また社会の安全を維持する危険予知能力を保持しています。	だから周囲社会は、第二世代を手厚く保護します。しかし第三世代は逆です。第三世代は死月妖花からすればいち早く死んでほしい個体です。	それゆえ貴重な存在である第二世代を殺そうとすることで、周囲社会が第三世代を殺すというサイクルが成り立ちます。	No.24緑目のになる原理に書かれていますが、これは単純に、周囲社会に第三世代であることを分かりやすくするためだと思われます。	ドローガを使う社会にとって、第三世代とは非常に危険な存在です。何しろ貴重な存在である第二世代を殺そうとするわけですから。	昔の荒田集落の掟では、緑目の女児が生まれたらすぐに殺すようにとありました。この掟は完全に死月妖花の罠だったと言えるでしょう。	こうして第三世代が死ねば、その身体から第四世代を産みだす胞子が放散されますからね。死月妖花にとっては非常に都合のいい生活史です。	ただ、第三世代が緑目になるのは荒田集落が成立してからです。それまでは人間はいませんでしたが、動物たちの社会では第三世代による同種殺しが起きていました。	エデンの桜編『あらたな村』ではその様子が見られました。鹿同士の殺し合いがまさに翠眼呪殺だったのです。	しかし当時知性のなかった死月妖花は第三世代を『目立たせる』ことはできませんでした。これは死月妖花が糸姫と同化してからです。	だから糸姫の目の色がそのまま翠眼呪殺の証となったのでしょうね。	知性を得てからは、死月妖花は永遠に生きながらえようとしてその弱点を克服する方法を探っていたようです。
自責	525	026	Jusatsu Arc [Killing by Curse]	st158	5				100	2									2	7	8	6	9	外伝リファレンスって何？	江戸から荒田集落に移り住んだ少女、桔梗の生涯にフォーカスしたシナリオがメインです。	ではその中でいくつかわたくしの方から解説致しましょう。								桔梗の実家について	当時の荒田集落について	桔梗の最期について	篠崎ハジメの上司について									桔梗は江戸の豪商の1人娘として生まれました。	裕福な家だったので本もたくさんあり、桔梗はそれらを子供の頃から好んで読んでいました。	しかし彼女の親としては、友好関係にある商人の家に嫁入りすべく、女性としての立ち振る舞いを身につけてほしかったようですが、桔梗自身はあまり関心がなかったようです。	そのような中、将軍の令により荒田集落へ嫁入りしたわけですから、桔梗の実家は幕府の保護を受けることができました。	ちなみに桔梗の実家の屋号は『近衛屋』といい、2020年時わたくしたちの世界では有名な旧財閥系企業『近衛財閥』となっています。	実はこの近衛財閥、今回は一切登場していませんが次の――。	おっと、ここから先はまだお話しできませんわ。これはトップシークレットでございますので。ふふふ。			書簡No.195『時代の流れ』と、外伝No.16『ある才媛の一生～矛盾の容認～』をご覧いただけるとある程度推測ができるかと思われます。	桔梗が嫁入りする何年か前のこと、荒田集落で集団失踪事件が発生します。そして消えた人数の数だけ、新しい桜の木が発見された。	これは死月妖花によるものですが、当時の大魔女、つまり新村晃の母親がこの謎を学術的に解き明かそうとしました。	そのために息子の晃にドローガを持たせて将軍に謁見し、幕府の財力でドローガの研究をしようと考えたのです。	ですから桔梗が嫁入りする前まではかなり緊張感の強い空気だったことは想像に難くありません。何しろ30人が失踪してしまったわけですから。	将軍にドローガを受け取ってはもらえなかったものの、外部から嫁が来ると言う久しぶりの明るい出来事により、集落は再び活気を取り戻します。	そもそもこのような失踪が起きたきっかけはNo.194『封印されし女神』にありましたように、住人の1人が偶然ヴェルジのミイラを発見したことに由来します。	1600年頃からドローガの使用と禁止が繰り返されたことにより、荒田集落は何度か滅亡の危機に瀕しました。歴史は繰り返すと言われるように。		桔梗は御使となった夫、晃によって殺害されます。	これ以上桔梗を放っておくことはできないと死月妖花が判断したためでしょうね。ですから桔梗だけは例外的に二月に死亡したのです。	それとこれは本編ではまだ明かされていませんでしたが、荒田の住人が四月に必ず死ぬ理由は、ドローガによるものです。	当時の荒田の住人たちは、ほとんど全員がドローガを使用していました。だからドローガを使ったことがある者は病死であっても死ぬのは四月なのです。	似たような考察を、死月編『解明（仮）』で五島がしておりました。	四月は荒田桜の胞子が最も活性化する時期です。胞子の代謝活動により老人の身体に負荷がかかっていたというわけです。				教団の本部長と言われていた人物ですね。彼は、土田と名乗っていましたが本名は不明です。おそらく篠崎氏と同じく戸籍を変えたのだと思われます。	彼らはひそかに死月妖花の研究を進めようとしていました。それでできたのが、元木町の公的な研究グループです。	しかし研究グループは宿舎で撲殺され、計画はとん挫します。そこで土田は、篠崎氏に近づき、研究レポートを集落へ紛れ込ませるよう促したのです。	外伝リファレンスにもありましたように、篠崎氏は研究の最前線に立っていたので死月妖花についてかなり鮮明な記憶を持っており、再びレポートを作成しました。	土田が篠崎氏に近づいた本当の理由は、そのレポートを手に入れるためです。戦後、研究データの押収を防ぐために、篠崎氏のレポートは全て破棄されていました。	これにより、一応は研究成果の多くが本部長の手に戻ってきたということになりますが……。	一方で誤解により篠崎氏は悪人であると噂されるようになり、必要以上に目立つ存在になってしまった彼を始末しなければならなくなりました。	彼が公に注目されるのは、国としても非常にゆゆしき事態。何しろ、教団は国ともつながりがありましたから、目立たれては困るのです。	彼を始末した後、土田自身も自殺。こうして国の上層部だけが死月妖花の存在を知るのみとなり、2029年、五島を所長とした国際研究所が作られました。
自責	526	027	Jusatsu Arc [Killing by Curse]	st158	5	10			23	2									2	8	6	7	8	/立木/は学生？　社会人？	県立佐波高等学校3年生でございます。	そう言えば学校のこと、本編ではほとんど語られておりませんね。何かお聞きになりたいことはございますか？								頭のいい高校なの？	変わった行事はある？	どんな先生がいる？	生徒会はどんな感じ？									偏差値で言えば47です。まあ、それほど賢い学校と言うわけではございません。	と言うのも、生徒のほとんどが元木町内の中学校出身ですからね。頭の良し悪しで選ばれる高校ではないと思います。	さすがに素行不良だったりあまりにも入試が壊滅的だと入学できませんが、小学校中学校と雰囲気はそれほど変わりません。	だから入学してすぐに先生と面談をし、卒業後は就職か進学か、どちらを考えているかを聞かれることになります。	わたくしはお母さんから進学するように言われていましたので、大学に進みたいと話しましたね。	ただ途中で進路変更することも珍しくはありませんので、その都度本人に見合った進路指導をしてくれます。その点では進学一辺倒な進学校よりも親切だと思いますわ。	それに、生徒の成績にもかなりばらつきがありますので、年に何人かは有名な大学に合格する人もいます。	そう言った意味では、非常に柔軟性のある学校だと思います。わたくしは自分の学校、好きですよ。		変わった行事……。そうですねえ……他の学校と比べたことがないのでパッとは思いつきませんが……。	桜が有名だからと言ってお花見するわけでもありませんし、桜を植樹する奉仕活動があるわけでもございません。となると、変わった行事と言えるものは――。	ああ、そうそう！　保育園や小学校訪問の社会科活動がありますね。元木町に住む先輩として、小さな子供たちに元木町の素晴らしさを説くようなイベントです。	わたくしは2年生の夏に保育園に行きましたわ。保育園のお泊り会に合わせて、高校生も保育園に泊まり込みますの。これはなかなか珍しいのではないでしょうか。	園児とバーベキューやスイカ割りをしたり、夜はキャンプファイヤーを囲んだりしますのよ。園児だけでなく、高校生もテンション上がりますわね。	うん、保育園の時にもそのような行事があったのを思い出しました。学校行事と言うよりは、何十年も続いている元木町の伝統行事みたいなものですわね。				うーん……どんな先生……。そりゃ何十人も先生がいるので、それぞれに個性があります。その中で特別語るとすれば……。	学年主任の先生ですね！　すごく面白い体育の先生なんですよ！　頭がツルツルにハゲ上がってて、それをネタに生徒の笑いを巻き起こすような人です！	去年の文化祭はすごかったですわ！　先生と有志の生徒がおでこに吸盤をつけて引っ張り合う綱引きをしていたんです。	もちろん先生の圧倒的な優勝。エキシビジョンマッチで、どれほどの重さを吸盤で引っ張れるかに挑戦していました。	最終的には、女性生徒が5人乗ったリヤカーを引っ張っていました。おでこの吸盤でそんなことができるなんて本当に驚きです。	次の日からしばらくは、先生のおでこから真ん丸な赤い痕が消えませんでしたね。学年集会で挨拶をしてもぜんぜん空気が締まらなくて……。	今年の文化祭でも何かやってくれるのではないかと期待しております。			生徒会……？　いえ、特に普通だと思いますよ？	学校の投票で生徒会長や役員を決めて、その人たちが学校行事や部活動の予算決めなどをします。	決してアニメにあるような権限の強い組織ではございません。普段は本当に普通の生徒ですよ。	あーでも……これはちょっと変わった伝統かも知れませんが……。	卒業式では、生徒会がそれぞれ楽器を持ってバンドライブをやるのが通例になっております。これも生徒会が自発的に始めたものでして。	だから1年生の内に生徒会役員になると、その通例を知らずによく面食らうそうです。急にバンド活動をやる言われても困りますしね。	でも、卒業式を終えると生徒会の面々はとてもいい表情をしていますよ。1つの大きな仕事をやり切ったって感じで。	だから生徒会の結束力は他の学校よりも強いのではないでしょうか。なかなかユニークな生徒会ではございません？	
新村さん	527	028	Jusatsu Arc [Killing by Curse]	st160	5	20			24	2							2		2	4	5	5	6	何か私に聞きたいことはない？　1	/VAR/様への質問、ですか？　今ご質問できるとすれば……。	どの編が最もお気に入りですか？								呪殺編～詫言編（皮剥ぎ死体事件～女ケ沢市事件）	死月編～最後の声編（荒田集落の呪殺事件）	真・呪殺編～エデンの桜編（死月妖花の真相究明）	永劫回帰編（新村春花のその後）									ほう、序盤が１番のお気に入りでございますか。	この世界の導入部分であり、あらゆる問題が提起される。もしかしたら/VAR/様は未知の謎がたくさん出てくるような話がお好みなのでしょうか？	しかし、そこが終わっても長きにわたりこの世界をご覧いただき、最後の結末まで見ていただけた。感無量でございます。	そして今のなお、こうしてお越しいただけるなんて、この上ない幸せでございます。						なるほど、呪殺事件がらみの導入部分でございますか。	非常に難解な話が多く、それでいてなかなか真相にたどり着けない。そのような編がお好みとは……。	もしかしたら/VAR/様、じらされたりお預けされたりするのがお好きなのかしら？　ふふふ。	しかしながら、女ケ沢市事件を避けたがゆえに起きたルート。序盤の編と比較すると違いが見えてきてなかなか面白い見方ができますね。	荒田集落の濃い住人たちも登場しますし。そう言った意味では、陰鬱でありながら賑やかな編とも言えるかしら？					おお、死月妖花の究明がお好きとは。あらゆる謎が解かれていく過程により、もやもやがなくなっていきますものね。	また全体進行率が100%になったかと思いきや、半分も進んでいないことが判明する。そう言う面でも衝撃的な開幕だったと思われます。	いずれにせよ、最後は謎を解き明かし、脅威に立ち向かい、幸せな結末へとつながるルートです。	ほんのちょっとした選択、そして決断が惨劇に立ち向かう大きな勇気へとつながる。本当に心の力とは不思議なものです。	わたくしは死月妖花を倒したルートの新村春花とは別の存在ではありますが、彼女たちがその後も幸せな人生を歩んでいくものと信じております。					ああ……なるほど……。	いえ、何と言いますか、ちょっと恥ずかしいですね。何しろモロにわたくし自身のことを見られ、それを気に入ったと言っていただけたわけですし……。	確かにわたくしはなつみを殺し、この世界へ逃げ込んだ。わたくしにはもう、それ以上の先はないと思っておりました。	しかし考え方や選択次第で未来は如何様にも変えられる。選べはしなくても、常に道は残されている。わたくしはそのように感じました。	その未来が最悪となるのか、あるいは希望となるのか……。	ふふ、でもやっぱり恥ずかしいですわね。			
新村さん	528	029	Jusatsu Arc [Killing by Curse]	st160	5	20			527	2							2		2	5	7	9	8	何か私に聞きたいことはない？　2	/VAR/様への質問……。そうですね……。	どのシステムが最もお好みですか？								裏ルート	リファレンス	事典	雑談									おお、裏ルートでございますか。なかなかコアですね。	もうご存知と思いますが、裏ルートはこの世界に後から追加されたシナリオです。	本編シナリオを別の人物からの視点に置き換えることで具現化され、より深くストーリーを知っていただけると思います。	おそらく/VAR/様におきましても「このシナリオの裏ではこんなことがあったのか」と驚かれたこともあったのではないでしょうか。	中には、本編シナリオ以上にさらに深く真相に近づいた裏ルートもございますしね。ふふふ。					ほう、リファレンスでございますか。では、ここでリファレンスがそもそもなぜこの世界に組み込まれたかを解説致しましょう。	当初はリファレンスの内容も本編シナリオに組み込まれる予定でしたが、あまりにも説明的になりすぎる話や冗長になりやすいシーンが多々できてしましました。	それを別に切り分け、説明的、冗長的な印象を抑えようと作られたのが始まりです。	さらにストーリー仕立てでは表現の難しいものはオブジェクト型に分類されました。ストーリーではなく登場したものをそのままご覧いただくことで分かりやすく表現されたのです。	なお、書簡型やレポート型はかなり後になってから追加された形式です。特別な型にすることで、/VAR/様に特別なリファレンスであると御認識していただくためでございます。	このような経緯から、リファレンスを全く見なくてもある程度はこの世界の全貌を垣間見ることが可能です。しかし見ると見ないではその認識に差が出てくるのはお分かりでしょう？	リファレンスとは、このように大事ではあるけどシナリオ本編の邪魔にならないように作られたのです。			事典でございますか。ということは、/VAR/様にはかなり細かいところまでご覧いただけたということでしょうか。	では、少々メタい話ではありますが、この事典に隠された秘密をご紹介しましょう。	事典システムを作る上で、最も苦労したと言われているのが『見た』『見ない』を判別できるNewマークです。	このNewマークが不具合なく表示されるようにする処理に、泣きそうなくらいに時間を費やしたとか。	しかもその際、処理コードを書く上で文字列をつなげる記号である"++"が多用されたのです。	ですから作者が目を閉じると"New++"という文字が焼き付いて見えてしまうほどだったそうです。	New++……どこかでご覧になったことがございますよね？	そうです。この泣きそうなくらいにかじりついて何百回も見た"New++"が、そのままサークル名になったのです。	『新しいものにプラスする』意味ではないという、案外残念なサークル名の由来のご紹介でした。	雑談！　雑談！　嬉しいですわ！　まさに今、楽しんでいただけているということですものね。	この雑談システム、実は多くの方々から想像以上にご好評いただき、わたくしも驚いておりますの。	中にはこの世界には全く関係なかったり、わたくしの人権を脅かしかねない破廉恥なものも多々ありますもので……。	そういう箸休め的な感じで気分転換できるという意味では、存在意義も大きいと思いますわ。	ちなみに雑談システムが作られた理由は「中の人が判明してもあまり感情移入ができないから」だったそうです。	まあシナリオの隙間にわたくしが出てくるだけでは、あまりわたくしに興味を持っていただけませんものね……。	そのような脆弱性を改善するために、敢えてわたくしのプライベートに土足で入り込むような話題も盛り込まれたとか……。	まあ今となっては、こうして/VAR/様にも大変お気に召していただけたようなので、結果オーライですわね。	
容疑者の悲鳴①	529	030	Jusatsu Arc [Killing by Curse]	st163	5	20			528	2								4	2	5	5	8	3	何か私に聞きたいことはない？　3	/VAR/様への質問……。あとは……。	ぶっちゃけ、本作で良くないと思ったのはどれでしょう……？								シナリオが長すぎる	絵が下手	設定が複雑すぎる	教団の存在がイマイチ分からない									あーそれは確かにそうですね……。ノベルゲームでここまで極端に長くて、なおかつほとんど一本道ですからね。	さらにリファレンスや雑談をしっかり見ないと、永劫回帰編の結末にもたどり着けないという解禁仕様。	おそらく、ここまでたどり着いた方は全体で1割もいらっしゃらないのではないでしょうか。	それだけに/VAR/様にここまでお付き合いいただいて感謝しておりますわ。	なんて、この御礼ももう何度も申し上げておりますけどね。それ以上申し上げられることがございませんもの。					う……。1番痛いところをつかれましたわ……。	そう、制作者は絵の初心者です。シナリオは文字、サウンドはフリー素材を使い、その部分ではそれなりの体裁を保てるのですが……。	絵ばかりはごまかしようがございません。キャライラストなんかはフリー素材を使えるものではございませんし。	そもそも、キャラがシルエットメインなのも、そういった短所を少しでも減らす目的があったようですわ。	こう言ったら横暴かも知れませんが、本作は無料なので、我慢して目をつぶっていただければ……。					そうですね、ボリュームに比例して設定もなかなか複雑ですよね。	/小/まったく、制作者が全然プロット作らないからだ……。	/小/だから設定を継ぎ足し継ぎ足しして、結局自分でも設定がわけわからなくなって、何度もこの長編を見直す羽目になって……。	/小/あっちの設定を修正したらこっちの設定がおかしくなったり、矛盾がモリモリ出てきたり……。	/小/そりゃプレイヤーも困惑する設定になるはずだわ……。	あ、いえ、独り言ですわ。	複雑な設定が多々ございますが、制作者が丹精込めて作りましたので、どうぞご容赦いただければと存じます。	ほほほ。		なるほど、そう思われるのももっともですわ。根底にある設定でありながら、色々と不明な部分が多い。	しかし大変申し訳ございません。諸事情により、これについては詳しいお話ができないのが正直なところです。	ですので、そのような教団が存在していたと割り切ってご認識いただければ幸いです。						
容疑者の悲鳴①	530	031	Jusatsu Arc [Killing by Curse]	st163	5	10			27	2	529	4							2	8	5	9	5	セレジェイラ聖教で言えることだけ教えて	うーん、これについては本当に今はお話できることは少ないのです。	それでもよろしければ、少しだけお話致しますわ。								なぜ国とつながっている？	2020年時で存在している？	なぜ教団ができた？	女ケ沢市でドローガが作れた？									新村晃が将軍にドローガを献上しようとしたことがありましたね。その時の将軍の側近が、明治政府の高官になっていたのです。	彼は日本の軍力を増強する手助けになるかもしれないドローガを求めて飯沢県方面へ向かいました。	しかし彼がたどり着いたのは荒田集落ではなく、女ケ沢市でした。女ケ沢市はセレジェイラ聖教の本拠地です。	高官はセレジェイラ聖教と接触することとなり、ドローガにたどり着くことができました。ドローガが手に入れば、荒田集落に行く必要はないですからね。	こうしてセレジェイラ聖教は政府高官という強いパイプを手に入れることができ、高官を幹部として厚遇致しました。	そして高官の働きかけもあり、昭和になる頃にはセレジェイラ聖教は政府に強く介入できる体制が出来上がりました。	ただ、セレジェイラ聖教の目的はあくまでドローガを信仰し、信者たちの平和を守り続けることでしたので、政権を取ろうとはしませんでした。	だから、荒田集落に鉄道を敷くなんてこともできたんですね。		2020年時にもセレジェイラ聖教は女ケ沢市に存在しています。	ただ、ドローガの研究を行っていたときほどの勢力はございません。信仰しているのは数えられる程度の世帯数かと。	それだけに、現代の信者の信仰心は非常に強いようですわ。	ただ、ドローガが危険であることは過去の研究で判明済み。一体何を教義としているのか、謎ではありますが……。	ちょっとだけヒントを申し上げますと、女ケ沢市事件や新村栄一郎事故死は、結果的にどうなった、です。					これについては本編やリファレンスにも描写がございましたが、1730年頃、荒田集落の一部の住人がドローガの禁止に反対しました。	そして残っているドローガを持ち去り、集落を去り、女ケ沢へ移り住んだのです。	しかしドローガは非常に貴重な存在であり、誰が、いつ使うか、見極めが非常に重要になります。	そのために、ドローガの使用ルールが非常に厳しいものであったと推測されます。	ですから彼らはドローガを貴重なものとして崇め始めました。つまり、ドローガを神器とする宗教が出来上がったのです。	セレジェイラ聖教の信者にとってドローガを使えることは大変な名誉であり、使用者に選ばれるように、教団内で徳を積み、周囲の信頼と尊敬を得ることが教義となってきます。	しかし江戸時代が終わると戦争が頻繁に起こるようになり、信者たちを守るためには誰でもドローガを使えるようにするべきではとの考えが広がります。	こうしてドローガを科学的に分析することとなり、結果、ドローガは使用してはならないものと判明し、セレジェイラ聖教は廃れていきました。	これがセレジェイラ聖教の成立と衰退です。	彼らはドローガに頼った生活をしていたので、荒田集落以外でもドローガになる桜、つまり死月妖花の自生地を求めていたことでしょう。	つまり、女ケ沢が死月妖花の自生地であったということになります。しかし本編ではこのような記述はどこにも見られません。	ヒントとしましては、1730年頃、死月妖花は本来の目的のために何をしていたかを考えれば分かるかも知れません。	もう1つのヒントとして、女ケ沢の地理的な要因がございます。事典の場所をじっくり見ていただくと、分かるかも知れませんわ。	とはいえ現段階での推測は難しいかと存じます。これ以上はトップシークレットでございますので。				
#N/A																	2																																																																
