0000034C-00000353.lns:48	term-provisional	お姉ちゃん in narration = "Sis" per STYLE; V055 open (QP22-01)
0000034C-00000353.lns:51	term-provisional	嘘から出たまこと = "Truth born out of a lie" (QP22-03)
0000034C-00000353.lns:189	term-provisional	作戦第2弾 = "Operation, phase two" (QP22-02)
0000034C-00000353.lns:592	term-provisional	死神 = "shinigami" + TN per part-1 5.5 files; V014 open
0000034C-00000353.lns:675	pronoun-marked	あいつら kept as "those people": who they were is withheld (packet WITHHELD 11:232)
0000034C-00000353.lns:248	pronoun-marked	呪いをかけたんだ: no object supplied ("I cast a curse")
0000034C-0000242C.lns:48	term-provisional	お姉ちゃん in narration = "Sis" per STYLE; V055 open (QP22-01)
0000034C-0000242C.lns:179	term-provisional	作戦第2弾 = "Operation, phase two" (QP22-02)
0000034C-0000242C.lns:219	pronoun-marked	呪いをかけたんだ: no object supplied
0000034C-0000242C.lns:411	term-provisional	新村栄一郎 reading えいいちろう provisional (V037)
0000034C-0000242C.lns:518	term-provisional	死神 = "shinigami" + TN per part-1 5.5 files; V014 open
0000034C-0000242C.lns:594	pronoun-marked	あいつら kept as "those people": who they were is withheld
0000034C-000024C8.lns:48	term-provisional	お姉ちゃん in narration = "Sis" per STYLE; V055 open (QP22-01)
0000034C-000024C8.lns:177	term-provisional	作戦第2弾 = "Operation, phase two" (QP22-02)
0000034C-000024C8.lns:217	pronoun-marked	呪いをかけたんだ: no object supplied
0000034C-000024C8.lns:506	term-provisional	死神 = "shinigami" + TN per part-1 5.5 files; V014 open
0000034C-000024C8.lns:582	pronoun-marked	あいつら kept as "those people": who they were is withheld
