file_id	narrator_jp	start_time	source_column	note
00000024	古郡なつみ	祀耀800年 五月 五日 23:59	シナリオデータベース 連番 195: 解禁人物, 閲覧年月日	
000001DB	古郡なつみ	祀耀800年 四月 七日 16:00	シナリオデータベース 連番 85: 解禁人物, 閲覧年月日	
000001DD	古郡なつみ	祀耀800年 四月 八日 06:30	シナリオデータベース 連番 101: 解禁人物, 閲覧年月日	
000001DF	古郡なつみ	祀耀800年 四月 八日 08:20	シナリオデータベース 連番 104: 解禁人物, 閲覧年月日	
000001E1	古郡なつみ	祀耀800年 四月 八日 12:00	シナリオデータベース 連番 113: 解禁人物, 閲覧年月日	
000001E3	古郡なつみ	祀耀800年 四月 八日 12:20	シナリオデータベース 連番 116: 解禁人物, 閲覧年月日	
000001E5	古郡なつみ	祀耀800年 四月 八日 13:10	シナリオデータベース 連番 119: 解禁人物, 閲覧年月日	
000001E7	古郡なつみ	祀耀800年 四月 八日 14:00	シナリオデータベース 連番 129: 解禁人物, 閲覧年月日	
0000020B	五島絵梨奈	祀耀800年 四月 八日 19:00	シナリオデータベース 連番 154: 解禁人物, 閲覧年月日	
0000020D	五島絵梨奈	祀耀800年 四月 八日 19:10	シナリオデータベース 連番 157: 解禁人物, 閲覧年月日	
000002F6	五島絵梨奈	祀耀800年 四月 八日 19:10	シナリオデータベース 連番 158: 解禁人物, 閲覧年月日	
000002F8	五島絵梨奈	祀耀800年 四月 八日 19:40	シナリオデータベース 連番 160: 解禁人物, 閲覧年月日	
000002FA	五島絵梨奈	祀耀800年 四月 八日 20:00	シナリオデータベース 連番 163: 解禁人物, 閲覧年月日	
0000033D	五島絵梨奈	祀耀800年 四月 八日 20:20	シナリオデータベース 連番 168: 解禁人物, 閲覧年月日	
0000034C	五島絵梨奈	祀耀800年 四月 八日 20:40	シナリオデータベース 連番 171: 解禁人物, 閲覧年月日	
00000366	五島絵梨奈	祀耀800年 四月 八日 21:00	シナリオデータベース 連番 173: 解禁人物, 閲覧年月日	
0000037D	五島絵梨奈	祀耀800年 四月 九日 10:00	シナリオデータベース 連番 177: 解禁人物, 閲覧年月日	
00000460	五島絵梨奈	祀耀800年 四月 八日 09:50	シナリオデータベース 連番 203: 解禁人物, 閲覧年月日	
00000473	五島絵梨奈	祀耀800年 四月 八日 20:00	シナリオデータベース 連番 164: 解禁人物, 閲覧年月日	
00000488	五島絵梨奈	祀耀800年 四月 八日 20:20	シナリオデータベース 連番 169: 解禁人物, 閲覧年月日	
000004A7	五島絵梨奈	祀耀800年 四月 八日 14:00	シナリオデータベース 連番 131: 解禁人物, 閲覧年月日	
000004BB	古郡なつみ/五島絵梨奈	祀耀800年 四月 八日 16:00	シナリオデータベース 連番 137: 解禁人物, 閲覧年月日	
000004CF	古郡なつみ/五島絵梨奈	祀耀800年 四月 八日 16:20	シナリオデータベース 連番 140: 解禁人物, 閲覧年月日	
000004E3	古郡なつみ	祀耀800年 四月 八日 16:40	シナリオデータベース 連番 141: 解禁人物, 閲覧年月日	
000004F9	古郡なつみ/五島絵梨奈	祀耀800年 四月 八日 19:00	シナリオデータベース 連番 153: 解禁人物, 閲覧年月日	
0000050E	古郡なつみ	祀耀800年 四月 八日 19:10	シナリオデータベース 連番 156: 解禁人物, 閲覧年月日	
00000522	五島絵梨奈	祀耀800年 四月 八日 23:55	シナリオデータベース 連番 172: 解禁人物, 閲覧年月日	
00000538	古郡なつみ	祀耀800年 四月 八日 16:40	シナリオデータベース 連番 143: 解禁人物, 閲覧年月日	
00000550	古郡なつみ	祀耀800年 四月 八日 18:00	シナリオデータベース 連番 149: 解禁人物, 閲覧年月日	
00000564	古郡なつみ	祀耀800年 四月 八日 18:30	シナリオデータベース 連番 151: 解禁人物, 閲覧年月日	
0000057B	古郡なつみ	祀耀800年 四月 八日 23:55	シナリオデータベース 連番 204: 解禁人物, 閲覧年月日	
00000595	古郡なつみ	祀耀800年 四月 八日 13:15	シナリオデータベース 連番 122: 解禁人物, 閲覧年月日	
000005AC	古郡なつみ	祀耀800年 四月 八日 13:40	シナリオデータベース 連番 127: 解禁人物, 閲覧年月日	
000005C1	古郡なつみ	祀耀800年 四月 八日 15:00	シナリオデータベース 連番 138: 解禁人物, 閲覧年月日	
000005D6	古郡なつみ	祀耀800年 四月 八日 15:40	シナリオデータベース 連番 145: 解禁人物, 閲覧年月日	
000005EB	古郡なつみ	祀耀800年 四月 八日 16:40	シナリオデータベース 連番 147: 解禁人物, 閲覧年月日	
00000600	古郡なつみ	祀耀800年 四月 八日 18:00	シナリオデータベース 連番 205: 解禁人物, 閲覧年月日	
00000617	古郡なつみ/五島絵梨奈	祀耀800年 四月 八日 20:00	シナリオデータベース 連番 162: 解禁人物, 閲覧年月日	
0000062C	古郡なつみ	祀耀800年 四月 八日 20:30	シナリオデータベース 連番 170: 解禁人物, 閲覧年月日	
00000641	古郡なつみ	祀耀800年 四月 八日 21:00	シナリオデータベース 連番 206: 解禁人物, 閲覧年月日	
00000656	古郡なつみ	祀耀800年 五月 三日 13:00	シナリオデータベース 連番 202: 解禁人物, 閲覧年月日	
0000066B	新村春花	祀耀800年 四月 七日 15:00	シナリオデータベース 連番 84: 解禁人物, 閲覧年月日	
00000682	新村春花	祀耀800年 四月 七日 17:10	シナリオデータベース 連番 87: 解禁人物, 閲覧年月日	
00000697	新村春花	祀耀800年 四月 八日 06:30	シナリオデータベース 連番 102: 解禁人物, 閲覧年月日	
000006B2	新村春花	祀耀800年 四月 八日 12:00	シナリオデータベース 連番 114: 解禁人物, 閲覧年月日	
000006C9	新村春花	祀耀800年 四月 八日 12:20	シナリオデータベース 連番 117: 解禁人物, 閲覧年月日	
000006E0	新村春花	祀耀800年 四月 八日 13:10	シナリオデータベース 連番 120: 解禁人物, 閲覧年月日	
000006F9	新村春花	祀耀800年 四月 八日 13:40	シナリオデータベース 連番 125: 解禁人物, 閲覧年月日	
00000716	新村春花	祀耀800年 四月 八日 13:50	シナリオデータベース 連番 128: 解禁人物, 閲覧年月日	
00000731	新村春花	祀耀800年 四月 八日 14:10	シナリオデータベース 連番 132: 解禁人物, 閲覧年月日	
00000749	新村春花	祀耀800年 四月 八日 14:30	シナリオデータベース 連番 134: 解禁人物, 閲覧年月日	
00000761	新村春花	祀耀800年 四月 八日 14:50	シナリオデータベース 連番 136: 解禁人物, 閲覧年月日	
00000779	？？？？	祀耀800年 四月 八日 17:00	シナリオデータベース 連番 148: 解禁人物, 閲覧年月日	
000007A5	新村春花	祀耀800年 五月 五日 10:30	シナリオデータベース 連番 207: 解禁人物, 閲覧年月日	
000007BC	新村美冬	祀耀764年 八月 八日 18:30	シナリオデータベース 連番 13: 解禁人物, 閲覧年月日	
000007D3	新村美冬	祀耀778年一一月二二日 18:00	シナリオデータベース 連番 208: 解禁人物, 閲覧年月日	
000007EA	新村美冬	祀耀778年一一月二三日 16:00	シナリオデータベース 連番 209: 解禁人物, 閲覧年月日	
00000801	新村美冬	祀耀778年一一月二四日 16:00	シナリオデータベース 連番 210: 解禁人物, 閲覧年月日	
00000818	新村美冬	祀耀781年一一月二四日 14:00	シナリオデータベース 連番 14: 解禁人物, 閲覧年月日	
0000082F	古郡良治	祀耀788年 四月 八日 12:00	シナリオデータベース 連番 15: 解禁人物, 閲覧年月日	
00000846	古郡良治	祀耀790年 四月 六日 07:30	シナリオデータベース 連番 25: 解禁人物, 閲覧年月日	
0000085D	古郡良治	祀耀790年 四月 六日 18:30	シナリオデータベース 連番 27: 解禁人物, 閲覧年月日	
00000874	古郡良治	祀耀790年 四月 六日 20:00	シナリオデータベース 連番 28: 解禁人物, 閲覧年月日	
0000088B	古郡良治	祀耀790年 四月 七日 14:00	シナリオデータベース 連番 29: 解禁人物, 閲覧年月日	
000008A2	古郡良治	祀耀790年 四月 七日 22:10	シナリオデータベース 連番 30: 解禁人物, 閲覧年月日	
000008B9	古郡良治	祀耀790年 四月 八日 05:00	シナリオデータベース 連番 31: 解禁人物, 閲覧年月日	
000008D0	古郡良治	祀耀790年 四月 八日 20:00	シナリオデータベース 連番 32: 解禁人物, 閲覧年月日	
000008E8	古郡良治	祀耀790年 四月 九日 00:00	シナリオデータベース 連番 33: 解禁人物, 閲覧年月日	
00000900	古郡なつみ	祀耀800年 四月 七日 09:30	シナリオデータベース 連番 78: 解禁人物, 閲覧年月日	
00000916	古郡なつみ	祀耀800年 四月 七日 11:00	シナリオデータベース 連番 82: 解禁人物, 閲覧年月日	
0000092D	古郡なつみ	祀耀800年 四月 七日 12:40	シナリオデータベース 連番 83: 解禁人物, 閲覧年月日	
00000944	古郡なつみ	祀耀800年 四月 七日 17:00	シナリオデータベース 連番 89: 解禁人物, 閲覧年月日	
0000095B	古郡なつみ	祀耀800年 四月 七日 18:00	シナリオデータベース 連番 211: 解禁人物, 閲覧年月日	
00000972	古郡なつみ	祀耀800年 四月 七日 18:30	シナリオデータベース 連番 90: 解禁人物, 閲覧年月日	
00000989	古郡なつみ	祀耀800年 四月 七日 19:20	シナリオデータベース 連番 92: 解禁人物, 閲覧年月日	
000009A0	古郡なつみ	祀耀800年 四月 七日 19:30	シナリオデータベース 連番 94: 解禁人物, 閲覧年月日	
000009B7	古郡なつみ	祀耀800年 四月 七日 19:45	シナリオデータベース 連番 95: 解禁人物, 閲覧年月日	
000009CF	古郡なつみ	祀耀800年 四月 七日 20:00	シナリオデータベース 連番 96: 解禁人物, 閲覧年月日	
000009E6	古郡なつみ	祀耀800年 四月 七日 20:15	シナリオデータベース 連番 97: 解禁人物, 閲覧年月日	
000009FE	古郡なつみ	祀耀800年 四月 七日 20:30	シナリオデータベース 連番 98: 解禁人物, 閲覧年月日	
00000A18	古郡なつみ	祀耀800年 四月 七日 20:45	シナリオデータベース 連番 99: 解禁人物, 閲覧年月日	
00000A30	古郡なつみ	祀耀800年 四月 七日 21:00	シナリオデータベース 連番 212: 解禁人物, 閲覧年月日	
00000A48	古郡なつみ	祀耀800年 四月 七日 22:00	シナリオデータベース 連番 100: 解禁人物, 閲覧年月日	
00000A62	古郡なつみ	祀耀800年 四月 七日 22:10	シナリオデータベース 連番 213: 解禁人物, 閲覧年月日	
00000A7C	新村春花	祀耀800年 四月 七日 23:00	シナリオデータベース 連番 214: 解禁人物, 閲覧年月日	
00000A94	古郡なつみ	祀耀800年 四月 七日 23:10	シナリオデータベース 連番 215: 解禁人物, 閲覧年月日	
00000AAC	古郡なつみ	祀耀800年 四月 七日 23:20	シナリオデータベース 連番 216: 解禁人物, 閲覧年月日	
00000AC4	古郡なつみ	祀耀800年 四月 七日 23:50	シナリオデータベース 連番 217: 解禁人物, 閲覧年月日	
00000ADE	古郡なつみ	祀耀800年 四月 八日 00:10	シナリオデータベース 連番 218: 解禁人物, 閲覧年月日	
00000AF7	古郡なつみ	祀耀800年 四月 七日 22:10	シナリオデータベース 連番 219: 解禁人物, 閲覧年月日	
00000B0F	古郡なつみ	祀耀800年 四月 七日 22:30	シナリオデータベース 連番 220: 解禁人物, 閲覧年月日	
00000B27	古郡なつみ	祀耀800年 四月 七日 23:00	シナリオデータベース 連番 221: 解禁人物, 閲覧年月日	
00000B3F	新村春花	祀耀800年 四月 七日 23:15	シナリオデータベース 連番 222: 解禁人物, 閲覧年月日	
00000B57	新村春花	祀耀800年 四月 七日 23:25	シナリオデータベース 連番 223: 解禁人物, 閲覧年月日	
00000B6F	五島絵梨奈	祀耀800年 四月 七日 23:25	シナリオデータベース 連番 224: 解禁人物, 閲覧年月日	
00000B87	五島絵梨奈	祀耀800年 四月 七日 23:40	シナリオデータベース 連番 225: 解禁人物, 閲覧年月日	
00000B9F	新村春花	祀耀800年 四月 八日 00:00	シナリオデータベース 連番 226: 解禁人物, 閲覧年月日	
00000BB7	五島絵梨奈	祀耀800年 四月 八日 06:00	シナリオデータベース 連番 227: 解禁人物, 閲覧年月日	
00000BD6	古郡なつみ	祀耀800年 四月 七日 12:40	シナリオデータベース 連番 228: 解禁人物, 閲覧年月日	
00000BED	古郡なつみ	祀耀800年 四月 七日 17:45	シナリオデータベース 連番 229: 解禁人物, 閲覧年月日	
00000C08	古郡なつみ	祀耀800年 四月 七日 18:30	シナリオデータベース 連番 230: 解禁人物, 閲覧年月日	
00000C21	古郡なつみ	祀耀800年 四月 七日 19:00	シナリオデータベース 連番 231: 解禁人物, 閲覧年月日	
00000C38	古郡なつみ	祀耀800年 四月 七日 19:20	シナリオデータベース 連番 232: 解禁人物, 閲覧年月日	
00000C50	古郡なつみ	祀耀800年 四月 七日 19:40	シナリオデータベース 連番 233: 解禁人物, 閲覧年月日	
00000C68	古郡なつみ	祀耀800年 四月 七日 20:00	シナリオデータベース 連番 234: 解禁人物, 閲覧年月日	
00000C81	古郡なつみ	祀耀800年 四月 七日 20:15	シナリオデータベース 連番 235: 解禁人物, 閲覧年月日	
00000CB3	古郡良治	祀耀790年 四月 七日 22:10	シナリオデータベース 連番 236: 解禁人物, 閲覧年月日	
00000CCA	古郡良治	祀耀790年 四月 八日 16:00	シナリオデータベース 連番 237: 解禁人物, 閲覧年月日	
00000CE3	古郡良治	祀耀800年 三月二七日 19:00	シナリオデータベース 連番 70: 解禁人物, 閲覧年月日	
00000CFA	新村美冬	祀耀800年 四月 七日 18:30	シナリオデータベース 連番 88: 解禁人物, 閲覧年月日	
00000D11	古郡なつみ	祀耀800年 四月 七日 20:30	シナリオデータベース 連番 91: 解禁人物, 閲覧年月日	
00000D29	古郡なつみ	祀耀800年 四月 七日 21:20	シナリオデータベース 連番 118: 解禁人物, 閲覧年月日	
00000D41	古郡なつみ	祀耀800年 四月 七日 22:00	シナリオデータベース 連番 238: 解禁人物, 閲覧年月日	
00000D59	古郡なつみ	祀耀800年 四月 七日 23:50	シナリオデータベース 連番 239: 解禁人物, 閲覧年月日	
00000D71	古郡なつみ	祀耀800年 四月 八日 06:00	シナリオデータベース 連番 240: 解禁人物, 閲覧年月日	
00000D89	古郡なつみ	祀耀800年 四月 八日 06:30	シナリオデータベース 連番 241: 解禁人物, 閲覧年月日	
00000DA1	古郡なつみ	祀耀800年 四月 八日 07:30	シナリオデータベース 連番 242: 解禁人物, 閲覧年月日	
00000DB9	古郡なつみ	祀耀800年 四月 八日 08:20	シナリオデータベース 連番 243: 解禁人物, 閲覧年月日	
00000DD1	古郡なつみ	祀耀800年 四月 八日 09:00	シナリオデータベース 連番 103: 解禁人物, 閲覧年月日	
00000DE9	古郡なつみ	祀耀800年 四月 八日 10:00	シナリオデータベース 連番 105: 解禁人物, 閲覧年月日	
00000E01	古郡なつみ	祀耀800年 四月 八日 10:40	シナリオデータベース 連番 107: 解禁人物, 閲覧年月日	
00000E19	古郡なつみ	祀耀800年 四月 八日 11:30	シナリオデータベース 連番 111: 解禁人物, 閲覧年月日	
00000E31	古郡なつみ	祀耀800年 四月 八日 13:30	シナリオデータベース 連番 124: 解禁人物, 閲覧年月日	
00000E49	古郡なつみ	祀耀800年 四月 八日 14:00	シナリオデータベース 連番 108: 解禁人物, 閲覧年月日	
00000E61	新村春花	祀耀800年 四月 八日 17:30	シナリオデータベース 連番 244: 解禁人物, 閲覧年月日	
00000E7B	五島桃子	縺ｧ縺ｯ蜍晄焔縺ｫ譁	シナリオデータベース 連番 245: 解禁人物, 閲覧年月日	
00000E95	古郡なつみ	祀耀800年 五月 三日 13:00	シナリオデータベース 連番 183: 解禁人物, 閲覧年月日	
00000EAF	五島絵梨奈	縺ｧ縺ｯ蜍晄焔縺ｫ譁	シナリオデータベース 連番 246: 解禁人物, 閲覧年月日	
00000EC7	古郡なつみ	祀耀800年 五月 三日 21:00	シナリオデータベース 連番 188: 解禁人物, 閲覧年月日	
00000EDF	五島絵梨奈	縺ｧ縺ｯ蜍晄焔縺ｫ譁	シナリオデータベース 連番 247: 解禁人物, 閲覧年月日	
00000EF6	古郡なつみ	縺ｧ縺ｯ蜍晄焔縺ｫ譁	シナリオデータベース 連番 248: 解禁人物, 閲覧年月日	
00000F0D	新村夏菜/伊勢大二郎	縺ｧ縺ｯ蜍晄焔縺ｫ譁	シナリオデータベース 連番 249: 解禁人物, 閲覧年月日	
00000F24	新村春花	縺ｧ縺ｯ蜍晄焔縺ｫ譁	シナリオデータベース 連番 250: 解禁人物, 閲覧年月日	
00000F40	新村春花	祀耀800年 五月 三日 13:00	シナリオデータベース 連番 184: 解禁人物, 閲覧年月日	
00000F57	新村春花	祀耀800年 五月 三日 15:00	シナリオデータベース 連番 187: 解禁人物, 閲覧年月日	
00000F6F	五島絵梨奈	祀耀800年 五月 三日 13:00	シナリオデータベース 連番 185: 解禁人物, 閲覧年月日	
00000F87	五島絵梨奈	祀耀800年 五月 三日 22:30	シナリオデータベース 連番 189: 解禁人物, 閲覧年月日	
00000F9F	古郡なつみ	祀耀800年 五月 四日 17:00	シナリオデータベース 連番 191: 解禁人物, 閲覧年月日	
00000FB7	新村春花	祀耀800年 五月 四日 20:00	シナリオデータベース 連番 193: 解禁人物, 閲覧年月日	
00000FCF	古郡なつみ	祀耀800年 五月 四日 23:00	シナリオデータベース 連番 194: 解禁人物, 閲覧年月日	
0000104E	五島絵梨奈	祀耀800年 五月 五日 04:44	シナリオデータベース 連番 255: 解禁人物, 閲覧年月日	
0000107B	皇子	祀耀1年 四月 八日 16:00	シナリオデータベース 連番 1: 解禁人物, 閲覧年月日	
00001092	足軽	祀耀309年一二月二四日 15:30	シナリオデータベース 連番 3: 解禁人物, 閲覧年月日	
000010AA	足軽	祀耀310年 四月 四日 14:00	シナリオデータベース 連番 4: 解禁人物, 閲覧年月日	
000010C3	内府	祀耀340年 三月二八日 10:00	シナリオデータベース 連番 7: 解禁人物, 閲覧年月日	
000010DD	新村栄一郎	祀耀772年 四月 三日 15:00	シナリオデータベース 連番 254: 解禁人物, 閲覧年月日	
000010F5	新村サクラ	祀耀790年 四月 三日 14:30	シナリオデータベース 連番 256: 解禁人物, 閲覧年月日	
0000110D	新村茅萱	祀耀800年 三月二八日 17:00	シナリオデータベース 連番 257: 解禁人物, 閲覧年月日	
00001124	新村茅萱	祀耀800年 三月二九日 11:00	シナリオデータベース 連番 258: 解禁人物, 閲覧年月日	
0000113D	新村茅萱	祀耀800年 三月二九日 12:40	シナリオデータベース 連番 259: 解禁人物, 閲覧年月日	
00001154	新村茅萱	祀耀800年 三月二九日 15:00	シナリオデータベース 連番 260: 解禁人物, 閲覧年月日	
0000116C	新村茅萱	祀耀800年 三月二九日 15:20	シナリオデータベース 連番 261: 解禁人物, 閲覧年月日	
00001184	新村茅萱	祀耀800年 三月二九日 19:00	シナリオデータベース 連番 262: 解禁人物, 閲覧年月日	
0000119C	新村茅萱	祀耀800年 四月 一日 12:00	シナリオデータベース 連番 263: 解禁人物, 閲覧年月日	
000011B4	新村茅萱	祀耀800年 四月 五日 16:00	シナリオデータベース 連番 264: 解禁人物, 閲覧年月日	
000011CC	新村春花	祀耀800年 四月 七日 16:00	シナリオデータベース 連番 265: 解禁人物, 閲覧年月日	
000011E3	新村春花	祀耀800年 四月 七日 17:45	シナリオデータベース 連番 266: 解禁人物, 閲覧年月日	
000011FA	新村春花	祀耀800年 四月 七日 18:30	シナリオデータベース 連番 267: 解禁人物, 閲覧年月日	
00001214	新村春花	祀耀800年 四月 七日 18:45	シナリオデータベース 連番 268: 解禁人物, 閲覧年月日	
0000122E	新村春花	祀耀800年 四月 七日 19:10	シナリオデータベース 連番 270: 解禁人物, 閲覧年月日	
00001247	五島絵梨奈	祀耀800年 四月 七日 20:00	シナリオデータベース 連番 273: 解禁人物, 閲覧年月日	
0000125E	新村春花	祀耀800年 四月 七日 20:00	シナリオデータベース 連番 272: 解禁人物, 閲覧年月日	
0000127A	新村春花	祀耀800年 四月 七日 20:30	シナリオデータベース 連番 275: 解禁人物, 閲覧年月日	
00001295	古郡なつみ	祀耀800年 四月 七日 18:45	シナリオデータベース 連番 269: 解禁人物, 閲覧年月日	
000012AD	古郡なつみ	祀耀800年 四月 七日 19:10	シナリオデータベース 連番 271: 解禁人物, 閲覧年月日	
000012C5	五島絵梨奈	祀耀800年 四月 七日 20:30	シナリオデータベース 連番 277: 解禁人物, 閲覧年月日	
000012DE	五島絵梨奈	祀耀800年 四月 七日 21:30	シナリオデータベース 連番 278: 解禁人物, 閲覧年月日	
000012F5	新村茅萱	祀耀800年 四月 五日 20:00	シナリオデータベース 連番 279: 解禁人物, 閲覧年月日	
0000130D	新村茅萱	祀耀800年 四月 六日 13:00	シナリオデータベース 連番 280: 解禁人物, 閲覧年月日	
00001325	新村茅萱	祀耀800年 四月 六日 15:15	シナリオデータベース 連番 281: 解禁人物, 閲覧年月日	
0000133D	新村茅萱	祀耀800年 四月 六日 16:00	シナリオデータベース 連番 282: 解禁人物, 閲覧年月日	
00001355	新村茅萱	祀耀800年 四月 六日 17:00	シナリオデータベース 連番 283: 解禁人物, 閲覧年月日	
0000136D	新村茅萱	祀耀800年 四月 六日 18:00	シナリオデータベース 連番 284: 解禁人物, 閲覧年月日	
00001385	新村茅萱	祀耀800年 四月 六日 21:00	シナリオデータベース 連番 285: 解禁人物, 閲覧年月日	
0000139D	新村茅萱	祀耀800年 四月 七日 10:00	シナリオデータベース 連番 287: 解禁人物, 閲覧年月日	
000013B5	新村茅萱	祀耀800年 四月 七日 19:50	シナリオデータベース 連番 286: 解禁人物, 閲覧年月日	
000013CD	新村茅萱	祀耀800年 四月 七日 20:30	シナリオデータベース 連番 288: 解禁人物, 閲覧年月日	
000013E6	五島絵梨奈	祀耀800年 四月 七日 21:45	シナリオデータベース 連番 290: 解禁人物, 閲覧年月日	
000013FD	五島絵梨奈	祀耀800年 四月 七日 21:55	シナリオデータベース 連番 291: 解禁人物, 閲覧年月日	
00001414	五島絵梨奈	祀耀800年 四月 七日 22:30	シナリオデータベース 連番 292: 解禁人物, 閲覧年月日	
0000142B	五島絵梨奈	祀耀800年 四月 七日 23:00	シナリオデータベース 連番 293: 解禁人物, 閲覧年月日	
00001442	新村春花	祀耀800年 四月 七日 21:00	シナリオデータベース 連番 294: 解禁人物, 閲覧年月日	
00001459	新村春花	祀耀800年 四月 七日 22:10	シナリオデータベース 連番 295: 解禁人物, 閲覧年月日	
00001477	古郡なつみ	祀耀800年 四月 七日 20:30	シナリオデータベース 連番 296: 解禁人物, 閲覧年月日	
0000148E	古郡なつみ	祀耀800年 四月 七日 21:30	シナリオデータベース 連番 297: 解禁人物, 閲覧年月日	
000014A5	古郡なつみ	祀耀800年 四月 七日 22:10	シナリオデータベース 連番 298: 解禁人物, 閲覧年月日	
000014BC	古郡なつみ	祀耀800年 四月 七日 23:30	シナリオデータベース 連番 299: 解禁人物, 閲覧年月日	
000014D7	古郡なつみ	祀耀800年 四月 八日 00:00	シナリオデータベース 連番 276: 解禁人物, 閲覧年月日	
000014EE	古郡なつみ	祀耀800年 四月 八日 01:30	シナリオデータベース 連番 300: 解禁人物, 閲覧年月日	
00001505	古郡なつみ	祀耀800年 四月 八日 02:00	シナリオデータベース 連番 301: 解禁人物, 閲覧年月日	
0000151C	古郡なつみ	祀耀800年 四月 八日 02:10	シナリオデータベース 連番 302: 解禁人物, 閲覧年月日	
00001533	古郡なつみ	祀耀800年 四月一三日 06:30	シナリオデータベース 連番 303: 解禁人物, 閲覧年月日	
0000154E	新村茅萱	祀耀800年 四月 八日 10:40	シナリオデータベース 連番 304: 解禁人物, 閲覧年月日	
0000156A	古郡茜	縺ｧ縺ｯ蜍晄焔縺ｫ譁	シナリオデータベース 連番 305: 解禁人物, 閲覧年月日	
000016AE	五島絵梨奈	祀耀800年 四月 八日 10:40	シナリオデータベース 連番 306: 解禁人物, 閲覧年月日	
0000191C	五島絵梨奈	祀耀800年 四月 七日 16:00	シナリオデータベース 連番 307: 解禁人物, 閲覧年月日	
00001AC1	古郡良治	祀耀790年 五月 一日 10:00	シナリオデータベース 連番 34: 解禁人物, 閲覧年月日	
00001B70	五島絵梨奈	祀耀800年 四月 七日 20:30	シナリオデータベース 連番 308: 解禁人物, 閲覧年月日	
00001B76	五島絵梨奈	祀耀800年 四月 七日 21:25	シナリオデータベース 連番 309: 解禁人物, 閲覧年月日	
00001C5D	五島絵梨奈	祀耀800年 五月 四日 19:00	シナリオデータベース 連番 310: 解禁人物, 閲覧年月日	
00001E41	不明	祀耀900年 四月 八日 12:00	シナリオデータベース 連番 289: 解禁人物, 閲覧年月日	
00001EFF	新村茅萱	祀耀800年 四月 八日 11:30	シナリオデータベース 連番 311: 解禁人物, 閲覧年月日	
000021FE	五島絵梨奈	Unknown Date	シナリオデータベース 連番 312: 解禁人物, 閲覧年月日	
00002225	新村春花	祀耀801年 四月 八日 17:00	シナリオデータベース 連番 313: 解禁人物, 閲覧年月日	
00002340	新村春花	祀耀800年 五月 五日 07:00	シナリオデータベース 連番 315: 解禁人物, 閲覧年月日	
