file_id	block	reason
00000024	41	no path from label 0 or any incoming Jump/Call/PCReset (reach.py); empty block
00000024	57	no path from label 0 or any incoming Jump/Call/PCReset (reach.py); empty block
00000024	63	no path from label 0 or any incoming Jump/Call/PCReset (reach.py); empty block
00000024	67	no path from label 0 or any incoming Jump/Call/PCReset (reach.py); near-duplicate of block 16
000001DB	21	no path from label 0 or any incoming Jump/Call/PCReset (reach.py); variant of block 15; only blocks 11 and 15 play
000001DB	26	no path from label 0 or any incoming Jump/Call/PCReset (reach.py); empty block; only blocks 11 and 15 play
000001DB	30	no path from label 0 or any incoming Jump/Call/PCReset (reach.py); variant of block 15; only blocks 11 and 15 play
000001DB	36	no path from label 0 or any incoming Jump/Call/PCReset (reach.py); 隠しテキスト (backlog-image) cells after an unreached label
000001DB	41	no path from label 0 or any incoming Jump/Call/PCReset (reach.py); 隠しテキスト (backlog-image) cells after an unreached label
000001DB	46	no path from label 0 or any incoming Jump/Call/PCReset (reach.py); 隠しテキスト (backlog-image) cells after an unreached label
000001DB	51	no path from label 0 or any incoming Jump/Call/PCReset (reach.py); 隠しテキスト (backlog-image) cells after an unreached label
0000034C	11	no path from label 0 or any incoming Jump/Call/PCReset (reach.py); dead variant: command 4 jumps unconditionally (Calc=1) to block 17, the live twin; no variable selects it
0000034C	23	no path from label 0 or any incoming Jump/Call/PCReset (reach.py); dead variant: command 4 jumps unconditionally (Calc=1) to block 17, the live twin; no variable selects it
